case,split,domain,initial_context,seed,mode,policy,committed,cycles,draft_cycles,rejections,proposed,accepted,target_ms,draft_ms,verify_ms,recovery_ms,total_ms,ms_per_token,simulated_tps,host_simulator_seconds,depth_0_cycles,depth_1_cycles,depth_2_cycles,depth_3_cycles,depth_4_cycles,depth_5_cycles
tune-code-256,tune,code,256,0,resident_seed_batch,ordinary,256,256,0,0,0,0,5200.584414076657,0.0,0.0,0.0,5200.584414076657,20.31478286748694,49.22523693819357,0.0003523749765008688,256,0,0,0,0,0
tune-code-256,tune,code,256,0,resident_seed_batch,default,256,70,61,38,305,186,182.48042905985835,423.82287802759697,1702.9253034016742,75.88430991607324,2385.1129204052036,9.316847345332826,107.33244443475175,0.00020595797104761004,9,0,0,0,0,61
tune-code-256,tune,code,256,0,resident_seed_batch,existing_cost_gate,256,70,61,38,305,186,182.48042905985835,423.82287802759697,1702.9253034016742,75.88430991607324,2385.1129204052036,9.316847345332826,107.33244443475175,0.00016745796892791986,9,0,0,0,0,61
tune-code-256,tune,code,256,0,resident_seed_batch,fixed_1,256,136,136,16,134,120,2773.896646505062,449.3258749079491,2269.107233130443,0.0,5492.329754543453,21.454413103685365,46.61045702658832,0.00018350000027567148,0,136,0,0,0,0
tune-code-256,tune,code,256,0,resident_seed_batch,fixed_2,256,98,98,24,195,158,2026.0654235651182,416.6751903041658,1775.9611190252622,22.15329311043256,4240.855026004979,16.56583994533195,60.3651854237423,0.00011495902435854077,0,1,97,0,0,0
tune-code-256,tune,code,256,0,resident_seed_batch,fixed_3,256,76,76,23,223,180,38.31221652458202,390.46722185159643,1836.6097631453533,44.59446867834426,2309.9836701998756,9.023373711718264,110.8232942520538,0.00010566599667072296,0,1,0,75,0,0
tune-code-256,tune,code,256,0,resident_seed_batch,fixed_4,256,73,73,39,280,183,56.47455058427597,432.1451985463071,1833.0470410348446,74.21430740520755,2395.8810975706356,9.358910537385295,106.85004371025661,0.00010208401363343,0,1,0,1,71,0
tune-code-256,tune,code,256,0,resident_seed_batch,fixed_5,256,65,65,41,319,191,20.287073788785733,446.60601398940844,1808.257529785387,82.13552108947333,2357.286138653055,9.208148979113496,108.59945926898696,8.779199561104178e-05,0,1,0,1,0,63
tune-code-256,tune,code,256,0,resident_seed_batch,candidate,256,86,74,26,229,170,380.9898800330388,393.13498900412367,1775.9067217842537,48.297754901345925,2598.329345722763,10.149724006729542,98.52484652163673,0.000208082958124578,12,3,2,50,17,2
tune-code-256,tune,code,256,1,resident_seed_batch,ordinary,256,256,0,0,0,0,5216.562232860747,0.0,0.0,0.0,5216.562232860747,20.377196222112293,49.07446486258257,0.00015716697089374065,256,0,0,0,0,0
tune-code-256,tune,code,256,1,resident_seed_batch,default,256,67,59,35,290,189,182.8706541063609,410.09336931897764,1619.6328935538356,68.51639921702079,2281.1133161961952,8.910598891391388,112.22590223044483,0.00012808304745703936,8,0,0,0,0,59
tune-code-256,tune,code,256,1,resident_seed_batch,existing_cost_gate,256,67,59,35,290,189,182.8706541063609,410.09336931897764,1619.6328935538356,68.51639921702079,2281.1133161961952,8.910598891391388,112.22590223044483,0.0001239590346813202,8,0,0,0,0,59
tune-code-256,tune,code,256,1,resident_seed_batch,fixed_1,256,134,134,12,132,122,2729.1618859783093,442.0754691361355,2303.0589701154126,0.0,5474.296325229858,21.383970020429132,46.76400121421102,7.437501335516572e-05,0,134,0,0,0,0
tune-code-256,tune,code,256,1,resident_seed_batch,fixed_2,256,99,99,27,193,157,2029.746867371298,417.5524621222215,1784.2827361707373,28.722090519834353,4260.304156184089,16.6418131100941,60.089606425963865,5.4333009757101536e-05,0,1,98,0,0,0
tune-code-256,tune,code,256,1,resident_seed_batch,fixed_3,256,77,77,25,223,179,61.96174307671508,391.46188305863654,1813.5988741340254,46.64011008403753,2313.662610353415,9.037744571693027,110.64707483901279,4.3791020289063454e-05,0,1,0,76,0,0
tune-code-256,tune,code,256,1,resident_seed_batch,fixed_4,256,64,64,29,252,192,21.49336462356146,380.61151253450686,1654.4131752067385,57.41581830686832,2113.933870671675,8.25755418231123,121.10123384259856,3.591598942875862e-05,0,1,0,1,62,0
tune-code-256,tune,code,256,1,resident_seed_batch,fixed_5,256,64,64,39,308,192,40.855222581236156,437.00308439310896,1742.0886831485209,76.3449050443648,2296.291895167231,8.969890215496996,111.48408464044873,3.366597229614854e-05,0,1,0,1,1,61
tune-code-256,tune,code,256,1,resident_seed_batch,candidate,256,74,62,26,235,182,351.2858187986171,363.8642677392329,1571.7519002013303,49.925473965977694,2336.8274607051576,9.128232268379522,109.55023608065177,0.0001027500256896019,12,3,2,2,53,2
tune-code-256,tune,code,256,2,resident_seed_batch,ordinary,256,256,0,0,0,0,5241.747930662466,0.0,0.0,0.0,5241.747930662466,20.47557785415026,48.83867049433757,0.00013237498933449388,256,0,0,0,0,0
tune-code-256,tune,code,256,2,resident_seed_batch,default,256,95,49,27,235,161,994.4951050192012,337.8311305390146,1300.6830281425541,49.88096352164564,2682.8902272224163,10.480039950087564,95.41948358619041,0.00014183297753334045,46,0,0,0,0,49
tune-code-256,tune,code,256,2,resident_seed_batch,existing_cost_gate,256,85,56,35,265,171,650.6192853210164,388.82321014159845,1475.4678457364864,64.51102101055433,2579.4213622096563,10.07586469613147,99.24706515599999,0.00012679101200774312,29,0,0,0,0,56
tune-code-256,tune,code,256,2,resident_seed_batch,fixed_1,256,137,136,17,132,119,2759.821348515151,444.07651611025375,2213.359536125695,0.0,5417.257400751099,21.161161721683982,47.256384746367374,6.754201604053378e-05,1,136,0,0,0,0
tune-code-256,tune,code,256,2,resident_seed_batch,fixed_2,256,99,98,26,186,157,2003.9279671850873,409.2871885104632,1738.4687183083017,27.029245881411303,4178.713119885265,16.323098124551816,61.26287989997959,4.837499000132084e-05,1,0,98,0,0,0
tune-code-256,tune,code,256,2,resident_seed_batch,fixed_3,256,78,78,27,220,178,107.11052837248738,393.9774120517028,1770.5856555450962,46.77008154696248,2318.4436775162494,9.05642061529785,110.41889974840925,3.645900869742036e-05,0,1,0,77,0,0
tune-code-256,tune,code,256,2,resident_seed_batch,fixed_4,256,68,67,32,262,188,60.54952779292812,402.6109734004891,1718.387157434811,63.37506871470344,2244.922727342931,8.769229403683324,114.03510547688167,3.2167008612304926e-05,1,0,1,0,66,0
tune-code-256,tune,code,256,2,resident_seed_batch,fixed_5,256,61,60,33,287,195,81.44904163240352,413.0311970748856,1605.8121108393789,62.32838952056991,2162.620739067237,8.447737261981395,118.37489365352877,2.6209047064185143e-05,1,0,1,0,0,59
tune-code-256,tune,code,256,2,resident_seed_batch,candidate,256,90,78,31,224,166,410.1988100329791,398.9633055606665,1762.182715183852,52.35779434447715,2623.702625121974,10.248838379382711,97.5720333351798,0.00010624999413266778,12,3,2,67,4,2
tune-code-256,tune,code,256,3,resident_seed_batch,ordinary,256,256,0,0,0,0,5226.134542820738,0.0,0.0,0.0,5226.134542820738,20.414588057893507,48.98457892778002,0.0001355419517494738,256,0,0,0,0,0
tune-code-256,tune,code,256,3,resident_seed_batch,default,256,69,59,35,290,187,223.57967753138684,406.2838225969158,1606.2131912925513,68.2818921953612,2304.358583616214,9.001400717250837,111.09382099649653,0.00010324997128918767,10,0,0,0,0,59
tune-code-256,tune,code,256,3,resident_seed_batch,existing_cost_gate,256,69,59,35,290,187,223.57967753138684,406.2838225969158,1606.2131912925513,68.2818921953612,2304.358583616214,9.001400717250837,111.09382099649653,0.00010541698429733515,10,0,0,0,0,59
tune-code-256,tune,code,256,3,resident_seed_batch,fixed_1,256,133,133,10,130,123,2710.8828619726937,439.15221424322124,2325.1122122784154,0.0,5475.147288494328,21.387294095680968,46.75673301756971,6.612500874325633e-05,0,133,0,0,0,0
tune-code-256,tune,code,256,3,resident_seed_batch,fixed_2,256,97,97,25,192,159,1985.080785190642,409.27133579191633,1807.7245155631142,29.5386895993523,4231.615326145026,16.52974736775401,60.49699234670612,5.4541975259780884e-05,0,0,97,0,0,0
tune-code-256,tune,code,256,3,resident_seed_batch,fixed_3,256,78,78,27,223,178,81.23160351897131,399.19545877653195,1823.5025754676217,47.86491456058804,2351.7945523237136,9.186697470014506,108.85304575055534,3.68330511264503e-05,0,1,0,77,0,0
tune-code-256,tune,code,256,3,resident_seed_batch,fixed_4,256,66,66,30,263,190,0.0,394.45125329212414,1709.5359454433644,58.61891589810179,2162.6061146335906,8.447680135287463,118.3756941533359,3.104202914983034e-05,0,0,0,1,65,0
tune-code-256,tune,code,256,3,resident_seed_batch,fixed_5,256,63,63,39,306,193,40.0581257589713,428.3206116638204,1702.28743285076,76.04725656538926,2246.713426838941,8.776224323589613,113.94421600096297,2.762500662356615e-05,0,0,1,0,1,61
tune-code-256,tune,code,256,3,resident_seed_batch,candidate,256,71,61,27,249,185,307.7689082557239,372.78827352462093,1590.1020186964581,54.495623029903165,2325.154823506706,9.082636029323071,110.10019522653161,8.295802399516106e-05,10,3,2,4,30,22
tune-code-256,tune,code,256,4,resident_seed_batch,ordinary,256,256,0,0,0,0,5237.355885363616,0.0,0.0,0.0,5237.355885363616,20.458421427201625,48.879626590856844,0.00012520799646154046,256,0,0,0,0,0
tune-code-256,tune,code,256,4,resident_seed_batch,default,256,64,56,27,275,192,191.1562564785018,393.39648642258936,1554.5171823909843,52.69543388719839,2191.765359179274,8.56158343429404,116.8008240151498,0.00011166703188791871,8,0,0,0,0,56
tune-code-256,tune,code,256,4,resident_seed_batch,existing_cost_gate,256,68,56,28,275,188,280.13303791724513,391.42122604354273,1546.3025266881,54.382054125226276,2272.2388447741146,8.875932987398885,112.66421247430492,0.00011429196456447244,12,0,0,0,0,56
tune-code-256,tune,code,256,4,resident_seed_batch,fixed_1,256,136,135,15,131,120,2809.2643114139637,451.63014821387236,2297.043005964299,0.0,5557.937465592135,21.710693224969276,46.060251952245764,7.191702025011182e-05,1,135,0,0,0,0
tune-code-256,tune,code,256,4,resident_seed_batch,fixed_2,256,100,99,27,194,156,2038.3004269559733,415.97886364360187,1744.2324789583854,23.434923920250053,4221.94669347821,16.49197927139926,60.63553582887539,5.208299262449145e-05,1,0,99,0,0,0
tune-code-256,tune,code,256,4,resident_seed_batch,fixed_3,256,78,78,28,227,178,60.616832004846714,402.37460325196844,1863.4269606163107,52.70537804746303,2379.123773920589,9.2934522418773,107.60264043687575,4.295899998396635e-05,0,0,1,77,0,0
tune-code-256,tune,code,256,4,resident_seed_batch,fixed_4,256,67,67,30,261,189,43.49454616125156,401.6615581425865,1716.620573693699,57.16895611927198,2218.9456341168075,8.66775638326878,115.37010914730861,3.50000336766243e-05,0,1,0,0,66,0
tune-code-256,tune,code,256,4,resident_seed_batch,fixed_5,256,59,59,29,289,197,20.361428237642965,412.2263507986686,1634.6163415388737,56.55469119150641,2123.758811766692,8.29593285846364,120.54099485385593,2.8292008209973574e-05,0,0,0,0,1,58
tune-code-256,tune,code,256,4,resident_seed_batch,candidate,256,74,64,27,249,182,347.27895699416626,392.34879150490804,1630.8930032484766,49.70945215276454,2420.230203900315,9.454024233985605,105.77506205295842,0.00010912498692050576,10,3,2,5,34,20
tune-code-256,tune,code,256,5,resident_seed_batch,ordinary,256,256,0,0,0,0,5206.862621801276,0.0,0.0,0.0,5206.862621801276,20.339307116411234,49.16588329565697,0.0001378749730065465,256,0,0,0,0,0
tune-code-256,tune,code,256,5,resident_seed_batch,default,256,70,66,45,330,186,73.92286537298135,456.47443995031745,1835.0886304124099,90.56815202627385,2456.0540877619824,9.593961280320244,104.23223221165848,0.00011833303142338991,4,0,0,0,0,66
tune-code-256,tune,code,256,5,resident_seed_batch,existing_cost_gate,256,70,66,45,330,186,73.92286537298135,456.47443995031745,1835.0886304124099,90.56815202627385,2456.0540877619824,9.593961280320244,104.23223221165848,0.00012008397607132792,4,0,0,0,0,66
tune-code-256,tune,code,256,5,resident_seed_batch,fixed_1,256,136,136,16,135,120,2766.5321848210747,448.1122667511028,2263.31319132238,0.0,5477.957642894552,21.398272042556844,46.73274542968712,8.833402534946799e-05,0,136,0,0,0,0
tune-code-256,tune,code,256,5,resident_seed_batch,fixed_2,256,99,99,31,195,157,2024.130096025679,416.4776047166605,1866.0677411845131,45.49900956132771,4352.174451488181,17.000681451125708,58.821171543908,5.862500984221697e-05,0,1,98,0,0,0
tune-code-256,tune,code,256,5,resident_seed_batch,fixed_3,256,80,80,29,238,176,21.02503573877271,409.47998836674935,1946.3051974402736,58.63198487204479,2435.44220641784,9.513446118819688,105.11438100456364,4.187499871477485e-05,0,1,0,79,0,0
tune-code-256,tune,code,256,5,resident_seed_batch,fixed_4,256,69,69,33,269,187,39.79468245886143,410.1410876558876,1754.0362994025336,63.51492928374426,2267.4869988010264,8.85737108906651,112.90031657749945,3.574998117983341e-05,0,1,0,0,68,0
tune-code-256,tune,code,256,5,resident_seed_batch,fixed_5,256,68,68,46,334,188,21.02503573877271,464.06592729136435,1876.0091443773256,92.23356467214298,2453.333672079605,9.583334656560957,104.3478116790358,3.1333009246736765e-05,0,1,0,1,0,66
tune-code-256,tune,code,256,5,resident_seed_batch,candidate,256,77,68,38,275,179,279.44692514499735,409.25515162904765,1756.631134321285,76.28408283024515,2521.617293925575,9.850067554396777,101.5221463687962,9.516696445643902e-05,9,3,2,5,37,21
tune-code-256,tune,code,256,6,resident_seed_batch,ordinary,256,256,0,0,0,0,5215.481467142705,0.0,0.0,0.0,5215.481467142705,20.37297448102619,49.08463420161462,0.00012208300177007914,256,0,0,0,0,0
tune-code-256,tune,code,256,6,resident_seed_batch,default,256,74,56,29,265,182,427.9185703485854,389.2989151530164,1478.8937217161729,51.543315004790536,2347.654522222566,9.170525477431898,109.04500537738419,0.00011245900532230735,18,0,0,0,0,56
tune-code-256,tune,code,256,6,resident_seed_batch,existing_cost_gate,256,74,56,29,265,182,427.9185703485854,389.2989151530164,1478.8937217161729,51.543315004790536,2347.654522222566,9.170525477431898,109.04500537738419,0.00011299998732283711,18,0,0,0,0,56
tune-code-256,tune,code,256,6,resident_seed_batch,fixed_1,256,136,136,16,133,120,2749.867111005811,445.357810049803,2252.653027139586,0.0,5447.877948195198,21.28077323513749,46.990773735085064,6.65000407025218e-05,0,136,0,0,0,0
tune-code-256,tune,code,256,6,resident_seed_batch,fixed_2,256,97,97,23,187,159,1991.5995045966395,409.7313109374021,1799.4065145582917,23.85067142748278,4224.5880015198145,16.502296880936775,60.59762511939693,4.854099825024605e-05,0,1,96,0,0,0
tune-code-256,tune,code,256,6,resident_seed_batch,fixed_3,256,76,76,21,223,180,41.19555441493886,386.6460797996292,1817.079726348711,39.2401529532208,2284.161513516499,8.922505912173824,112.0761375608174,3.825000021606684e-05,0,1,0,75,0,0
tune-code-256,tune,code,256,6,resident_seed_batch,fixed_4,256,68,67,30,254,188,100.12727125679463,403.14037855926074,1670.0124282710947,54.29287777605911,2227.572955863209,8.70145685884066,114.92328425256771,3.291695611551404e-05,1,0,1,0,66,0
tune-code-256,tune,code,256,6,resident_seed_batch,fixed_5,256,62,62,33,289,194,84.01309294668607,426.0538472234065,1640.3073085842639,58.91018221443812,2209.284430968795,8.630017308471855,115.87462275635612,2.900004619732499e-05,0,1,0,1,0,60
tune-code-256,tune,code,256,6,resident_seed_batch,candidate,256,76,66,18,227,180,330.3443205113348,371.6727735886083,1641.343881026088,34.30734078271282,2377.668315908744,9.28776685901853,107.668507960984,9.741599205881357e-05,10,3,2,24,33,4
tune-code-256,tune,code,256,7,resident_seed_batch,ordinary,256,256,0,0,0,0,5223.002177980535,0.0,0.0,0.0,5223.002177980535,20.402352257736464,49.01395620305523,0.0001057499903254211,256,0,0,0,0,0
tune-code-256,tune,code,256,7,resident_seed_batch,default,256,91,53,30,260,165,783.8031545541342,364.84874608157713,1431.8558200967432,57.465818267505924,2637.973538999961,10.304584136718598,97.04418797811292,0.00013129098806530237,38,0,0,0,0,53
tune-code-256,tune,code,256,7,resident_seed_batch,existing_cost_gate,256,91,53,30,260,165,783.8031545541342,364.84874608157713,1431.8558200967432,57.465818267505924,2637.973538999961,10.304584136718598,97.04418797811292,0.00013820803724229336,38,0,0,0,0,53
tune-code-256,tune,code,256,7,resident_seed_batch,fixed_1,256,136,136,16,135,120,2770.6351859026104,448.93688994853693,2272.5673099826954,0.0,5492.139385833839,21.453669475913433,46.61207263972836,6.799999391660094e-05,0,136,0,0,0,0
tune-code-256,tune,code,256,7,resident_seed_batch,fixed_2,256,99,99,31,194,157,2031.253985439676,418.80016873545304,1865.8998059624194,41.41018309229619,4357.3641432298455,17.020953684491584,58.75111456951656,5.062500713393092e-05,0,0,99,0,0,0
tune-code-256,tune,code,256,7,resident_seed_batch,fixed_3,256,83,83,41,244,173,39.60305058350042,422.26962787335185,1980.6252545631053,79.689104280907,2522.1870373008637,9.852293114456499,101.49921326768859,4.333298420533538e-05,0,1,0,82,0,0
tune-code-256,tune,code,256,7,resident_seed_batch,fixed_4,256,72,72,39,269,184,97.94778786288884,426.5569804901031,1750.521420691981,68.1250410680799,2343.1512301130524,9.152934492629111,109.25457849668905,3.625004319474101e-05,0,1,0,0,71,0
tune-code-256,tune,code,256,7,resident_seed_batch,fixed_5,256,62,62,33,301,194,39.60305058350042,422.50070059639427,1673.043998579058,63.08316141500469,2198.230911173957,8.586839496773269,116.45728330846015,3.058300353586674e-05,0,1,0,0,0,61
tune-code-256,tune,code,256,7,resident_seed_batch,candidate,256,86,74,39,254,170,351.9551992467985,407.747775128584,1776.7147537935607,71.31486432506057,2607.7325924940037,10.186455439429702,98.16957487775413,0.00010658300016075373,12,3,2,44,7,18
tune-code-256,tune,code,256,8,resident_seed_batch,ordinary,256,256,0,0,0,0,5193.573946878118,0.0,0.0,0.0,5193.573946878118,20.287398229992647,49.29168287935572,0.00010970898438245058,256,0,0,0,0,0
tune-code-256,tune,code,256,8,resident_seed_batch,default,256,69,57,34,280,187,276.2230973789355,386.3111907581253,1527.3982098773085,65.48781973411647,2255.420317748487,8.810235616205027,113.50434239927239,9.91669949144125e-05,12,0,0,0,0,57
tune-code-256,tune,code,256,8,resident_seed_batch,existing_cost_gate,256,69,57,34,280,187,276.2230973789355,386.3111907581253,1527.3982098773085,65.48781973411647,2255.420317748487,8.810235616205027,113.50434239927239,0.00010262499563395977,12,0,0,0,0,57
tune-code-256,tune,code,256,8,resident_seed_batch,fixed_1,256,137,136,17,134,119,2779.668315857717,446.98057440002896,2227.712936488196,0.0,5454.361826745943,21.30610088572634,46.93491340172584,6.662501255050302e-05,1,136,0,0,0,0
tune-code-256,tune,code,256,8,resident_seed_batch,fixed_2,256,95,95,19,190,161,1928.7580063594876,397.55014151306904,1743.7686613952972,17.316945031106307,4087.3937542989584,15.966381852730306,62.63159739155284,4.541699308902025e-05,0,0,95,0,0,0
tune-code-256,tune,code,256,8,resident_seed_batch,fixed_3,256,83,83,35,242,173,60.88855270763818,419.86129263460083,1948.6815804588725,65.89058811301534,2495.3220139141267,9.747351616852058,102.59196952237922,3.879104042425752e-05,0,0,1,82,0,0
tune-code-256,tune,code,256,8,resident_seed_batch,fixed_4,256,69,69,33,266,187,61.70790988739131,403.121838333922,1703.0820941025434,61.76321920719914,2229.6750615310557,8.709668209105686,114.8149362285157,3.208301495760679e-05,0,0,1,1,67,0
tune-code-256,tune,code,256,8,resident_seed_batch,fixed_5,256,59,59,31,287,197,40.40009511407763,399.1974846274624,1584.9033513478619,60.169217477217366,2084.6701485666194,8.143242767838357,122.80120199160565,2.5833025574684143e-05,0,0,1,0,0,58
tune-code-256,tune,code,256,8,resident_seed_batch,candidate,256,73,63,29,269,183,287.3138204946895,390.88225859823007,1648.3646027219975,58.02254222107675,2384.5832240359946,9.314778218890604,107.35628659112623,8.770899148657918e-05,10,2,2,6,20,33
tune-code-256,tune,code,256,9,resident_seed_batch,ordinary,256,256,0,0,0,0,5177.997810008558,0.0,0.0,0.0,5177.997810008558,20.22655394534593,49.439959110291106,0.00011041696416214108,256,0,0,0,0,0
tune-code-256,tune,code,256,9,resident_seed_batch,default,256,90,52,30,260,166,777.1975920862449,362.0981430627364,1454.5330971113879,59.77590697436743,2653.604739234737,10.36564351263569,96.47254401340378,0.00012354104546830058,38,0,0,0,0,52
tune-code-256,tune,code,256,9,resident_seed_batch,existing_cost_gate,256,90,52,30,260,166,777.1975920862449,362.0981430627364,1454.5330971113879,59.77590697436743,2653.604739234737,10.36564351263569,96.47254401340378,0.00012554199201986194,38,0,0,0,0,52
tune-code-256,tune,code,256,9,resident_seed_batch,fixed_1,256,135,134,13,133,121,2741.11081113409,440.4920500692428,2281.0454806307,0.0,5462.64834183403,21.33847008528918,46.86371590854602,6.19160127826035e-05,1,134,0,0,0,0
tune-code-256,tune,code,256,9,resident_seed_batch,fixed_2,256,99,99,29,194,157,2023.686384160268,417.1654113888202,1803.7449061983186,35.39429188923387,4279.99099363664,16.718714818893126,59.81320997651934,4.5459019020199776e-05,0,0,99,0,0,0
tune-code-256,tune,code,256,9,resident_seed_batch,fixed_3,256,81,81,32,233,175,78.96093986308968,410.7473579702381,1880.0290910252347,57.279861703004364,2427.017250561567,9.48053613500612,105.47926675872054,3.762502456083894e-05,0,0,1,80,0,0
tune-code-256,tune,code,256,9,resident_seed_batch,fixed_4,256,67,67,28,262,189,39.18480217791857,391.613584695025,1675.8966474906774,52.68802201751066,2159.383056381132,8.435090063988797,118.55237969173723,3.108300734311342e-05,0,0,1,1,65,0
tune-code-256,tune,code,256,9,resident_seed_batch,fixed_5,256,63,63,37,307,193,39.18480217791857,433.84966888587564,1729.7902142338767,71.9603358916442,2274.785021189314,8.885878989020759,112.53810694874227,4.029198316857219e-05,0,0,1,1,0,61
tune-code-256,tune,code,256,9,resident_seed_batch,candidate,256,79,67,30,256,177,353.7575742164848,384.26411681436133,1653.5362306750471,56.44605540818702,2448.003977114081,9.562515535601879,104.57499350217354,9.64159844443202e-05,12,3,2,3,55,4
tune-code-256,tune,code,256,10,resident_seed_batch,ordinary,256,256,0,0,0,0,5212.4965965424335,0.0,0.0,0.0,5212.4965965424335,20.36131483024388,49.112741899881634,0.00010120897786691785,256,0,0,0,0,0
tune-code-256,tune,code,256,10,resident_seed_batch,default,256,119,48,31,240,137,1452.928651188131,328.0084323049379,1313.441160166258,61.673105394822635,3156.0513490541503,12.328325582242774,81.11401611913624,0.00015441601863130927,71,0,0,0,0,48
tune-code-256,tune,code,256,10,resident_seed_batch,existing_cost_gate,256,104,54,35,260,152,1067.4256038559038,369.64799762833957,1430.29591371174,65.72995812475398,2933.099473320739,11.457419817659137,87.27968564604014,0.00014595797983929515,50,0,0,0,0,54
tune-code-256,tune,code,256,10,resident_seed_batch,fixed_1,256,138,138,20,132,118,2807.892651220483,454.84289677149246,2226.670445909105,0.0,5489.405993901082,21.442992163676102,46.63528263065708,6.649998249486089e-05,0,138,0,0,0,0
tune-code-256,tune,code,256,10,resident_seed_batch,fixed_2,256,103,102,35,194,153,2099.5625384603804,428.4788324228396,1778.6405438038903,38.253862137940764,4344.935776825049,16.97240537822285,58.91916777353737,4.675000673159957e-05,1,0,102,0,0,0
tune-code-256,tune,code,256,10,resident_seed_batch,fixed_3,256,75,74,21,219,181,40.00097488634031,371.9019813540384,1740.8438391374232,39.91700001692078,2192.663795394723,8.565092950760636,116.7529652916602,3.350002225488424e-05,1,0,0,74,0,0
tune-code-256,tune,code,256,10,resident_seed_batch,fixed_4,256,71,71,34,266,185,102.10253767202879,425.9284227047532,1745.0957671986157,59.84978550188035,2332.976513077278,9.113189504208117,109.73106611447494,3.108294913545251e-05,0,0,1,0,70,0
tune-code-256,tune,code,256,10,resident_seed_batch,fixed_5,256,62,62,36,301,194,41.72771751925643,423.9866319831137,1685.738788760187,70.4470855559851,2221.900223818542,8.67929774929118,115.21669481631366,2.6082969270646572e-05,0,1,0,0,0,61
tune-code-256,tune,code,256,10,resident_seed_batch,candidate,256,90,78,41,260,166,384.9638513851308,437.3039603857717,1909.0531972560268,76.24783471454259,2807.568843741474,10.967065795865134,91.18209178402356,0.0001005829544737935,12,3,2,34,37,2
tune-code-256,tune,code,256,11,resident_seed_batch,ordinary,256,256,0,0,0,0,5149.687997217083,0.0,0.0,0.0,5149.687997217083,20.11596873912923,49.711749554214485,0.00011308299144729972,256,0,0,0,0,0
tune-code-256,tune,code,256,11,resident_seed_batch,default,256,105,56,39,280,151,1002.6920366618167,375.0839037747834,1509.676866311088,76.3832550168916,2963.83606176458,11.57748461626789,86.3745479389252,0.00014170800568535924,49,0,0,0,0,56
tune-code-256,tune,code,256,11,resident_seed_batch,existing_cost_gate,256,100,57,39,285,156,875.5122926856789,382.2650548825878,1539.660052441146,76.3832550168916,2873.820655026305,11.225861933696503,89.08001950374205,0.00013395800488069654,43,0,0,0,0,57
tune-code-256,tune,code,256,11,resident_seed_batch,fixed_1,256,136,136,16,134,120,2737.3355096338637,443.3468860514835,2244.2977468130143,0.0,5424.980142498363,21.191328681634232,47.18911282172997,5.8542005717754364e-05,0,136,0,0,0,0
tune-code-256,tune,code,256,11,resident_seed_batch,fixed_2,256,98,97,25,192,158,1967.5113282727489,400.3539284157078,1752.797513079916,27.099489696615258,4147.762259464987,16.202196326035107,61.720027326981125,4.349998198449612e-05,1,0,97,0,0,0
tune-code-256,tune,code,256,11,resident_seed_batch,fixed_3,256,82,81,35,243,174,25.195443968699063,407.1097177693419,1931.0437747898486,67.84643988409177,2431.1953764119817,9.496856939109303,105.29799558018703,3.549997927621007e-05,1,0,0,81,0,0
tune-code-256,tune,code,256,11,resident_seed_batch,fixed_4,256,71,71,42,274,185,59.60824026375423,418.6459209390145,1759.0314738413008,78.88592086866298,2316.171555912733,9.047545140284113,110.52721865376598,3.083399496972561e-05,0,0,1,0,70,0
tune-code-256,tune,code,256,11,resident_seed_batch,fixed_5,256,68,68,46,340,188,0.0,459.72678188498475,1848.6144255632726,90.44844293030822,2398.7896503785646,9.370272071791268,106.72048712549656,2.883299021050334e-05,0,0,0,0,0,68
tune-code-256,tune,code,256,11,resident_seed_batch,candidate,256,87,76,46,264,169,374.91524908521734,423.35568599306214,1816.3848805230864,85.54354298418117,2700.1993585855485,10.547653744474799,94.80781453636855,9.874999523162842e-05,11,3,2,21,48,2
tune-code-256,tune,code,256,12,resident_seed_batch,ordinary,256,256,0,0,0,0,5233.8863066396,0.0,0.0,0.0,5233.8863066396,20.444868385310937,48.91202922678005,0.00011908396845683455,256,0,0,0,0,0
tune-code-256,tune,code,256,12,resident_seed_batch,default,256,73,60,37,285,183,331.8747343630778,415.1309961609337,1582.133864929159,67.22002111995083,2396.3596165731224,9.36077975223876,106.82870727311325,0.00012254202738404274,13,0,0,0,0,60
tune-code-256,tune,code,256,12,resident_seed_batch,existing_cost_gate,256,73,60,37,285,183,331.8747343630778,415.1309961609337,1582.133864929159,67.22002111995083,2396.3596165731224,9.36077975223876,106.82870727311325,0.00010679202387109399,13,0,0,0,0,60
tune-code-256,tune,code,256,12,resident_seed_batch,fixed_1,256,138,138,20,134,118,2836.3301979712724,459.5020953782492,2252.3365094402075,0.0,5548.168802789727,21.67253438589737,46.14135025438992,6.133399438112974e-05,0,138,0,0,0,0
tune-code-256,tune,code,256,12,resident_seed_batch,fixed_2,256,100,99,29,194,156,2050.7930804797043,418.93249983836756,1790.619394729214,32.85910209429665,4293.204077141584,16.770328426334313,59.629124402221485,4.3082982301712036e-05,1,0,99,0,0,0
tune-code-256,tune,code,256,12,resident_seed_batch,fixed_3,256,85,85,39,247,171,65.4259935824882,436.6766801889769,2024.0881252046022,75.57787363707666,2601.768672613145,10.163158877395098,98.39460467593402,3.62499849870801e-05,0,1,0,84,0,0
tune-code-256,tune,code,256,12,resident_seed_batch,fixed_4,256,71,71,41,274,185,63.32766999245094,427.6735604837656,1797.3178003465948,79.17769603262714,2367.496726855439,9.24803408927906,108.13108930461956,3.062497125938535e-05,0,0,1,0,70,0
tune-code-256,tune,code,256,12,resident_seed_batch,fixed_5,256,63,63,39,298,193,64.2029989187383,435.6892817041397,1667.037035467088,71.89464224162083,2238.823958331587,8.745406087232762,114.34574793043394,2.62079993262887e-05,0,0,0,1,0,62
tune-code-256,tune,code,256,12,resident_seed_batch,candidate,256,81,69,35,264,175,400.9451719223861,410.36244875448006,1681.4409431743618,61.98155756615823,2554.730121417386,9.979414536786663,100.20627926756077,9.666697587817907e-05,12,3,2,22,11,31
tune-code-256,tune,code,256,13,resident_seed_batch,ordinary,256,256,0,0,0,0,5173.95849450942,0.0,0.0,0.0,5173.95849450942,20.210775369177423,49.47855694468094,0.00010341603774577379,256,0,0,0,0,0
tune-code-256,tune,code,256,13,resident_seed_batch,default,256,70,60,33,295,186,224.2166259705002,416.1268733065156,1636.3192299447285,64.24991474338074,2340.9126439651254,9.144190015488771,109.35905731466238,9.687495185062289e-05,10,0,0,0,0,60
tune-code-256,tune,code,256,13,resident_seed_batch,existing_cost_gate,256,84,59,35,285,172,550.496646226973,405.4121983604593,1570.460812218301,66.21991479507793,2592.589571600813,10.127303014065676,98.7429722020871,0.0001127920113503933,25,0,0,0,0,59
tune-code-256,tune,code,256,13,resident_seed_batch,fixed_1,256,135,135,14,132,121,2723.632076391787,441.2707717088034,2252.8313897717917,0.0,5417.734237872377,21.163024366688973,47.252225517162856,6.208301056176424e-05,0,135,0,0,0,0
tune-code-256,tune,code,256,13,resident_seed_batch,fixed_2,256,99,99,27,195,157,1996.214079178427,410.80560240169694,1762.670283618493,27.932096181677878,4197.622061380295,16.39696117726678,60.98691026886305,4.279200220480561e-05,0,1,98,0,0,0
tune-code-256,tune,code,256,13,resident_seed_batch,fixed_3,256,83,83,35,237,173,80.97072618556446,423.8507013317154,1913.9297397621594,63.79826798567978,2482.5494352651185,9.69745873150437,103.11979949461148,3.62499849870801e-05,0,0,0,83,0,0
tune-code-256,tune,code,256,13,resident_seed_batch,fixed_4,256,67,67,29,266,189,17.936672362045694,405.5561925825314,1755.8169071817085,58.83314742880957,2238.142919555095,8.74274577951209,114.3805419052008,2.8708018362522125e-05,0,0,1,0,66,0
tune-code-256,tune,code,256,13,resident_seed_batch,fixed_5,256,63,63,35,306,193,41.64056530950541,432.87646283383106,1709.8669735606113,68.24300476203864,2252.627006465986,8.799324244007758,113.64509049441936,2.583296736702323e-05,0,1,0,0,0,62
tune-code-256,tune,code,256,13,resident_seed_batch,candidate,256,78,67,28,243,178,342.59773208532215,383.8820652119071,1639.8243434417914,51.642993176019154,2417.9471339150396,9.445105991855623,105.87493680455098,8.73749959282577e-05,11,3,2,15,38,9
tune-code-256,tune,code,256,14,resident_seed_batch,ordinary,256,256,0,0,0,0,5254.60037959331,0.0,0.0,0.0,5254.60037959331,20.525782732786368,48.71921392808441,0.00010708300396800041,256,0,0,0,0,0
tune-code-256,tune,code,256,14,resident_seed_batch,default,256,64,56,31,275,192,189.94055555439206,388.7815688306765,1533.2100676927794,60.570211780699495,2172.502403858548,8.486337515072453,117.83646340060308,8.633296238258481e-05,8,0,0,0,0,56
tune-code-256,tune,code,256,14,resident_seed_batch,existing_cost_gate,256,64,56,31,275,192,189.94055555439206,388.7815688306765,1533.2100676927794,60.570211780699495,2172.502403858548,8.486337515072453,117.83646340060308,8.924998110160232e-05,8,0,0,0,0,56
tune-code-256,tune,code,256,14,resident_seed_batch,fixed_1,256,139,139,22,132,117,2852.3067550466712,461.96271162197576,2233.9814216367126,0.0,5548.250888305359,21.672855032442808,46.1406676002339,5.879101809114218e-05,0,139,0,0,0,0
tune-code-256,tune,code,256,14,resident_seed_batch,fixed_2,256,101,100,31,190,155,2059.0347172884035,420.19025872222414,1781.9669756296246,33.518109241140415,4294.710060881393,16.77621117531794,59.60821484360268,4.2832980398088694e-05,1,0,100,0,0,0
tune-code-256,tune,code,256,14,resident_seed_batch,fixed_3,256,85,85,38,237,171,123.3633876723116,434.741549918317,1915.0844165274873,64.03948354636653,2537.228837664483,9.911050147126886,100.89748161448765,3.6375015042722225e-05,0,0,0,85,0,0
tune-code-256,tune,code,256,14,resident_seed_batch,fixed_4,256,71,71,37,279,185,23.09423797062212,427.3909853749971,1819.508694528818,73.09469750603564,2343.088615380473,9.152689903829973,109.25749812429969,3.4582975786179304e-05,0,0,0,1,70,0
tune-code-256,tune,code,256,14,resident_seed_batch,fixed_5,256,59,59,33,283,197,42.009333116888754,407.0468713144081,1583.9214109045226,62.5127394454544,2095.4903547812746,8.185509198364354,122.16710967716243,2.3083004634827375e-05,0,0,0,1,1,57
tune-code-256,tune,code,256,14,resident_seed_batch,candidate,256,90,79,30,225,166,424.29469808036276,400.7391027125696,1825.1981777381122,54.205631665534554,2704.437610196579,10.564209414830387,94.65923674289975,9.866600157693028e-05,11,3,3,69,2,2
tune-code-256,tune,code,256,15,resident_seed_batch,ordinary,256,256,0,0,0,0,5210.483409035716,0.0,0.0,0.0,5210.483409035716,20.353450816545767,49.13171771280564,9.475002298131585e-05,256,0,0,0,0,0
tune-code-256,tune,code,256,15,resident_seed_batch,default,256,72,61,36,300,184,254.03406301424354,417.34009759488356,1647.3020084481468,69.25110858728654,2387.927277644561,9.327840928299066,107.2059448361916,9.85420192591846e-05,11,0,0,0,0,61
tune-code-256,tune,code,256,15,resident_seed_batch,existing_cost_gate,256,72,61,36,300,184,254.03406301424354,417.34009759488356,1647.3020084481468,69.25110858728654,2387.927277644561,9.327840928299066,107.2059448361916,9.587500244379044e-05,11,0,0,0,0,61
tune-code-256,tune,code,256,15,resident_seed_batch,fixed_1,256,136,135,15,134,120,2764.364111875843,444.507226302997,2255.6867404815202,0.0,5464.55807866036,21.34592999476703,46.84733812230953,5.9125013649463654e-05,1,135,0,0,0,0
tune-code-256,tune,code,256,15,resident_seed_batch,fixed_2,256,98,97,23,190,158,1998.0029636052943,407.65227489337565,1735.1349824794922,19.934148967221404,4160.724369945385,16.25282957009916,61.52774787226782,4.295899998396635e-05,1,0,97,0,0,0
tune-code-256,tune,code,256,15,resident_seed_batch,fixed_3,256,77,76,22,225,179,41.26695853436733,384.23196674068384,1798.598147541396,41.6009156159812,2265.6979884324273,8.85038276731417,112.98946342672934,3.2958982046693563e-05,1,0,0,76,0,0
tune-code-256,tune,code,256,15,resident_seed_batch,fixed_4,256,68,68,33,269,188,19.611063872175546,402.829227117708,1746.793778792377,65.70919625066114,2234.943266032922,8.730247132941102,114.54429465424693,2.9292015824466944e-05,0,1,0,0,67,0
tune-code-256,tune,code,256,15,resident_seed_batch,fixed_5,256,65,65,39,311,191,60.78549406820656,442.2122189967011,1727.5940628865026,73.3084136318573,2303.9001895832675,8.999610115559639,111.1159247077911,2.7082976885139942e-05,0,1,0,0,0,64
tune-code-256,tune,code,256,15,resident_seed_batch,candidate,256,84,73,36,259,172,351.89342169841495,414.32435190051007,1794.4220592923386,67.85268089493849,2628.4925137862015,10.26754888197735,97.39422831044926,9.225000394508243e-05,11,3,2,30,23,15
tune-code-256,tune,code,256,16,resident_seed_batch,ordinary,256,256,0,0,0,0,5254.891359335138,0.0,0.0,0.0,5254.891359335138,20.526919372402883,48.716516193094,0.00010225002188235521,256,0,0,0,0,0
tune-code-256,tune,code,256,16,resident_seed_batch,default,256,74,59,32,285,182,347.5218965733232,408.71984558532586,1585.907247873612,60.313196956502125,2402.4621869887646,9.384617917924862,106.55734828478997,9.612494613975286e-05,15,0,0,0,0,59
tune-code-256,tune,code,256,16,resident_seed_batch,existing_cost_gate,256,80,61,35,295,176,431.54472644531023,425.6867863002445,1656.191003268705,66.84241952322509,2580.2649355374856,10.079159904443303,99.21461803172299,0.00010933296289294958,19,0,0,0,0,61
tune-code-256,tune,code,256,16,resident_seed_batch,fixed_1,256,135,134,13,132,121,2757.753822628918,443.49944514837205,2296.471625922248,0.0,5497.72489369954,21.47548786601383,46.56471630535371,5.8166973758488894e-05,1,134,0,0,0,0
tune-code-256,tune,code,256,16,resident_seed_batch,fixed_2,256,97,97,26,190,159,2007.3141649085412,413.93915059941924,1846.9067296165852,33.677868000842516,4301.837913125388,16.804054348146046,59.50944809401475,4.437501775100827e-05,0,0,97,0,0,0
tune-code-256,tune,code,256,16,resident_seed_batch,fixed_3,256,79,79,32,230,177,60.02282573489228,398.4499254235269,1841.954792090312,58.74835957162402,2359.175902820356,9.215530870392016,108.5124681436243,3.408401971682906e-05,0,0,1,78,0,0
tune-code-256,tune,code,256,16,resident_seed_batch,fixed_4,256,72,71,39,276,184,60.63569374544049,425.5463630062302,1789.8390360981648,73.5824199962283,2349.6035128460644,9.178138722054939,108.95455280023323,3.412499791011214e-05,1,0,0,0,71,0
tune-code-256,tune,code,256,16,resident_seed_batch,fixed_5,256,65,65,37,312,191,60.02282573489228,446.34915374760556,1743.26304364444,70.298627027899,2319.9336501548373,9.062240820917333,110.34798343604095,2.6541005354374647e-05,0,0,1,0,0,64
tune-code-256,tune,code,256,16,resident_seed_batch,candidate,256,80,69,39,291,176,373.03448831635694,440.9886363374833,1770.405946384461,72.52683872087216,2656.955909759173,10.37873402249677,96.3508649352047,8.520903065800667e-05,11,3,2,12,2,50
tune-code-256,tune,code,256,17,resident_seed_batch,ordinary,256,256,0,0,0,0,5203.982651230493,0.0,0.0,0.0,5203.982651230493,20.32805723136911,49.193092513378815,0.00010012497659772635,256,0,0,0,0,0
tune-code-256,tune,code,256,17,resident_seed_batch,default,256,116,46,25,225,140,1450.7992874213564,318.34240584115224,1251.0150336248207,48.18144641571102,3068.33817330304,11.985695989465,83.43278528664204,0.00014170800568535924,70,0,0,0,0,46
tune-code-256,tune,code,256,17,resident_seed_batch,existing_cost_gate,256,94,52,28,255,162,872.8007663439818,357.354274621467,1411.0498092930168,53.97742120105427,2695.182271459519,10.528055747888747,94.98429947053955,0.00011550000635907054,42,0,0,0,0,52
tune-code-256,tune,code,256,17,resident_seed_batch,fixed_1,256,138,137,19,133,118,2831.236301339966,455.1982193705324,2237.7018169831927,0.0,5524.13633769369,21.578657569115975,46.34208577605078,5.5165961384773254e-05,1,137,0,0,0,0
tune-code-256,tune,code,256,17,resident_seed_batch,fixed_2,256,101,101,32,194,155,2060.5434425067187,424.75131514691714,1771.9277824846974,33.77407908311706,4290.9966192214515,16.761705543833795,59.65979997589652,4.0832965169101954e-05,0,0,101,0,0,0
tune-code-256,tune,code,256,17,resident_seed_batch,fixed_3,256,83,83,33,236,173,101.64622893603186,423.64005014132664,1916.6469055872337,57.63108785778925,2499.564272522381,9.763922939540551,102.41785050866612,3.308302257210016e-05,0,0,1,82,0,0
tune-code-256,tune,code,256,17,resident_seed_batch,fixed_4,256,69,69,34,271,187,19.28779292010887,410.40443030375695,1753.8472576745892,65.2126853451022,2248.752166243557,8.784188149388894,113.84091312633926,2.775003667920828e-05,0,0,0,1,68,0
tune-code-256,tune,code,256,17,resident_seed_batch,fixed_5,256,64,63,37,306,192,57.11832868264524,430.4977368825232,1693.1809578878942,70.10537157962317,2250.902395032686,8.79258748059643,113.732163849016,2.3707980290055275e-05,1,1,0,0,0,62
tune-code-256,tune,code,256,17,resident_seed_batch,candidate,256,84,75,29,244,172,322.9732399331365,410.40080804753325,1809.3383681609362,54.05168676984833,2596.764102911453,10.143609776997863,98.58423401377763,8.308305405080318e-05,9,3,2,45,14,11
tune-code-256,tune,code,256,18,resident_seed_batch,ordinary,256,256,0,0,0,0,5223.088049478711,0.0,0.0,0.0,5223.088049478711,20.402687693276214,49.013150376729726,9.662494994699955e-05,256,0,0,0,0,0
tune-code-256,tune,code,256,18,resident_seed_batch,default,256,62,55,24,275,194,139.64466650356272,381.61012846743745,1533.8833206746244,48.71732907191975,2103.8554447175443,8.218185330927907,121.68136391821805,7.833295967429876e-05,7,0,0,0,0,55
tune-code-256,tune,code,256,18,resident_seed_batch,existing_cost_gate,256,62,55,24,275,194,139.64466650356272,381.61012846743745,1533.8833206746244,48.71732907191975,2103.8554447175443,8.218185330927907,121.68136391821805,8.049997268244624e-05,7,0,0,0,0,55
tune-code-256,tune,code,256,18,resident_seed_batch,fixed_1,256,137,137,18,134,119,2801.93288000796,453.80812653982014,2259.6680332182464,0.0,5515.409039766029,21.544566561586052,46.4154150950987,5.88330440223217e-05,0,137,0,0,0,0
tune-code-256,tune,code,256,18,resident_seed_batch,fixed_2,256,98,97,24,188,158,1993.0009641909282,406.61865111542926,1752.2171375124205,23.611621403602516,4175.448374222383,16.310345211806183,61.31078079672732,3.995798761025071e-05,1,0,97,0,0,0
tune-code-256,tune,code,256,18,resident_seed_batch,fixed_3,256,81,81,30,235,175,63.49107811488745,410.93353703642686,1906.2558250201098,56.4490853216701,2437.129525493094,9.5200372089574,105.04160625119201,3.2957992516458035e-05,0,1,1,79,0,0
tune-code-256,tune,code,256,18,resident_seed_batch,fixed_4,256,68,68,33,263,188,42.79080809862029,406.1546819400126,1702.9652159366158,62.03262941476945,2213.9433353900185,8.64821615386726,115.63078237271229,2.7958012651652098e-05,0,0,0,1,67,0
tune-code-256,tune,code,256,18,resident_seed_batch,fixed_5,256,58,58,26,281,198,41.86811214790647,395.39834757451473,1581.132991335816,50.535330909948215,2068.9347819681857,8.081776492063225,123.7351714665777,2.216699067503214e-05,0,1,1,0,0,56
tune-code-256,tune,code,256,18,resident_seed_batch,candidate,256,80,70,25,243,176,294.43099550576034,387.26204289293923,1694.5507353664161,46.05470975572638,2422.2984835208413,9.462103451253286,105.68474601358821,8.304195944219828e-05,10,2,2,28,33,5
tune-code-256,tune,code,256,19,resident_seed_batch,ordinary,256,256,0,0,0,0,5177.034064626573,0.0,0.0,0.0,5177.034064626573,20.22278931494755,49.44916274536155,8.73749959282577e-05,256,0,0,0,0,0
tune-code-256,tune,code,256,19,resident_seed_batch,default,256,70,58,31,285,186,269.0992760497743,387.94264952070176,1527.581726767483,57.88574605010188,2242.509398388061,8.759802337453364,114.15782702360822,8.370901923626661e-05,12,0,0,0,0,58
tune-code-256,tune,code,256,19,resident_seed_batch,existing_cost_gate,256,70,58,31,285,186,269.0992760497743,387.94264952070176,1527.581726767483,57.88574605010188,2242.509398388061,8.759802337453364,114.15782702360822,8.583301678299904e-05,12,0,0,0,0,58
tune-code-256,tune,code,256,19,resident_seed_batch,fixed_1,256,136,135,15,133,120,2739.7568480586638,440.42217200665,2237.3303762274977,0.0,5417.50939629281,21.16214607926879,47.25418661482714,5.4333999287337065e-05,1,135,0,0,0,0
tune-code-256,tune,code,256,19,resident_seed_batch,fixed_2,256,101,100,30,191,155,2067.716254835582,420.9778190064995,1764.0161435067907,30.546475986239788,4283.256693335112,16.73147145834028,59.76760636324795,3.9417005609720945e-05,1,1,99,0,0,0
tune-code-256,tune,code,256,19,resident_seed_batch,fixed_3,256,80,79,29,231,176,62.72209412724894,403.587779828666,1865.815580202214,53.195288200752444,2385.320742358882,9.317659149839383,107.32309305575295,3.108399687334895e-05,1,0,0,79,0,0
tune-code-256,tune,code,256,19,resident_seed_batch,fixed_4,256,65,65,25,243,191,83.4373877525693,380.84341720842195,1545.451269247823,41.09819015035582,2050.83026435917,8.011055720153008,124.8274927715645,2.524995943531394e-05,0,0,0,1,64,0
tune-code-256,tune,code,256,19,resident_seed_batch,fixed_5,256,60,60,31,292,196,41.949597518672306,399.0300062650399,1577.7457856265567,57.77323018912898,2076.4986195993984,8.11132273281015,123.28445469874089,2.2833992261439562e-05,0,0,1,0,0,59
tune-code-256,tune,code,256,19,resident_seed_batch,candidate,256,74,63,28,258,182,346.2913858607434,379.5752797824136,1539.0998710191552,48.94561323580473,2313.912149898117,9.03871933553952,110.63514231137592,7.47920130379498e-05,11,3,2,15,3,40
tune-code-2048,tune,code,2048,0,resident_seed_batch,ordinary,256,256,0,0,0,0,6568.655437376214,0.0,0.0,0.0,6568.655437376214,25.658810302250835,38.97296827952613,0.00021820800611749291,256,0,0,0,0,0
tune-code-2048,tune,code,2048,0,resident_seed_batch,default,256,85,48,25,240,171,953.2506265932384,333.16316039807924,2123.8391125230023,49.553458678820235,3459.806358193139,13.51486858669195,73.99258036328203,0.000144458026625216,37,0,0,0,0,48
tune-code-2048,tune,code,2048,0,resident_seed_batch,existing_cost_gate,256,85,48,25,240,171,953.2506265932384,333.16316039807924,2123.8391125230023,49.553458678820235,3459.806358193139,13.51486858669195,73.99258036328203,0.0001561670214869082,37,0,0,0,0,48
tune-code-2048,tune,code,2048,0,resident_seed_batch,fixed_1,256,135,135,14,133,121,3481.665658200757,448.35183636791623,3652.1485969899513,0.0,7582.166091558629,29.617836295150894,33.76343869399138,0.00012387498281896114,0,135,0,0,0,0
tune-code-2048,tune,code,2048,0,resident_seed_batch,fixed_2,256,97,97,24,191,159,2480.451310862903,405.57994970448436,2834.9840783415284,27.865543723228996,5748.880882632141,22.4565659477818,44.5304060436176,8.616701234132051e-05,0,1,96,0,0,0
tune-code-2048,tune,code,2048,0,resident_seed_batch,fixed_3,256,75,75,23,225,181,0.0,379.9268891855266,2861.0837084195723,45.52728008907398,3286.537877694173,12.838038584742863,77.89351881123274,6.52919989079237e-05,0,0,0,75,0,0
tune-code-2048,tune,code,2048,0,resident_seed_batch,fixed_4,256,68,68,33,266,188,51.327831240891385,406.90354540716265,2758.5865678101513,63.287778699375444,3280.10572315758,12.812912981084297,78.04626484830577,6.125000072643161e-05,0,0,1,0,67,0
tune-code-2048,tune,code,2048,0,resident_seed_batch,fixed_5,256,57,57,30,280,199,26.917645237411005,389.14516667164577,2495.8704905401178,59.366519395544486,2971.2998218447187,11.606639929080933,86.15757929169985,5.05829812027514e-05,0,1,0,0,1,55
tune-code-2048,tune,code,2048,0,resident_seed_batch,candidate,256,80,68,37,254,176,476.32638352631886,399.99638439127114,2636.662403989538,66.24333714551994,3579.2285090526466,13.9813613634869,71.5237932846479,0.0001253749942407012,12,3,2,3,58,2
tune-code-2048,tune,code,2048,1,resident_seed_batch,ordinary,256,256,0,0,0,0,6604.102028404906,0.0,0.0,0.0,6604.102028404906,25.797273548456666,38.7637863405075,9.637500625103712e-05,256,0,0,0,0,0
tune-code-2048,tune,code,2048,1,resident_seed_batch,default,256,69,60,39,300,187,236.76181487835632,413.9483163841015,2639.893092973541,78.00001142790188,3368.603235663901,13.158606389312114,75.99588971764027,8.816696936264634e-05,9,0,0,0,0,60
tune-code-2048,tune,code,2048,1,resident_seed_batch,existing_cost_gate,256,69,60,39,300,187,236.76181487835632,413.9483163841015,2639.893092973541,78.00001142790188,3368.603235663901,13.158606389312114,75.99588971764027,8.529098704457283e-05,9,0,0,0,0,60
tune-code-2048,tune,code,2048,1,resident_seed_batch,fixed_1,256,136,136,16,134,120,3502.799522426935,451.1192587606511,3606.394886537295,0.0,7560.313667724879,29.53247526455031,33.86102895345054,5.641701864078641e-05,0,136,0,0,0,0
tune-code-2048,tune,code,2048,1,resident_seed_batch,fixed_2,256,99,98,24,192,157,2545.216259805721,413.17426191008906,2724.224656107243,18.74110782966478,5701.356285652718,22.27092299083093,44.90159659802631,3.9000005926936865e-05,1,0,98,0,0,0
tune-code-2048,tune,code,2048,1,resident_seed_batch,fixed_3,256,77,76,21,225,179,52.36521143463264,392.6560341061821,2915.15122641808,41.397358688399514,3401.5698306472937,13.28738215096599,75.25936927518113,2.9875023756176233e-05,1,0,0,76,0,0
tune-code-2048,tune,code,2048,1,resident_seed_batch,fixed_4,256,65,65,26,259,191,0.0,386.63444848095605,2660.701403302542,51.11601430084329,3098.4518660843414,12.103327601891959,82.62190637917483,2.612505340948701e-05,0,0,0,1,64,0
tune-code-2048,tune,code,2048,1,resident_seed_batch,fixed_5,256,62,62,39,307,194,26.895826163338942,425.16017710318266,2719.6172764374733,78.00001142790188,3249.673291131898,12.694036293483977,78.77714990568553,2.2958964109420776e-05,0,0,1,0,0,61
tune-code-2048,tune,code,2048,1,resident_seed_batch,candidate,256,78,66,20,225,178,456.327184402479,365.2051463879659,2542.686652030827,35.979143460439516,3400.1981262817117,13.282023930787936,75.28973033108188,7.879198528826237e-05,12,3,2,40,4,17
tune-code-2048,tune,code,2048,2,resident_seed_batch,ordinary,256,256,0,0,0,0,6561.017658467948,0.0,0.0,0.0,6561.017658467948,25.628975228390424,39.0183372955253,0.00013000000035390258,256,0,0,0,0,0
tune-code-2048,tune,code,2048,2,resident_seed_batch,default,256,97,56,35,275,159,1075.8811487265637,379.30766915624645,2377.768095483198,65.68066332256795,3898.637576688574,15.229053033939742,65.6639646451675,0.00014070799807086587,41,0,0,0,0,56
tune-code-2048,tune,code,2048,2,resident_seed_batch,existing_cost_gate,256,99,54,34,265,157,1184.4511785244601,365.23909297102426,2288.9363979927234,63.78524372785171,3902.4119132160577,15.243796536000225,65.60045574200421,0.0001294589601457119,45,0,0,0,0,54
tune-code-2048,tune,code,2048,2,resident_seed_batch,fixed_1,256,138,137,19,135,118,3523.498885656664,450.1190187386785,3514.5013201842557,0.0,7488.119224579597,29.250465721014052,34.18748985188233,6.020901491865516e-05,1,137,0,0,0,0
tune-code-2048,tune,code,2048,2,resident_seed_batch,fixed_2,256,101,101,33,196,155,2573.723403564226,421.7858588475757,2823.9883396182945,37.422701690132286,5856.92030372023,22.878594936407147,43.70897787996066,4.333298420533538e-05,0,0,101,0,0,0
tune-code-2048,tune,code,2048,2,resident_seed_batch,fixed_3,256,82,82,34,239,174,78.70821802715525,413.4017628608102,3030.1875108408517,63.07611708337921,3585.373608812196,14.00536565942264,71.40120610326315,3.2750016544014215e-05,0,0,1,81,0,0
tune-code-2048,tune,code,2048,2,resident_seed_batch,fixed_4,256,74,74,39,281,182,99.6081639695308,436.6680700170011,2879.9188496814236,70.78163986731258,3486.9767235352674,13.621002826309638,73.41603351468738,3.650004509836435e-05,0,0,1,1,72,0
tune-code-2048,tune,code,2048,2,resident_seed_batch,fixed_5,256,68,68,41,324,188,77.67924719453622,455.861754769164,2827.2382176093374,75.5966282279353,3436.375847800972,13.423343155472548,74.49708976502706,3.3709045965224504e-05,0,0,1,1,1,65
tune-code-2048,tune,code,2048,2,resident_seed_batch,candidate,256,72,63,30,259,184,414.63273085284095,391.56851022580696,2535.359636030066,55.34710799551315,3396.907985104227,13.269171816813387,75.36265366108972,7.275003008544445e-05,9,3,2,2,24,32
tune-code-2048,tune,code,2048,3,resident_seed_batch,ordinary,256,256,0,0,0,0,6551.373051371825,0.0,0.0,0.0,6551.373051371825,25.59130098192119,39.07577816018199,9.46659711189568e-05,256,0,0,0,0,0
tune-code-2048,tune,code,2048,3,resident_seed_batch,default,256,75,60,37,290,181,435.1748489389035,410.0064648048297,2527.6388584508845,69.16943774067624,3441.9896099352936,13.44527191380974,74.37558767204197,9.012501686811447e-05,15,0,0,0,0,60
tune-code-2048,tune,code,2048,3,resident_seed_batch,existing_cost_gate,256,83,60,40,290,173,647.1120166554738,412.0965800783881,2541.088383327482,75.83143778505642,3676.128417846401,14.359876632212504,69.63848127753202,0.00010258302791044116,23,0,0,0,0,60
tune-code-2048,tune,code,2048,3,resident_seed_batch,fixed_1,256,138,137,19,135,118,3534.795965506076,452.0571601289816,3536.5124527633907,0.0,7523.365578398446,29.38814679061893,34.02732425166778,5.4500007536262274e-05,1,137,0,0,0,0
tune-code-2048,tune,code,2048,3,resident_seed_batch,fixed_2,256,96,96,23,182,160,2476.780170787372,406.05511818851284,2876.317101446873,27.464142633205505,5786.616533055963,22.603970832249857,44.24001461607205,4.670803900808096e-05,0,0,96,0,0,0
tune-code-2048,tune,code,2048,3,resident_seed_batch,fixed_3,256,83,83,35,239,173,97.9059634360023,419.1158197903097,3049.5180200081295,62.926677158773046,3629.4664803932133,14.17760343903599,70.5337826876046,3.6833982449024916e-05,0,0,1,82,0,0
tune-code-2048,tune,code,2048,3,resident_seed_batch,fixed_4,256,76,76,45,297,180,55.612383130987716,453.8282984049031,3080.398197200452,86.39943747220823,3676.238316208549,14.360305922689644,69.63639948783924,3.0333001632243395e-05,0,1,0,0,75,0
tune-code-2048,tune,code,2048,3,resident_seed_batch,fixed_5,256,62,61,35,295,194,74.23291658520574,418.1312377810157,2583.0769942374322,65.19772589282887,3140.638874496482,12.268120603501883,81.51207771095389,2.4334003683179617e-05,1,0,0,0,0,61
tune-code-2048,tune,code,2048,3,resident_seed_batch,candidate,256,91,81,38,244,165,433.4854062499475,415.4931953773207,2990.635310375007,69.31711968269889,3908.9310316849737,15.269261842519429,65.49105060307224,9.191699791699648e-05,10,3,3,63,9,3
tune-code-2048,tune,code,2048,4,resident_seed_batch,ordinary,256,256,0,0,0,0,6524.311523036461,0.0,0.0,0.0,6524.311523036461,25.485591886861176,39.23785660695364,9.554100688546896e-05,256,0,0,0,0,0
tune-code-2048,tune,code,2048,4,resident_seed_batch,default,256,65,53,23,260,191,327.11097308479594,372.80197785299146,2328.4053369710687,44.42539638012375,3072.743684288979,12.002905016753823,83.31316448844558,7.875001756474376e-05,12,0,0,0,0,53
tune-code-2048,tune,code,2048,4,resident_seed_batch,existing_cost_gate,256,65,53,23,260,191,327.11097308479594,372.80197785299146,2328.4053369710687,44.42539638012375,3072.743684288979,12.002905016753823,83.31316448844558,7.67079764045775e-05,12,0,0,0,0,53
tune-code-2048,tune,code,2048,4,resident_seed_batch,fixed_1,256,133,132,9,131,123,3388.7374167610187,433.42170239406585,3674.572656607753,0.0,7496.73177576284,29.284108499073593,34.14821386936315,5.2499992307275534e-05,1,132,0,0,0,0
tune-code-2048,tune,code,2048,4,resident_seed_batch,fixed_2,256,95,95,19,185,161,2431.370451337819,397.64223497780836,2813.3938842565676,19.81342040052126,5662.219990972714,22.118046839737165,45.211948742391,3.7165998946875334e-05,0,1,94,0,0,0
tune-code-2048,tune,code,2048,4,resident_seed_batch,fixed_3,256,71,70,13,207,185,47.54992159532046,355.3587429225083,2640.548209088374,23.122695736490638,3066.579569342694,11.978826442744898,83.48063182814211,2.7665984816849232e-05,1,0,0,70,0,0
tune-code-2048,tune,code,2048,4,resident_seed_batch,fixed_4,256,64,64,24,255,192,0.0,384.8966289373422,2645.6219213128147,47.199589949394955,3077.718140199551,12.022336485154495,83.17850704268899,2.4333014152944088e-05,0,0,0,1,63,0
tune-code-2048,tune,code,2048,4,resident_seed_batch,fixed_5,256,56,56,24,273,200,27.06494240497336,390.96937593475167,2452.5051722803387,46.477414307157055,2917.0169049272217,11.39459728487196,87.76089009548852,2.0374951418489218e-05,0,0,0,1,0,55
tune-code-2048,tune,code,2048,4,resident_seed_batch,candidate,256,88,76,28,223,168,453.80518896991765,388.0871470183177,2875.1949290904668,53.3543529677109,3770.4416180464127,14.7282875704938,67.8965558768264,8.570897625759244e-05,12,3,2,67,2,2
tune-code-2048,tune,code,2048,5,resident_seed_batch,ordinary,256,256,0,0,0,0,6577.810764623335,0.0,0.0,0.0,6577.810764623335,25.6945732993099,38.91872374572018,0.00012412498472258449,256,0,0,0,0,0
tune-code-2048,tune,code,2048,5,resident_seed_batch,default,256,96,49,23,235,160,1262.8603954314228,344.8998623670627,2122.0552286324614,42.7381540553432,3772.553640486289,14.736537658149567,67.85854474079821,0.00011783296940848231,47,0,0,0,0,49
tune-code-2048,tune,code,2048,5,resident_seed_batch,existing_cost_gate,256,79,56,29,270,177,656.1031941058451,391.6378222235936,2420.093742764549,54.986562295357345,3522.8213213893446,13.761020786677127,72.66902764714666,9.591702837496996e-05,23,0,0,0,0,56
tune-code-2048,tune,code,2048,5,resident_seed_batch,fixed_1,256,139,138,21,135,117,3541.0177763997954,451.96780668984434,3495.6665679186367,0.0,7488.652151008281,29.2525474648761,34.18505691515286,5.566596519201994e-05,1,138,0,0,0,0
tune-code-2048,tune,code,2048,5,resident_seed_batch,fixed_2,256,100,100,30,195,156,2553.304754688948,417.5236328346606,2849.9874081623648,34.926896553631515,5855.742692239601,22.87399489156094,43.717767916829295,3.816594835370779e-05,0,1,99,0,0,0
tune-code-2048,tune,code,2048,5,resident_seed_batch,fixed_3,256,79,78,29,234,177,31.39351181819617,396.9851572694187,2991.4385434851006,57.97045404648271,3477.7876666191974,13.58510807273124,73.61001433674672,3.0416005756706e-05,1,0,0,78,0,0
tune-code-2048,tune,code,2048,5,resident_seed_batch,fixed_4,256,70,70,33,280,186,0.0,420.67667838541286,2894.595512143605,67.08095672871747,3382.353147257737,13.212316981475535,75.68695191025618,2.6916968636214733e-05,0,0,0,0,70,0
tune-code-2048,tune,code,2048,5,resident_seed_batch,fixed_5,256,64,64,34,309,192,46.00636948453783,449.22004266988415,2792.49653543048,65.02477367017744,3352.747721255079,13.096670786152652,76.35528267667216,2.5999965146183968e-05,0,0,0,0,1,63
tune-code-2048,tune,code,2048,5,resident_seed_batch,candidate,256,88,76,31,228,168,474.78832876799055,390.6772017836594,2786.00947420656,53.46823969109774,3704.9432444493073,14.472434548630106,69.0968749341938,8.545804303139448e-05,12,3,2,64,3,4
tune-code-2048,tune,code,2048,6,resident_seed_batch,ordinary,256,256,0,0,0,0,6561.218310187353,0.0,0.0,0.0,6561.218310187353,25.62975902416935,39.017144057303895,0.0001272499794140458,256,0,0,0,0,0
tune-code-2048,tune,code,2048,6,resident_seed_batch,default,256,69,58,32,280,187,339.79515732466837,406.1204449129709,2496.598169690931,61.0688541614316,3303.5826260900008,12.904619633164065,77.49162923253178,0.00010158302029594779,11,0,0,0,0,58
tune-code-2048,tune,code,2048,6,resident_seed_batch,existing_cost_gate,256,69,58,32,280,187,339.79515732466837,406.1204449129709,2496.598169690931,61.0688541614316,3303.5826260900008,12.904619633164065,77.49162923253178,9.774998761713505e-05,11,0,0,0,0,58
tune-code-2048,tune,code,2048,6,resident_seed_batch,fixed_1,256,136,135,15,133,120,3461.5227868210163,442.06590803641984,3579.7236063748333,0.0,7483.3123012322685,29.23168867668855,34.20945026680829,6.120797479525208e-05,1,135,0,0,0,0
tune-code-2048,tune,code,2048,6,resident_seed_batch,fixed_2,256,97,97,23,190,159,2499.597817172607,409.8516252734752,2799.8865934505325,21.988139283757445,5731.324175180373,22.38798505929833,44.666815586634186,4.1457999031990767e-05,0,0,97,0,0,0
tune-code-2048,tune,code,2048,6,resident_seed_batch,fixed_3,256,82,82,36,244,174,23.175191848616983,413.9214675395119,3121.2673793169783,71.51307416406937,3629.877112869177,14.179207472145222,70.52580350238055,3.366696182638407e-05,0,1,0,81,0,0
tune-code-2048,tune,code,2048,6,resident_seed_batch,fixed_4,256,71,71,36,281,185,23.175191848616983,420.9641058006413,2894.7965658452927,71.79899577878523,3410.734859273335,13.323183044036465,75.05713887550361,2.8958020266145468e-05,0,1,0,0,70,0
tune-code-2048,tune,code,2048,6,resident_seed_batch,fixed_5,256,65,65,39,311,191,79.94041331796187,450.76650091450426,2791.4656128408437,75.17494727977187,3397.34747435308,13.270888571691719,75.35290456232985,2.3749948013573885e-05,0,0,1,0,1,63
tune-code-2048,tune,code,2048,6,resident_seed_batch,candidate,256,71,63,30,261,185,338.1164412115663,386.6739494766711,2576.3860796224094,57.30806539170181,3358.484535702348,13.119080217587296,76.22485596661043,7.845798972994089e-05,8,3,2,11,14,33
tune-code-2048,tune,code,2048,7,resident_seed_batch,ordinary,256,256,0,0,0,0,6575.462953359705,0.0,0.0,0.0,6575.462953359705,25.68540216156135,38.932619925901626,8.283299393951893e-05,256,0,0,0,0,0
tune-code-2048,tune,code,2048,7,resident_seed_batch,default,256,67,52,22,250,189,436.41094776222747,359.4018487972567,2200.6547536599965,40.63555449838592,3037.1031047178662,11.863684002804165,84.29084926432924,8.337496547028422e-05,15,0,0,0,0,52
tune-code-2048,tune,code,2048,7,resident_seed_batch,existing_cost_gate,256,71,51,22,250,185,535.4466941442308,351.2912358846947,2193.909378727239,42.12147111386597,3122.76877987003,12.198315546367304,81.97853188818378,9.20419697649777e-05,20,0,0,0,0,51
tune-code-2048,tune,code,2048,7,resident_seed_batch,fixed_1,256,135,135,14,134,121,3446.4134157577464,443.90740599937516,3603.5440784854663,0.0,7493.864900242584,29.272909766572592,34.161277712881244,5.791697185486555e-05,0,135,0,0,0,0
tune-code-2048,tune,code,2048,7,resident_seed_batch,fixed_2,256,100,100,28,194,156,2574.274096755663,422.0583150959146,2748.9480444202595,23.977771799005637,5769.25822807084,22.53616495340172,44.3731221380262,4.291697405278683e-05,0,0,100,0,0,0
tune-code-2048,tune,code,2048,7,resident_seed_batch,fixed_3,256,79,79,28,235,177,23.426548457159555,400.67268268676094,3024.0090432217353,56.41766224605507,3504.5259366117098,13.689554439889491,73.0483964537324,3.4374999813735485e-05,0,1,0,78,0,0
tune-code-2048,tune,code,2048,7,resident_seed_batch,fixed_4,256,69,69,31,274,187,26.300127358304618,410.4247174785026,2824.3841900873995,62.98259981984387,3324.09163474405,12.984732948218946,77.01352072374851,3.0957977287471294e-05,0,0,1,0,68,0
tune-code-2048,tune,code,2048,7,resident_seed_batch,fixed_5,256,55,55,22,267,201,52.40668350580913,376.9283125046832,2364.649920618358,42.5074375391343,2836.492354167984,11.080048258468688,90.25231449111075,2.1665997337549925e-05,0,0,1,0,0,54
tune-code-2048,tune,code,2048,7,resident_seed_batch,candidate,256,82,71,27,239,174,435.7743945113863,391.5356582772251,2776.0861291639376,53.205868158785,3656.6020501113353,14.283601758247404,70.01035291554501,8.720799814909697e-05,11,3,2,42,11,13
tune-code-2048,tune,code,2048,8,resident_seed_batch,ordinary,256,256,0,0,0,0,6500.392329604029,0.0,0.0,0.0,6500.392329604029,25.39215753751574,39.38223833569661,8.416699711233377e-05,256,0,0,0,0,0
tune-code-2048,tune,code,2048,8,resident_seed_batch,default,256,98,52,32,260,158,1159.1768024326154,359.38411209006614,2292.2796949534113,64.02623381084395,3874.8668432869367,15.136198606589597,66.06678638351418,0.00011583301238715649,46,0,0,0,0,52
tune-code-2048,tune,code,2048,8,resident_seed_batch,existing_cost_gate,256,97,53,33,265,159,1110.2578407022213,365.6401170572026,2333.1967618157023,65.83956858392699,3874.9342881590533,15.136462063121302,66.06563646312136,0.00012029201025143266,44,0,0,0,0,53
tune-code-2048,tune,code,2048,8,resident_seed_batch,fixed_1,256,136,135,15,133,120,3469.9659483682444,443.5773172418844,3562.835011236221,0.0,7476.378276846351,29.204602643931057,34.241178083886986,5.724997026845813e-05,1,135,0,0,0,0
tune-code-2048,tune,code,2048,8,resident_seed_batch,fixed_2,256,96,96,23,188,160,2457.7415230591005,402.93340016640326,2839.5160873722257,28.077666901806975,5728.2686774995345,22.376049521482557,44.69064117148699,3.991700941696763e-05,0,0,96,0,0,0
tune-code-2048,tune,code,2048,8,resident_seed_batch,fixed_3,256,80,79,32,234,176,54.69734560333936,396.7992609366129,2944.308276358604,61.56827527004998,3457.3731581686056,13.505363899096116,74.04465421823457,3.370799822732806e-05,1,0,0,79,0,0
tune-code-2048,tune,code,2048,8,resident_seed_batch,fixed_4,256,65,65,29,256,191,28.952604940229794,388.90439461316527,2624.4830033580183,55.74577148794559,3098.085774399359,12.101897556247495,82.63166956687375,2.7374946512281895e-05,0,0,0,0,65,0
tune-code-2048,tune,code,2048,8,resident_seed_batch,fixed_5,256,63,63,37,309,193,26.05041827234469,430.963710135162,2711.3028640349667,71.27188756103902,3239.588880003512,12.654644062513718,79.02237274000103,2.583395689725876e-05,0,0,0,0,1,62
tune-code-2048,tune,code,2048,8,resident_seed_batch,candidate,256,72,62,30,256,184,386.46797449103946,378.8187498327825,2415.600417419038,51.962965773837084,3232.8501075166973,12.628320732487099,79.18709234454595,7.520802319049835e-05,10,2,2,2,32,24
tune-code-2048,tune,code,2048,9,resident_seed_batch,ordinary,256,256,0,0,0,0,6548.187556578182,0.0,0.0,0.0,6548.187556578182,25.578857642883523,39.09478734200693,9.450002107769251e-05,256,0,0,0,0,0
tune-code-2048,tune,code,2048,9,resident_seed_batch,default,256,70,58,34,280,186,361.20507055778955,398.49712656227445,2447.804494181901,63.036667030332396,3270.5433583322965,12.775559993485533,78.27445532797907,8.587498450651765e-05,12,0,0,0,0,58
tune-code-2048,tune,code,2048,9,resident_seed_batch,existing_cost_gate,256,73,56,33,275,183,464.43627974050025,384.72755762063105,2407.1032114429368,62.92455486492411,3319.1916036689913,12.965592201831997,77.12721366160993,9.050004882737994e-05,17,0,0,0,0,56
tune-code-2048,tune,code,2048,9,resident_seed_batch,fixed_1,256,134,134,12,131,122,3450.4112344158625,444.4000337308802,3674.6453035038494,0.0,7569.456571650587,29.568189733010104,33.82012930211936,5.3292023949325085e-05,0,134,0,0,0,0
tune-code-2048,tune,code,2048,9,resident_seed_batch,fixed_2,256,98,97,28,192,158,2524.546438429109,409.36379996794943,2923.2489386866973,39.69296967452194,5896.852146758278,23.034578698274522,43.41299283563229,3.825000021606684e-05,1,0,97,0,0,0
tune-code-2048,tune,code,2048,9,resident_seed_batch,fixed_3,256,83,83,39,244,173,56.03143969939205,417.50555416193265,3109.2207947184497,74.72860090964264,3657.486389489417,14.287056208943035,69.99342519378109,3.266602288931608e-05,0,1,0,82,0,0
tune-code-2048,tune,code,2048,9,resident_seed_batch,fixed_4,256,65,64,25,252,191,51.91906330983743,379.79425909747033,2567.4115160005945,47.05503065000017,3046.1798690579017,11.899140113507428,84.03968610007709,2.5707995519042015e-05,1,0,0,0,64,0
tune-code-2048,tune,code,2048,9,resident_seed_batch,fixed_5,256,61,61,36,295,195,54.51353030144275,418.24621732017846,2575.854633428675,66.83566939526,3115.4500504455546,12.169726759552947,82.17111359669795,2.2875028662383556e-05,0,0,0,0,0,61
tune-code-2048,tune,code,2048,9,resident_seed_batch,candidate,256,77,68,29,251,179,406.7827338391147,389.6608363375902,2622.101037136226,53.05031478799159,3471.594922100921,13.560917664456722,73.74132228683965,7.49579630792141e-05,9,3,2,13,38,12
tune-code-2048,tune,code,2048,10,resident_seed_batch,ordinary,256,256,0,0,0,0,6550.784788416604,0.0,0.0,0.0,6550.784788416604,25.58900307975236,39.07928717986139,0.00012708298163488507,256,0,0,0,0,0
tune-code-2048,tune,code,2048,10,resident_seed_batch,default,256,62,53,24,260,194,268.39795391940663,366.18921051079354,2286.299946107868,46.51684983662143,2967.403960374689,11.59142172021363,86.27069432355792,8.570798672735691e-05,9,0,0,0,0,53
tune-code-2048,tune,code,2048,10,resident_seed_batch,existing_cost_gate,256,65,52,23,255,191,367.6540232834826,360.1341736986025,2247.183984955866,44.76176670265302,3019.733948640604,11.79583573687736,84.77568035927261,7.95419909991324e-05,13,0,0,0,0,52
tune-code-2048,tune,code,2048,10,resident_seed_batch,fixed_1,256,136,135,15,133,120,3465.9267583963997,443.1085044290242,3583.8137346513695,0.0,7492.84899747679,29.26894139639371,34.165909400577505,7.641699630767107e-05,1,135,0,0,0,0
tune-code-2048,tune,code,2048,10,resident_seed_batch,fixed_2,256,98,98,26,194,158,2526.156788828988,414.0948164476973,2827.275549720064,28.700585773317503,5796.22774077007,22.641514612383087,44.166656565152245,4.137499490752816e-05,0,0,98,0,0,0
tune-code-2048,tune,code,2048,10,resident_seed_batch,fixed_3,256,80,79,31,235,176,49.01614400901434,397.8326769138879,2973.8053030939,59.47114649428328,3480.125270511085,13.594239337933926,73.56057041084739,3.170798299834132e-05,1,1,0,78,0,0
tune-code-2048,tune,code,2048,10,resident_seed_batch,fixed_4,256,68,67,34,264,188,49.01614400901434,394.1285858552953,2689.1087193487565,64.61834638692542,3196.8717955999923,12.48778045156247,80.07828163529894,3.0459021218121052e-05,1,1,0,1,65,0
tune-code-2048,tune,code,2048,10,resident_seed_batch,fixed_5,256,56,56,27,275,200,27.85623934312805,388.4428655624525,2430.5234873849104,52.83532510194989,2899.6579173924406,11.326788739814221,88.28627627572418,2.0957959350198507e-05,0,0,0,0,0,56
tune-code-2048,tune,code,2048,10,resident_seed_batch,candidate,256,86,76,27,225,170,410.73478478325575,386.58884629300024,2852.585032280642,52.45205571145288,3702.360719068351,14.462346558860746,69.14507240786061,8.749996777623892e-05,10,3,2,65,4,2
tune-code-2048,tune,code,2048,11,resident_seed_batch,ordinary,256,256,0,0,0,0,6575.44983114011,0.0,0.0,0.0,6575.44983114011,25.685350902891056,38.932697621329496,9.716697968542576e-05,256,0,0,0,0,0
tune-code-2048,tune,code,2048,11,resident_seed_batch,default,256,88,52,27,260,168,910.4250254829772,360.5193972941161,2297.7747737768223,54.71562212437294,3623.4348186782863,14.154042260462056,70.65119501539168,0.00010925001697614789,36,0,0,0,0,52
tune-code-2048,tune,code,2048,11,resident_seed_batch,existing_cost_gate,256,92,52,30,260,164,1016.7236947620286,359.60022131159917,2292.4339883488838,60.671732164024434,3729.4296365865343,14.56808451791615,68.64320417486445,0.00011520803673192859,40,0,0,0,0,52
tune-code-2048,tune,code,2048,11,resident_seed_batch,fixed_1,256,137,136,17,135,119,3471.2351474003003,443.8836321931771,3522.6844553560045,0.0,7437.803234949482,29.053918886521416,34.41876477682039,5.641602911055088e-05,1,136,0,0,0,0
tune-code-2048,tune,code,2048,11,resident_seed_batch,fixed_2,256,99,98,26,194,157,2558.2865167973127,415.3346083625227,2803.2000070557187,26.045958778046042,5802.867090993598,22.667449574193743,44.116123286250605,3.987504169344902e-05,1,0,98,0,0,0
tune-code-2048,tune,code,2048,11,resident_seed_batch,fixed_3,256,77,76,24,225,179,47.82556952545379,382.771054180969,2846.5796845522827,45.15428258851124,3322.330590847217,12.977853870496942,77.0543427271391,3.208301495760679e-05,1,0,0,76,0,0
tune-code-2048,tune,code,2048,11,resident_seed_batch,fixed_4,256,73,73,39,287,183,22.839482277772216,431.08314409407245,2928.308158975382,74.79628502754208,3457.0270703747674,13.504011993651435,74.05206693167366,2.9582995921373367e-05,0,0,0,1,72,0
tune-code-2048,tune,code,2048,11,resident_seed_batch,fixed_5,256,62,62,35,308,194,0.0,424.6948376958729,2716.7629850733897,69.73869866450335,3211.196521433767,12.543736411850652,79.7210629406445,2.4500011932104826e-05,0,0,0,1,0,61
tune-code-2048,tune,code,2048,11,resident_seed_batch,candidate,256,80,69,29,253,176,422.55396349699936,396.18973947448825,2729.9916087944034,56.03486027836518,3604.7701720442547,14.08113348454787,71.01701017871638,8.362502558156848e-05,11,3,2,29,11,24
tune-code-2048,tune,code,2048,12,resident_seed_batch,ordinary,256,256,0,0,0,0,6552.614765541018,0.0,0.0,0.0,6552.614765541018,25.5961514278946,39.06837333796218,8.662499021738768e-05,256,0,0,0,0,0
tune-code-2048,tune,code,2048,12,resident_seed_batch,default,256,67,59,35,295,189,200.38346129637327,410.8892567146655,2618.1543053074024,70.07262487757842,3299.4996481960197,12.888670500765702,77.58752153223182,7.987499702721834e-05,8,0,0,0,0,59
tune-code-2048,tune,code,2048,12,resident_seed_batch,existing_cost_gate,256,67,59,35,295,189,200.38346129637327,410.8892567146655,2618.1543053074024,70.07262487757842,3299.4996481960197,12.888670500765702,77.58752153223182,8.100003469735384e-05,8,0,0,0,0,59
tune-code-2048,tune,code,2048,12,resident_seed_batch,fixed_1,256,138,137,19,134,118,3495.25614365353,447.32121811123176,3505.89783186283,0.0,7448.475193627594,29.09560622510779,34.369450571442606,5.404202966019511e-05,1,137,0,0,0,0
tune-code-2048,tune,code,2048,12,resident_seed_batch,fixed_2,256,97,96,23,189,159,2501.8875327967326,405.6661075666744,2846.4359821172534,25.911450175111256,5779.901072655771,22.577738565061605,44.29141550728517,3.6958022974431515e-05,1,1,95,0,0,0
tune-code-2048,tune,code,2048,12,resident_seed_batch,fixed_3,256,77,76,24,223,179,76.61879216260071,378.970345726235,2785.0694492106504,43.44608041500326,3284.104667514491,12.828533857478481,77.95123052327942,2.8999987989664078e-05,1,1,0,75,0,0
tune-code-2048,tune,code,2048,12,resident_seed_batch,fixed_4,256,63,63,28,250,193,25.419614205700995,373.1619083526191,2567.671822628304,55.06407759100427,3021.317422777628,11.80202118272511,84.73124937817626,2.37500062212348e-05,0,0,1,0,62,0
tune-code-2048,tune,code,2048,12,resident_seed_batch,fixed_5,256,62,61,36,301,194,47.74934188298245,420.8349018173368,2661.992165975121,70.07262487757842,3200.649034553019,12.502535291222731,79.98377742649038,2.2082997020334005e-05,1,1,0,0,0,60
tune-code-2048,tune,code,2048,12,resident_seed_batch,candidate,256,75,63,28,245,181,464.19312121631685,379.5759434912774,2479.511849028085,49.468916577190384,3372.7498303128714,13.174804024659654,75.90245730625455,7.47090089134872e-05,12,2,2,12,25,22
tune-code-2048,tune,code,2048,13,resident_seed_batch,ordinary,256,256,0,0,0,0,6585.670180462547,0.0,0.0,0.0,6585.670180462547,25.725274142431825,38.87227768549134,0.00010183296399191022,256,0,0,0,0,0
tune-code-2048,tune,code,2048,13,resident_seed_batch,default,256,69,58,34,280,187,341.95151803822483,401.59509665531675,2469.1476538574575,65.16861769266973,3277.8628862436703,12.804151899389337,78.09966703438535,8.824997348710895e-05,11,0,0,0,0,58
tune-code-2048,tune,code,2048,13,resident_seed_batch,existing_cost_gate,256,73,58,35,280,183,442.98384389698805,403.3129083581765,2480.251297744975,67.33713569595375,3393.885185696094,13.257364006625368,75.42977619836417,9.56669682636857e-05,15,0,0,0,0,58
tune-code-2048,tune,code,2048,13,resident_seed_batch,fixed_1,256,135,134,13,133,121,3439.4443318077297,439.6337024721404,3606.709422784329,0.0,7485.787457064196,29.241357254157016,34.19813900251972,5.387497367337346e-05,1,134,0,0,0,0
tune-code-2048,tune,code,2048,13,resident_seed_batch,fixed_2,256,98,98,23,189,158,2523.003754070916,412.7529234534233,2768.8526872012103,18.715457410510513,5723.324822136059,22.35673758646898,44.72924531731464,4.033301956951618e-05,0,1,97,0,0,0
tune-code-2048,tune,code,2048,13,resident_seed_batch,fixed_3,256,76,76,20,223,180,50.66039521189691,383.8046786186125,2854.07508306622,36.961215988871345,3325.5013728856,12.990239737834376,76.98087334658472,3.1999952625483274e-05,0,1,0,75,0,0
tune-code-2048,tune,code,2048,13,resident_seed_batch,fixed_4,256,63,62,23,248,193,26.42513086006405,374.40571877977817,2569.869885787116,46.60716776365629,3017.3079031906145,11.786358996838338,84.84384365589472,2.54589831456542e-05,1,0,0,0,62,0
tune-code-2048,tune,code,2048,13,resident_seed_batch,fixed_5,256,60,60,33,286,196,76.84716778517817,412.59272904693483,2549.4672035767903,62.91421130564331,3101.821311714548,12.116489498884953,82.53215587666934,2.1832995116710663e-05,0,1,0,0,0,59
tune-code-2048,tune,code,2048,13,resident_seed_batch,candidate,256,80,68,22,220,176,432.93536539656617,360.4318876835176,2529.6089717714403,37.33217003543733,3360.308394886961,13.126204667527192,76.18348375093461,8.283404167741537e-05,12,3,2,38,23,2
tune-code-2048,tune,code,2048,14,resident_seed_batch,ordinary,256,256,0,0,0,0,6497.33839192489,0.0,0.0,0.0,6497.33839192489,25.3802280934566,39.40074913108503,9.766599396243691e-05,256,0,0,0,0,0
tune-code-2048,tune,code,2048,14,resident_seed_batch,default,256,123,49,33,240,133,1908.4263843169035,333.1849066873078,2079.318011808366,62.75963257972257,4383.688935392296,17.123784903876157,58.398304207479214,0.0001461670035496354,74,0,0,0,0,49
tune-code-2048,tune,code,2048,14,resident_seed_batch,existing_cost_gate,256,98,51,30,255,158,1186.1136660331476,348.3577255030767,2223.966254336976,59.51503694022,3817.9526828134185,14.913877667239916,67.05164292695102,0.00012100004823878407,47,0,0,0,0,51
tune-code-2048,tune,code,2048,14,resident_seed_batch,fixed_1,256,137,137,18,132,119,3470.156047196103,447.00088627038417,3518.6519872923577,0.0,7435.808920758844,29.046128596714233,34.42799602949917,5.616701673716307e-05,0,137,0,0,0,0
tune-code-2048,tune,code,2048,14,resident_seed_batch,fixed_2,256,98,98,27,192,158,2488.8649204063254,408.0855602858837,2836.507120190728,30.729882425134022,5764.187483308075,22.516357356672167,44.41215708915166,4.3042004108428955e-05,0,0,98,0,0,0
tune-code-2048,tune,code,2048,14,resident_seed_batch,fixed_3,256,82,82,33,236,174,103.76352460346611,413.85888366194854,2998.551501017054,60.18242842362822,3576.3563377060964,13.970141944164439,71.58123403446997,3.4999975468963385e-05,0,0,1,81,0,0
tune-code-2048,tune,code,2048,14,resident_seed_batch,fixed_4,256,68,68,31,258,188,98.38867844832806,402.4527603954237,2651.0342998635588,54.89223064978719,3206.7679693570967,12.526437380301159,79.83115786557009,2.8999987989664078e-05,0,0,1,0,67,0
tune-code-2048,tune,code,2048,14,resident_seed_batch,fixed_5,256,65,64,39,320,191,25.681159565330645,436.12348978171116,2782.1877360054864,77.32621876935994,3321.3186041218896,12.973900797351131,77.0778207433318,2.641702303662896e-05,1,0,0,0,0,64
tune-code-2048,tune,code,2048,14,resident_seed_batch,candidate,256,75,63,34,282,181,422.0070160301716,401.7317170518182,2613.5399208824847,65.82407560993929,3503.102729574414,13.683995037400054,73.07807385685804,8.31250217743218e-05,12,3,2,2,11,45
tune-code-2048,tune,code,2048,15,resident_seed_batch,ordinary,256,256,0,0,0,0,6557.186262154335,0.0,0.0,0.0,6557.186262154335,25.61400883654037,39.04113590268707,0.00012595899170264602,256,0,0,0,0,0
tune-code-2048,tune,code,2048,15,resident_seed_batch,default,256,89,48,23,240,167,1057.8400495776705,333.8631325002901,2125.36382412403,47.81057298768164,3564.8775791896715,13.925303043709654,71.81172265056885,0.00011362496297806501,41,0,0,0,0,48
tune-code-2048,tune,code,2048,15,resident_seed_batch,existing_cost_gate,256,89,48,23,240,167,1057.8400495776705,333.8631325002901,2125.36382412403,47.81057298768164,3564.8775791896715,13.925303043709654,71.81172265056885,0.00011558301048353314,41,0,0,0,0,48
tune-code-2048,tune,code,2048,15,resident_seed_batch,fixed_1,256,140,139,23,136,116,3587.064203638963,458.81665532282057,3468.992360738039,0.0,7514.873219699824,29.35497351445244,34.06577762734708,6.158300675451756e-05,1,139,0,0,0,0
tune-code-2048,tune,code,2048,15,resident_seed_batch,fixed_2,256,101,101,28,196,155,2588.3111149941024,424.16625817091403,2667.049559546083,17.750981357790664,5697.277914068888,22.254991851831594,44.93373921040998,4.495901521295309e-05,0,0,101,0,0,0
tune-code-2048,tune,code,2048,15,resident_seed_batch,fixed_3,256,76,76,26,224,180,52.87337303405772,383.87260366775007,2853.9075647502204,49.590754733165866,3340.244296185192,13.047829281973407,76.6411008597099,2.9207963962107897e-05,0,0,1,75,0,0
tune-code-2048,tune,code,2048,15,resident_seed_batch,fixed_4,256,68,68,30,263,188,46.744317526202906,409.0698717994128,2738.5381959827173,57.45306619760889,3251.805451505943,12.70236504494509,78.7254969024804,3.1292031053453684e-05,0,0,0,1,67,0
tune-code-2048,tune,code,2048,15,resident_seed_batch,fixed_5,256,57,57,27,283,199,0.0,390.39433549522425,2500.02432106816,55.39110720327807,2945.8097637666615,11.507069389713521,86.90309983651674,2.1208019461482763e-05,0,0,0,1,0,56
tune-code-2048,tune,code,2048,15,resident_seed_batch,candidate,256,81,70,27,244,175,456.3548432292134,391.05310160258324,2684.1736264276506,50.68714789526267,3582.2687191547097,13.993237184198085,71.46309226640236,8.07089963927865e-05,11,3,2,38,4,23
tune-code-2048,tune,code,2048,16,resident_seed_batch,ordinary,256,256,0,0,0,0,6541.922712037442,0.0,0.0,0.0,6541.922712037442,25.554385593896257,39.13222629930313,9.425001917406917e-05,256,0,0,0,0,0
tune-code-2048,tune,code,2048,16,resident_seed_batch,default,256,70,56,26,265,186,429.4686450407337,377.6678416183693,2284.2471364751873,45.68512507572185,3137.068748210013,12.254174797695363,81.60484214637363,8.95840348675847e-05,14,0,0,0,0,56
tune-code-2048,tune,code,2048,16,resident_seed_batch,existing_cost_gate,256,70,56,26,265,186,429.4686450407337,377.6678416183693,2284.2471364751873,45.68512507572185,3137.068748210013,12.254174797695363,81.60484214637363,9.40409954637289e-05,14,0,0,0,0,56
tune-code-2048,tune,code,2048,16,resident_seed_batch,fixed_1,256,135,134,13,131,121,3468.108485531145,443.3812520588288,3626.935516410225,0.0,7538.425254000203,29.44697364843829,33.95934712812278,5.8375007938593626e-05,1,134,0,0,0,0
tune-code-2048,tune,code,2048,16,resident_seed_batch,fixed_2,256,100,99,29,192,156,2544.8938014951837,413.1940723262076,2786.1822264752905,32.09147771323541,5776.361578009913,22.56391241410122,44.318555295182506,4.2832980398088694e-05,1,0,99,0,0,0
tune-code-2048,tune,code,2048,16,resident_seed_batch,fixed_3,256,77,77,24,224,179,79.15212164537323,393.7680978556037,2885.7149166204367,44.80224948049613,3403.4373856019106,13.294677287507463,75.21807249429548,3.1791976653039455e-05,0,0,1,76,0,0
tune-code-2048,tune,code,2048,16,resident_seed_batch,fixed_4,256,65,65,27,247,191,75.59561102321884,388.8535677931321,2549.047316879223,47.63905356106686,3061.135549256641,11.957560739283753,83.62909641886536,2.7500034775584936e-05,0,0,0,1,64,0
tune-code-2048,tune,code,2048,16,resident_seed_batch,fixed_5,256,59,59,27,277,197,96.87090582980788,394.57868946135767,2400.1672279161517,47.28045382429182,2938.8972770316104,11.480067488404728,87.10750185136413,2.4917011614888906e-05,0,0,1,0,0,58
tune-code-2048,tune,code,2048,16,resident_seed_batch,candidate,256,69,58,23,256,187,398.14788006933054,368.0214621390099,2366.88904027974,42.28703684783678,3175.3454193359175,12.403693044280928,80.62115020341285,7.254199590533972e-05,11,3,2,7,2,44
tune-code-2048,tune,code,2048,17,resident_seed_batch,ordinary,256,256,0,0,0,0,6573.625615804619,0.0,0.0,0.0,6573.625615804619,25.678225061736793,38.94350164763153,8.524995064362884e-05,256,0,0,0,0,0
tune-code-2048,tune,code,2048,17,resident_seed_batch,default,256,72,58,34,280,184,416.7520323359029,397.4194582405399,2442.003873087119,64.46072422464266,3320.636087888204,12.971234718313298,77.09366314898001,8.56660190038383e-05,14,0,0,0,0,58
tune-code-2048,tune,code,2048,17,resident_seed_batch,existing_cost_gate,256,76,54,30,260,180,623.3457774643434,371.36987147430835,2277.9092650376447,56.42508807589906,3329.0500020521954,13.004101570516388,76.89881492984142,9.245797991752625e-05,22,0,0,0,0,54
tune-code-2048,tune,code,2048,17,resident_seed_batch,fixed_1,256,136,136,16,133,120,3500.292406058475,450.8353130873346,3628.4534639070985,0.0,7579.581183052908,29.607738996300423,33.77495323519817,5.2499992307275534e-05,0,136,0,0,0,0
tune-code-2048,tune,code,2048,17,resident_seed_batch,fixed_2,256,99,99,24,191,157,2547.1126722950803,416.8510690741657,2726.8361328807678,15.635251333369878,5706.435125583386,22.290762209310103,44.86163329050873,3.833399387076497e-05,0,1,98,0,0,0
tune-code-2048,tune,code,2048,17,resident_seed_batch,fixed_3,256,80,80,33,235,176,48.363182715762136,403.160001235277,3004.137907570557,62.51330327148772,3518.174394793084,13.742868729660485,72.76501141583013,3.062502946704626e-05,0,1,0,79,0,0
tune-code-2048,tune,code,2048,17,resident_seed_batch,fixed_4,256,71,71,39,276,185,45.46443555386262,423.5693137927228,2837.7383523420212,73.03939454412914,3379.811496232735,13.202388657159121,75.74386923215903,2.7749978471547365e-05,0,0,0,0,71,0
tune-code-2048,tune,code,2048,17,resident_seed_batch,fixed_5,256,61,61,32,291,195,77.43456463742842,413.9286774929733,2557.2237243228406,59.80988812628512,3108.396854579528,12.14217521320128,82.35756628785711,2.4250010028481483e-05,0,1,0,0,0,60
tune-code-2048,tune,code,2048,17,resident_seed_batch,candidate,256,70,59,26,256,186,441.9377437864673,375.52753451206274,2370.4812015266216,45.669051142462536,3233.6155309676124,12.631310667842236,79.16834810704776,7.541599916294217e-05,11,3,2,4,8,42
tune-code-2048,tune,code,2048,18,resident_seed_batch,ordinary,256,256,0,0,0,0,6628.843866433965,0.0,0.0,0.0,6628.843866433965,25.893921353257674,38.61910238922509,0.00010808301158249378,256,0,0,0,0,0
tune-code-2048,tune,code,2048,18,resident_seed_batch,default,256,95,55,38,270,161,1053.2015743217341,383.6612994913646,2409.1928587236616,74.24444885435071,3920.30018139111,15.313672583559024,65.30112189244625,0.00012570800026878715,40,0,0,0,0,55
tune-code-2048,tune,code,2048,18,resident_seed_batch,existing_cost_gate,256,99,55,39,270,157,1155.3812174070213,383.45909061679794,2407.957732887037,76.22356454521787,4023.021605456073,15.714928146312785,63.6337621584755,0.0001289999927394092,44,0,0,0,0,55
tune-code-2048,tune,code,2048,18,resident_seed_batch,fixed_1,256,136,135,15,132,120,3535.579716016854,452.06703652981577,3643.272047460034,0.0,7630.918800006703,29.808276562526185,33.547729534191234,6.141699850559235e-05,1,135,0,0,0,0
tune-code-2048,tune,code,2048,18,resident_seed_batch,fixed_2,256,101,101,34,200,155,2614.762269060327,428.71716864672726,2925.7234783173294,42.277763639680636,6011.480679664064,23.48234640493775,42.58518219413223,4.549999721348286e-05,0,0,101,0,0,0
tune-code-2048,tune,code,2048,18,resident_seed_batch,fixed_3,256,78,78,25,227,178,75.01302446770576,398.67869967818666,2924.6969254047394,46.40093274991957,3444.7895823005515,13.45620930586153,74.31513417113686,3.179203486070037e-05,0,0,1,77,0,0
tune-code-2048,tune,code,2048,18,resident_seed_batch,fixed_4,256,66,65,29,256,190,51.22801098735168,400.9848982881445,2711.7279709519808,56.28545004740804,3220.2263302748847,12.579009102636268,79.4975177965666,2.720800694078207e-05,1,0,0,0,65,0
tune-code-2048,tune,code,2048,18,resident_seed_batch,fixed_5,256,66,65,44,319,190,51.22801098735168,451.40079956695934,2838.0048701477695,86.32752345674152,3426.9612041588216,13.386567203745397,74.70175025306057,2.504198346287012e-05,1,0,0,0,1,64
tune-code-2048,tune,code,2048,18,resident_seed_batch,candidate,256,79,71,35,279,177,351.9822406000306,433.33244809100574,2867.4443575082923,67.2313347926131,3719.990380991941,14.53121242574977,68.81738224595549,7.816700963303447e-05,8,2,2,25,4,38
tune-code-2048,tune,code,2048,19,resident_seed_batch,ordinary,256,256,0,0,0,0,6568.017377620876,0.0,0.0,0.0,6568.017377620876,25.656317881331546,38.97675436612967,9.275000775232911e-05,256,0,0,0,0,0
tune-code-2048,tune,code,2048,19,resident_seed_batch,default,256,68,58,33,285,188,288.54968439764264,396.18813106484356,2485.734058678697,63.27668269657225,3233.7485568377547,12.63183030014748,79.1650913793803,8.62079905346036e-05,10,0,0,0,0,58
tune-code-2048,tune,code,2048,19,resident_seed_batch,existing_cost_gate,256,68,58,33,285,188,288.54968439764264,396.18813106484356,2485.734058678697,63.27668269657225,3233.7485568377547,12.63183030014748,79.1650913793803,8.816696936264634e-05,10,0,0,0,0,58
tune-code-2048,tune,code,2048,19,resident_seed_batch,fixed_1,256,137,136,17,132,119,3505.2604063306567,447.7785091858077,3549.4109275169167,0.0,7502.449843033379,29.306444699349136,34.122187466233626,5.704199429601431e-05,1,136,0,0,0,0
tune-code-2048,tune,code,2048,19,resident_seed_batch,fixed_2,256,97,96,24,186,159,2503.2367554125876,405.72544182124807,2880.086929850521,29.981780785675348,5819.030907870028,22.7305894838673,43.99357969619465,3.995798761025071e-05,1,0,96,0,0,0
tune-code-2048,tune,code,2048,19,resident_seed_batch,fixed_3,256,80,79,30,231,176,77.91693957696086,401.8555186731212,2950.1519671966053,54.795401970550344,3484.7198274172374,13.612186825848584,73.4635817737287,3.358302637934685e-05,1,0,0,79,0,0
tune-code-2048,tune,code,2048,19,resident_seed_batch,fixed_4,256,71,71,34,268,185,103.85124409752515,420.77004820537945,2726.532653706343,59.32374234199803,3310.4776883512436,12.931553470122045,77.33022968280409,2.9332994017750025e-05,0,0,0,0,71,0
tune-code-2048,tune,code,2048,19,resident_seed_batch,fixed_5,256,60,60,32,288,196,51.68184087045737,409.21834632657965,2533.1403624457616,58.85430124525208,3052.8948508880494,11.925370511281443,83.85483696745493,2.4084001779556274e-05,0,0,0,1,0,59
tune-code-2048,tune,code,2048,19,resident_seed_batch,candidate,256,82,70,29,234,174,517.5363396967529,389.8613691728086,2606.486361998544,48.81897525144452,3562.70304611955,13.916808773904492,71.85555368664023,8.887500734999776e-05,12,2,2,24,39,3
tune-prose-256,tune,prose,256,0,resident_seed_batch,ordinary,256,256,0,0,0,0,5168.511427303119,0.0,0.0,0.0,5168.511427303119,20.189497762902807,49.53070213749695,0.00022362498566508293,256,0,0,0,0,0
tune-prose-256,tune,prose,256,0,resident_seed_batch,default,256,247,27,27,110,9,4533.080734256589,283.6633730898595,829.7277402652143,71.16802355964973,5717.639871171311,22.334530746762933,44.77371883646741,0.00041075004264712334,220,0,0,0,0,27
tune-prose-256,tune,prose,256,0,resident_seed_batch,existing_cost_gate,256,233,61,61,265,23,3635.6669294080466,625.156627253442,1941.5297452663228,167.02387656194506,6369.3771784897535,24.8803796034756,40.19231281585059,0.0004063340020366013,172,0,0,0,0,61
tune-prose-256,tune,prose,256,0,resident_seed_batch,fixed_1,256,198,197,139,177,58,3992.4763803973756,1092.269867344412,1292.8390496065358,0.0,6377.585297348324,24.91244256776689,40.14058425944374,0.00019645795691758394,1,197,0,0,0,0
tune-prose-256,tune,prose,256,0,resident_seed_batch,fixed_2,256,181,180,157,320,75,3630.220119949193,1205.6202100526561,1306.0968623357712,90.32173098521388,6232.258923322832,24.344761419229812,41.07659889449994,0.00018508301582187414,1,0,180,0,0,0
tune-prose-256,tune,prose,256,0,resident_seed_batch,fixed_3,256,176,175,167,473,80,385.88054853995766,1380.6613242668293,4895.332067897409,474.2082221762872,7136.0821628804815,27.87532094875188,35.87402641348871,0.00017920800019055605,1,0,1,174,0,0
tune-prose-256,tune,prose,256,0,resident_seed_batch,fixed_4,256,174,173,171,622,82,385.88054853995766,1567.7144387354635,5276.558744507548,486.31119877603993,7716.464930559011,30.142441134996137,33.17581331655898,0.00017391599249094725,1,0,1,0,172,0
tune-prose-256,tune,prose,256,0,resident_seed_batch,fixed_5,256,174,173,172,776,82,385.88054853995766,1770.1400375217527,5718.946226778736,489.043295078335,8364.01010791878,32.67191448405774,30.607327908131925,0.00016616599168628454,1,0,1,0,1,171
tune-prose-256,tune,prose,256,0,resident_seed_batch,candidate,256,251,15,12,39,5,4911.863271631867,113.15175667208413,303.08789649297734,22.083905408996394,5350.1868302059265,20.8991673054919,47.848796336360216,0.0005481669795699418,236,3,3,5,2,2
tune-prose-256,tune,prose,256,1,resident_seed_batch,ordinary,256,256,0,0,0,0,5256.446362189944,0.0,0.0,0.0,5256.446362189944,20.53299360230447,48.70210449428901,0.00010279100388288498,256,0,0,0,0,0
tune-prose-256,tune,prose,256,1,resident_seed_batch,default,256,241,28,28,140,15,4365.774094742597,297.5919833236368,1066.4007124917807,91.56676409958055,5821.3335546575945,22.73958419788123,43.97617789744702,0.00026237498968839645,213,0,0,0,0,28
tune-prose-256,tune,prose,256,1,resident_seed_batch,existing_cost_gate,256,223,60,60,280,33,3446.874671639276,620.536206262169,2087.9398168301022,178.20732285594102,6333.558017587488,24.740461006201127,40.419618686545604,0.00025716598611325026,163,0,0,0,0,60
tune-prose-256,tune,prose,256,1,resident_seed_batch,fixed_1,256,199,198,141,184,57,4081.550013014006,1115.8341596585094,1328.9241640153193,0.0,6526.308336687836,25.49339194018686,39.225851245931544,8.26660543680191e-05,1,198,0,0,0,0
tune-prose-256,tune,prose,256,1,resident_seed_batch,fixed_2,256,180,179,156,335,76,3695.165830874039,1224.6511855915307,1395.4135837655333,98.53311028371535,6413.763710514817,25.053764494198504,39.91416141201303,7.375003769993782e-05,1,1,178,0,0,0
tune-prose-256,tune,prose,256,1,resident_seed_batch,fixed_3,256,177,176,169,493,79,263.1109919777601,1416.353036867821,5221.011081806165,507.64768639526267,7408.122797047009,28.93797967596488,34.55666260041552,7.333297980949283e-05,1,1,1,174,0,0
tune-prose-256,tune,prose,256,1,resident_seed_batch,fixed_4,256,176,175,173,652,80,263.1109919777601,1617.5466673959309,5669.962121832277,520.4800704524713,8071.099851658434,31.527733795540758,31.71810592175955,7.462501525878906e-05,1,1,1,1,172,0
tune-prose-256,tune,prose,256,1,resident_seed_batch,fixed_5,256,176,175,174,813,80,263.1109919777601,1822.7513159765463,6138.032369793935,523.3674534934817,8747.262131241723,34.16899270016298,29.2663002616179,9.195797611027956e-05,1,1,1,1,1,171
tune-prose-256,tune,prose,256,1,resident_seed_batch,candidate,256,255,13,13,33,1,5096.426853592236,101.29999645746696,233.38918428648844,22.130511304353686,5453.246545640543,21.301744318908373,46.94451238494848,0.0002912079798988998,242,3,3,2,3,2
tune-prose-256,tune,prose,256,2,resident_seed_batch,ordinary,256,256,0,0,0,0,5222.001922589532,0.0,0.0,0.0,5222.001922589532,20.39844501011536,49.02334464730578,8.691695984452963e-05,256,0,0,0,0,0
tune-prose-256,tune,prose,256,2,resident_seed_batch,default,256,237,33,31,160,19,4177.192822589525,345.89167470794246,1198.3177942792763,96.52647591573736,5817.928767492482,22.726284248017507,44.001913779074265,0.0002483749995008111,204,0,0,0,0,33
tune-prose-256,tune,prose,256,2,resident_seed_batch,existing_cost_gate,256,231,52,50,245,25,3713.7734952487895,540.8373388071158,1828.2329737110244,150.43676362363576,6233.2805713905655,24.348752231994396,41.06986635175475,0.00028429203666746616,179,0,0,0,0,52
tune-prose-256,tune,prose,256,2,resident_seed_batch,fixed_1,256,200,200,144,186,56,4066.7459300199193,1117.6122765685036,1270.5120158899674,0.0,6454.870222478388,25.214336806556204,39.65997629332774,8.983304724097252e-05,0,200,0,0,0,0
tune-prose-256,tune,prose,256,2,resident_seed_batch,fixed_2,256,181,180,157,336,75,3697.90991347281,1225.6741180229567,1335.047414929985,92.68220757540436,6351.313654001156,24.809818960942014,40.306622211725745,7.499998901039362e-05,1,0,180,0,0,0
tune-prose-256,tune,prose,256,2,resident_seed_batch,fixed_3,256,176,175,169,495,80,237.73104321061132,1402.7126549259842,5200.677168267745,508.17283407965186,7349.293700483993,28.7081785175156,34.83327928276168,7.108302088454366e-05,1,0,0,175,0,0
tune-prose-256,tune,prose,256,2,resident_seed_batch,fixed_4,256,173,172,168,647,83,237.73104321061132,1584.426517771049,5578.653414943745,504.6094775091146,7905.420453434523,30.880548646228604,32.38284434179341,7.004197686910629e-05,1,0,0,1,171,0
tune-prose-256,tune,prose,256,2,resident_seed_batch,fixed_5,256,170,169,166,793,86,237.73104321061132,1757.5289326799498,5933.841661706383,498.10066005855396,8427.202297655494,32.918758975216775,30.37781590590521,0.0001110419980250299,1,0,0,1,0,168
tune-prose-256,tune,prose,256,2,resident_seed_batch,candidate,256,241,19,18,62,15,4656.619776288015,158.6095053178972,510.7626038809875,47.9155322031927,5373.907417690094,20.99182585035193,47.63759032343701,0.0002523750299587846,222,3,3,2,8,3
tune-prose-256,tune,prose,256,3,resident_seed_batch,ordinary,256,256,0,0,0,0,5219.6042337798735,0.0,0.0,0.0,5219.6042337798735,20.38907903820263,49.045864118056485,8.829100988805294e-05,256,0,0,0,0,0
tune-prose-256,tune,prose,256,3,resident_seed_batch,default,256,233,28,28,135,23,4197.97700681205,292.88355878549834,1011.6154526464516,86.92297059997117,5589.398988843966,21.833589800171744,45.80098871291124,0.00025641702814027667,205,0,0,0,0,28
tune-prose-256,tune,prose,256,3,resident_seed_batch,existing_cost_gate,256,225,48,47,225,31,3670.056432093137,509.156953918309,1700.3525203946256,143.15433605129698,6022.720242457365,23.526250947099083,42.50570999385287,0.00027129199588671327,177,0,0,0,0,48
tune-prose-256,tune,prose,256,3,resident_seed_batch,fixed_1,256,205,204,153,185,51,4186.990297245606,1144.9332114765866,1169.7015971756598,0.0,6501.625105897849,25.39697306991347,39.37477105035994,0.00010125001426786184,1,204,0,0,0,0
tune-prose-256,tune,prose,256,3,resident_seed_batch,fixed_2,256,186,186,163,342,70,3805.151671532613,1269.852254521794,1214.3131598227076,78.37974471268113,6367.696830589791,24.87381574449137,40.202919016213386,7.50409672036767e-05,0,0,186,0,0,0
tune-prose-256,tune,prose,256,3,resident_seed_batch,fixed_3,256,181,181,173,497,75,322.9142974829976,1451.270240579747,5251.067547514189,508.5292625798021,7533.781348156734,29.42883339123724,33.98028004391642,6.929197115823627e-05,0,0,1,180,0,0
tune-prose-256,tune,prose,256,3,resident_seed_batch,fixed_4,256,177,177,172,646,79,322.9142974829976,1630.669311300221,5596.22930080916,505.19567311597115,8055.008582708357,31.46487727620452,31.781468308991478,6.762502016499639e-05,0,0,1,0,176,0
tune-prose-256,tune,prose,256,3,resident_seed_batch,fixed_5,256,176,176,173,802,80,322.9142974829976,1835.2614611612516,6043.502069417535,509.1505320793314,8710.828360141115,34.02667328180123,29.388709020074504,7.087498670443892e-05,0,0,1,0,0,175
tune-prose-256,tune,prose,256,3,resident_seed_batch,candidate,256,247,14,11,36,9,4895.825408044632,111.66168406862533,363.07811633364724,29.29605500650667,5399.861263453407,21.093208060364873,47.40862542758713,0.0002490420010872185,233,3,3,4,2,2
tune-prose-256,tune,prose,256,4,resident_seed_batch,ordinary,256,256,0,0,0,0,5226.666304609505,0.0,0.0,0.0,5226.666304609505,20.416665252380877,48.97959522960713,8.862500544637442e-05,256,0,0,0,0,0
tune-prose-256,tune,prose,256,4,resident_seed_batch,default,256,244,28,28,130,12,4448.047921616203,296.6149371958716,984.6324062333557,84.79760952910706,5814.092874574537,22.711300291306785,44.03094438334605,0.0002492079511284828,216,0,0,0,0,28
tune-prose-256,tune,prose,256,4,resident_seed_batch,existing_cost_gate,256,229,50,50,235,27,3702.4860519372487,526.3582347697106,1790.0247658975807,152.48334170672456,6171.352394311267,24.106845290278386,41.481993515064865,0.0002487089950591326,179,0,0,0,0,50
tune-prose-256,tune,prose,256,4,resident_seed_batch,fixed_1,256,198,197,139,182,58,4060.437240706513,1110.5174106216054,1323.5490326765275,0.0,6494.503684004643,25.369155015643138,39.417946690907904,7.608399027958512e-05,1,197,0,0,0,0
tune-prose-256,tune,prose,256,4,resident_seed_batch,fixed_2,256,175,174,147,321,81,3593.201332131136,1191.4564110208235,1391.9544478095354,86.05449232280354,6262.666683284292,24.463541731579266,40.87715552278881,6.637501064687967e-05,1,1,173,0,0,0
tune-prose-256,tune,prose,256,4,resident_seed_batch,fixed_3,256,172,171,159,468,84,350.36095125576384,1370.6492531149063,4899.376585657948,459.47977992076636,7079.866569949384,27.65572878886478,36.158873542419066,6.66659907437861e-05,1,1,1,169,0,0
tune-prose-256,tune,prose,256,4,resident_seed_batch,fixed_4,256,170,169,167,615,86,350.36095125576384,1555.037892136317,5280.081438993937,484.6499255438856,7670.130207929896,29.961446124726155,33.37622609526628,6.345799192786217e-05,1,1,1,0,167,0
tune-prose-256,tune,prose,256,4,resident_seed_batch,fixed_5,256,169,168,167,763,87,350.36095125576384,1744.9489322235613,5687.208191664689,484.6287440407022,8267.146819184718,32.293542262440305,30.965943341652903,7.958296919241548e-05,1,1,1,0,0,166
tune-prose-256,tune,prose,256,4,resident_seed_batch,candidate,256,249,14,11,34,7,4984.835699415927,106.2922354973868,275.7920372943954,19.15723993608987,5386.077212143795,21.0393641099367,47.529953603859596,0.00024529104121029377,235,3,5,2,2,2
tune-prose-256,tune,prose,256,5,resident_seed_batch,ordinary,256,256,0,0,0,0,5237.027150187557,0.0,0.0,0.0,5237.027150187557,20.457137305420144,48.88269483018275,0.00010595802450552583,256,0,0,0,0,0
tune-prose-256,tune,prose,256,5,resident_seed_batch,default,256,233,32,32,150,23,4146.699901000666,336.3314859801582,1136.515926889577,97.33808873884594,5716.885402609246,22.331583603942367,44.77962771182346,0.00026016600895673037,201,0,0,0,0,32
tune-prose-256,tune,prose,256,5,resident_seed_batch,existing_cost_gate,256,219,68,67,315,37,3196.940813838269,701.6540776293295,2342.8989415311844,197.45862744949977,6438.952460448281,25.1521580486261,39.758019891045635,0.0002578750136308372,151,0,0,0,0,68
tune-prose-256,tune,prose,256,5,resident_seed_batch,fixed_1,256,199,199,142,189,57,4075.1578779603346,1120.1452471668442,1301.6385663844753,0.0,6496.941691511651,25.378678482467386,39.40315492356469,8.37089610286057e-05,0,199,0,0,0,0
tune-prose-256,tune,prose,256,5,resident_seed_batch,fixed_2,256,184,184,163,351,72,3767.392461348086,1256.4214545063282,1339.5206728693597,100.620648356259,6463.955237080033,25.24982514484388,39.604234653648845,7.670803461223841e-05,0,1,183,0,0,0
tune-prose-256,tune,prose,256,5,resident_seed_batch,fixed_3,256,175,175,165,499,81,178.62582615247644,1403.8513656685425,5283.790215623265,506.5009703474281,7372.76837779171,28.799876475748867,34.72237114773936,7.075001485645771e-05,0,1,0,174,0,0
tune-prose-256,tune,prose,256,5,resident_seed_batch,fixed_4,256,173,173,170,656,83,178.62582615247644,1593.5362301438674,5697.120336783846,520.859280162743,7990.141673242929,31.21149091110519,32.03948196028647,7.008301327005029e-05,0,1,0,1,171,0
tune-prose-256,tune,prose,256,5,resident_seed_batch,fixed_5,256,172,172,170,813,84,178.62582615247644,1788.1910760766668,6135.997307390854,521.3631125631966,8624.177322183192,33.68819266477809,29.68399076646005,6.849999772384763e-05,0,1,0,1,1,169
tune-prose-256,tune,prose,256,5,resident_seed_batch,candidate,256,251,12,10,33,5,5013.755095041762,95.65311380552873,284.5186353377086,23.011091044496006,5416.937935229495,21.159913809490217,47.25917170567586,0.0002672919654287398,239,3,3,2,2,2
tune-prose-256,tune,prose,256,6,resident_seed_batch,ordinary,256,256,0,0,0,0,5210.54811762536,0.0,0.0,0.0,5210.54811762536,20.35370358447406,49.13110755738855,9.320798562839627e-05,256,0,0,0,0,0
tune-prose-256,tune,prose,256,6,resident_seed_batch,default,256,239,28,28,140,17,4305.444414115074,286.9288622565267,1028.1049359319977,88.285803771239,5708.764016074837,22.299859437792332,44.843331985549014,0.000256291008554399,211,0,0,0,0,28
tune-prose-256,tune,prose,256,6,resident_seed_batch,existing_cost_gate,256,228,56,56,260,28,3587.067804702469,580.7779755514782,1937.5035677120493,165.89560689965353,6271.24495486565,24.497050604943944,40.821240733289834,0.0002548330230638385,172,0,0,0,0,56
tune-prose-256,tune,prose,256,6,resident_seed_batch,fixed_1,256,190,189,123,177,66,3875.968324422736,1060.4662017381038,1482.1905817304496,0.0,6418.625107891292,25.07275432770036,39.88393085697812,8.620898006483912e-05,1,189,0,0,0,0
tune-prose-256,tune,prose,256,6,resident_seed_batch,fixed_2,256,168,167,139,314,88,3422.6856713133106,1136.0438070065202,1525.5918880799861,101.84053732273382,6186.16190372256,24.16469493641625,41.382686710147446,6.483396282419562e-05,1,0,167,0,0,0
tune-prose-256,tune,prose,256,6,resident_seed_batch,fixed_3,256,162,161,149,449,94,270.5749322963934,1286.4669503037376,4712.958523057118,439.7566944095098,6709.7571000667585,26.209988672135776,38.153393063580936,6.520800525322556e-05,1,0,1,160,0,0
tune-prose-256,tune,prose,256,6,resident_seed_batch,fixed_4,256,160,159,155,590,96,270.5749322963934,1459.2214126296274,5079.682111063693,459.04787510687066,7268.526331096582,28.392680980846023,35.22034430896503,6.554200081154704e-05,1,0,1,1,157,0
tune-prose-256,tune,prose,256,6,resident_seed_batch,fixed_5,256,155,154,151,716,101,248.73508597036766,1592.6938046552823,5349.445604083623,449.4334815139585,7640.307976223226,29.84495303212198,33.506502721706575,6.004201713949442e-05,1,0,1,1,1,151
tune-prose-256,tune,prose,256,6,resident_seed_batch,candidate,256,249,14,12,36,7,4911.638078982294,112.52332674159688,286.91147958469134,22.91204715766756,5333.984932466251,20.835878642446293,47.99413632419738,0.0002466670121066272,235,3,2,4,2,3
tune-prose-256,tune,prose,256,7,resident_seed_batch,ordinary,256,256,0,0,0,0,5187.959698999303,0.0,0.0,0.0,5187.959698999303,20.26546757421603,49.345024798357514,9.966699872165918e-05,256,0,0,0,0,0
tune-prose-256,tune,prose,256,7,resident_seed_batch,default,256,249,28,27,125,7,4537.035685284039,287.0188457846365,919.921521283451,76.09217174235208,5820.068224094475,22.734641500369044,43.98573867917677,0.00026887498097494245,221,0,0,0,0,28
tune-prose-256,tune,prose,256,7,resident_seed_batch,existing_cost_gate,256,238,44,43,200,18,4013.8896761515543,445.58436678878354,1463.098318581843,122.1961911755905,6044.768552697768,23.612377158975658,42.350670297500095,0.00026000000070780516,194,0,0,0,0,44
tune-prose-256,tune,prose,256,7,resident_seed_batch,fixed_1,256,200,200,144,186,56,4031.3847382238123,1108.478851227963,1265.600481427784,0.0,6405.464070879563,25.021344026873294,39.96587868845036,0.00011462497059255838,0,200,0,0,0,0
tune-prose-256,tune,prose,256,7,resident_seed_batch,fixed_2,256,183,182,161,340,73,3684.2376304557833,1223.9544664881128,1324.885358651036,98.28310757134753,6331.360563166281,24.731877199868286,40.433647309445874,7.78749817982316e-05,1,0,182,0,0,0
tune-prose-256,tune,prose,256,7,resident_seed_batch,fixed_3,256,176,175,168,489,80,263.40800480087063,1385.6888716684953,5074.843764126437,492.59267588651295,7216.533316482311,28.18958326750903,35.47409660193834,8.412502938881516e-05,1,0,0,175,0,0
tune-prose-256,tune,prose,256,7,resident_seed_batch,fixed_4,256,174,173,171,647,82,241.08670163003504,1573.7877711520991,5511.008401467924,506.53715024661676,7832.420024496678,30.595390720690148,32.68466185410568,6.945803761482239e-05,1,0,0,1,172,0
tune-prose-256,tune,prose,256,7,resident_seed_batch,fixed_5,256,173,172,171,802,83,241.08670163003504,1766.1655096870832,5934.612834934834,506.75039030049925,8448.615436552453,33.00240404903302,30.300822888970732,6.82090176269412e-05,1,0,0,1,1,170
tune-prose-256,tune,prose,256,7,resident_seed_batch,candidate,256,255,12,12,33,1,5051.816672212729,89.54050776281112,195.28763179373328,18.566410183895435,5355.211221953168,20.918793835754563,47.80390341104621,0.0002548749907873571,243,3,3,2,2,2
tune-prose-256,tune,prose,256,8,resident_seed_batch,ordinary,256,256,0,0,0,0,5202.180141741953,0.0,0.0,0.0,5202.180141741953,20.321016178679503,49.21013748560392,0.0001075830077752471,256,0,0,0,0,0
tune-prose-256,tune,prose,256,8,resident_seed_batch,default,256,244,28,28,125,12,4469.229578782793,286.5204605841526,919.9383205432648,79.18742753032443,5754.875787440537,22.4799835446896,44.484018327327824,0.00028479198226705194,216,0,0,0,0,28
tune-prose-256,tune,prose,256,8,resident_seed_batch,existing_cost_gate,256,240,48,48,215,16,4019.69328052348,491.3996557192985,1579.7521760332254,135.74820557498708,6226.5933178509895,24.322630147855428,41.11397467794707,0.0002615000121295452,192,0,0,0,0,48
tune-prose-256,tune,prose,256,8,resident_seed_batch,fixed_1,256,206,206,156,190,50,4177.740131103446,1148.5358774065369,1116.9859537880816,0.0,6443.261962298071,25.16899204022684,39.73142819552449,8.324999362230301e-05,0,206,0,0,0,0
tune-prose-256,tune,prose,256,8,resident_seed_batch,fixed_2,256,191,191,173,353,65,3870.417747639056,1290.5760750144723,1205.408874759319,92.88847164672202,6459.291169059575,25.231606129138964,39.63283173024568,7.795804413035512e-05,0,1,190,0,0,0
tune-prose-256,tune,prose,256,8,resident_seed_batch,fixed_3,256,186,186,176,513,70,329.25205936845697,1478.0231242464097,5352.234646355323,512.3171649174501,7671.826994887637,29.96807419877983,33.3688442362678,7.195898797363043e-05,0,1,1,184,0,0
tune-prose-256,tune,prose,256,8,resident_seed_batch,fixed_4,256,182,182,177,666,74,329.25205936845697,1659.8990856472337,5706.935808939969,515.6262744589144,8211.713228414575,32.077004798494436,31.174980528323392,8.345802780240774e-05,0,1,1,1,179,0
tune-prose-256,tune,prose,256,8,resident_seed_batch,fixed_5,256,180,180,177,820,76,329.25205936845697,1850.9272772916272,6106.0416993422405,514.8964066728234,8801.117442675151,34.37936501044981,29.087215534552314,6.883300375193357e-05,0,1,1,1,1,176
tune-prose-256,tune,prose,256,8,resident_seed_batch,candidate,256,252,13,11,30,4,5024.7406852752965,94.51290733612102,231.31326241243153,18.589783421714458,5369.156638445563,20.97326811892798,47.6797413893507,0.00023570802295580506,239,4,3,2,2,2
tune-prose-256,tune,prose,256,9,resident_seed_batch,ordinary,256,256,0,0,0,0,5202.504154296796,0.0,0.0,0.0,5202.504154296796,20.322281852721858,49.20707267260273,0.00010925001697614789,256,0,0,0,0,0
tune-prose-256,tune,prose,256,9,resident_seed_batch,default,256,236,36,35,175,20,4101.189298780725,369.17578258395486,1285.2137412540148,107.4119632161616,5862.990785834862,22.90230775716743,43.66372204072069,0.00024304201360791922,200,0,0,0,0,36
tune-prose-256,tune,prose,256,9,resident_seed_batch,existing_cost_gate,256,235,40,40,190,21,4006.3432228072857,414.3624274487822,1410.5187828730043,121.29949805590934,5952.523931184986,23.252046606191353,43.00696695377037,0.00025045796064659953,195,0,0,0,0,40
tune-prose-256,tune,prose,256,9,resident_seed_batch,fixed_1,256,201,200,145,185,55,4086.699349989715,1118.2185212688985,1251.0691318132338,0.0,6455.987003071843,25.218699230749387,39.65311576342887,7.712503429502249e-05,1,200,0,0,0,0
tune-prose-256,tune,prose,256,9,resident_seed_batch,fixed_2,256,183,182,162,342,73,3729.802126881272,1239.0163277074398,1369.5567179002508,107.84850451954708,6446.22367700851,25.180561238314493,39.71317360783881,6.962503539398313e-05,1,0,182,0,0,0
tune-prose-256,tune,prose,256,9,resident_seed_batch,fixed_3,256,174,173,163,488,82,253.39263381075708,1381.1692545751448,5107.754443453061,488.477827777331,7230.794159616296,28.245289686001158,35.404133259628665,6.562500493600965e-05,1,0,1,172,0,0
tune-prose-256,tune,prose,256,9,resident_seed_batch,fixed_4,256,173,172,170,645,83,253.39263381075708,1577.522113569515,5544.349084760347,510.8434259053295,7886.107258045954,30.805106476742008,32.46215041506201,6.687501445412636e-05,1,0,1,1,170,0
tune-prose-256,tune,prose,256,9,resident_seed_batch,fixed_5,256,172,171,170,800,84,253.39263381075708,1770.157863205357,5970.176886867559,510.11849087963407,8503.845874763312,33.21814794829419,30.10402631587267,6.3041050452739e-05,1,0,1,1,0,169
tune-prose-256,tune,prose,256,9,resident_seed_batch,candidate,256,251,13,13,37,5,4956.354565805856,101.46267427397117,287.3514344099199,28.792523084587884,5373.961197574334,20.99203592802474,47.63711359053946,0.00024500000290572643,238,3,3,2,3,2
tune-prose-256,tune,prose,256,10,resident_seed_batch,ordinary,256,256,0,0,0,0,5223.93934805401,0.0,0.0,0.0,5223.93934805401,20.406013078335977,49.005163142899725,0.0001105000264942646,256,0,0,0,0,0
tune-prose-256,tune,prose,256,10,resident_seed_batch,default,256,240,28,28,140,16,4335.818312688888,292.80928561256053,1048.4948290151685,90.09516480386478,5767.217592120479,22.52819371922062,44.38882284409776,0.0002768330159597099,212,0,0,0,0,28
tune-prose-256,tune,prose,256,10,resident_seed_batch,existing_cost_gate,256,222,60,60,285,34,3365.92955745111,624.713952276974,2128.8389674328173,183.05888216326946,6302.54135932417,24.61930218486004,40.618535508896876,0.00025754200760275126,162,0,0,0,0,60
tune-prose-256,tune,prose,256,10,resident_seed_batch,fixed_1,256,200,199,143,187,56,4090.150697433228,1117.951842527222,1284.9980152279315,0.0,6493.1005551883845,25.363674043704627,39.426464725768085,8.86249472387135e-05,1,199,0,0,0,0
tune-prose-256,tune,prose,256,10,resident_seed_batch,fixed_2,256,189,188,173,352,67,3861.7723158424774,1281.057954352787,1338.5387025092562,118.050160113422,6599.419132817941,25.778980987570083,38.79129281650708,8.229201193898916e-05,1,0,188,0,0,0
tune-prose-256,tune,prose,256,10,resident_seed_batch,fixed_3,256,185,184,176,515,71,290.04590052192316,1475.8313057319315,5435.241446418558,526.0805763594159,7727.199229031831,30.18437198840559,33.12972687933079,7.629196625202894e-05,1,0,1,183,0,0
tune-prose-256,tune,prose,256,10,resident_seed_batch,fixed_4,256,183,182,178,677,73,290.04590052192316,1671.8733032751816,5849.042389985374,531.4269732843828,8342.388567066864,32.58745534010494,30.68665501995529,6.999995093792677e-05,1,0,1,1,180,0
tune-prose-256,tune,prose,256,10,resident_seed_batch,fixed_5,256,182,181,180,839,74,290.04590052192316,1876.6594705612247,6301.421497792554,537.6333731013708,9005.760241977074,35.178750945222944,28.426250879603607,6.9500005338341e-05,1,0,1,1,1,178
tune-prose-256,tune,prose,256,10,resident_seed_batch,candidate,256,252,12,11,33,4,5028.824790640149,93.41211510525245,222.99799819050884,19.16155910024554,5364.396463036155,20.95467368373498,47.72205070299902,0.0002434590132907033,240,3,3,2,2,2
tune-prose-256,tune,prose,256,11,resident_seed_batch,ordinary,256,256,0,0,0,0,5218.535581700256,0.0,0.0,0.0,5218.535581700256,20.384904616016627,49.055907733524045,0.00010516704060137272,256,0,0,0,0,0
tune-prose-256,tune,prose,256,11,resident_seed_batch,default,256,243,28,28,120,13,4455.365455614087,298.1026456996573,917.6320123452019,78.50251962441337,5749.602633283363,22.459385286263135,44.524816118259096,0.0002740419586189091,215,0,0,0,0,28
tune-prose-256,tune,prose,256,11,resident_seed_batch,existing_cost_gate,256,233,52,52,230,23,3810.1507451233583,544.5360609034938,1723.4233584860378,148.26863927251554,6226.378803785404,24.321792202286733,41.11539115550786,0.0002794580068439245,181,0,0,0,0,52
tune-prose-256,tune,prose,256,11,resident_seed_batch,fixed_1,256,205,204,153,185,51,4186.578405408367,1145.2175440944402,1184.758163695408,0.0,6516.55411319821,25.455289504680508,39.28456597659706,9.070901433005929e-05,1,204,0,0,0,0
tune-prose-256,tune,prose,256,11,resident_seed_batch,fixed_2,256,192,191,172,341,64,3908.199391812262,1297.0395277277078,1170.1890554619451,83.58851228831082,6459.016487290224,25.230533153477438,39.634517190619626,7.775000995025039e-05,1,1,190,0,0,0
tune-prose-256,tune,prose,256,11,resident_seed_batch,fixed_3,256,182,181,170,484,74,434.45712010709525,1444.6790925552446,5052.600735167771,476.1622545142283,7407.899202344337,28.937106259157567,34.55770563387054,6.991700502112508e-05,1,1,0,180,0,0
tune-prose-256,tune,prose,256,11,resident_seed_batch,fixed_4,256,182,181,175,645,74,434.45712010709525,1658.4716452223702,5515.855047463247,492.28049935805353,8101.064312150768,31.64478246933894,31.600786036968767,6.845896132290363e-05,1,1,0,0,180,0
tune-prose-256,tune,prose,256,11,resident_seed_batch,fixed_5,256,180,179,177,800,76,413.0626205830648,1852.5385929765482,5945.981078615298,503.43806767511484,8715.02035985003,34.04304828066418,29.374572798405406,6.949994713068008e-05,1,1,0,0,1,177
tune-prose-256,tune,prose,256,11,resident_seed_batch,candidate,256,251,13,12,27,5,5020.961363568583,101.12002909323661,219.54885598564704,19.538579496595517,5361.168828144062,20.942065734937742,47.7507812580158,0.000261375040281564,238,3,4,2,2,2
tune-prose-256,tune,prose,256,12,resident_seed_batch,ordinary,256,256,0,0,0,0,5252.588012617848,0.0,0.0,0.0,5252.588012617848,20.51792192428847,48.7378791911783,9.691703598946333e-05,256,0,0,0,0,0
tune-prose-256,tune,prose,256,12,resident_seed_batch,default,256,228,32,30,155,28,4035.796904144192,339.7843949492639,1177.4417066492304,95.07141276305649,5648.0944185057415,22.062868822288053,45.32502133130545,0.0002502499846741557,196,0,0,0,0,32
tune-prose-256,tune,prose,256,12,resident_seed_batch,existing_cost_gate,256,232,60,60,270,24,3641.0374333098152,633.0187407940174,2059.9305766812367,175.58805459966882,6509.574805384735,25.42802658353412,39.326685329468255,0.0002714580041356385,172,0,0,0,0,60
tune-prose-256,tune,prose,256,12,resident_seed_batch,fixed_1,256,202,201,147,179,54,4149.787244353493,1135.643699592452,1246.8384671705599,0.0,6532.269411116507,25.516677387173857,39.190055383255235,8.654198609292507e-05,1,201,0,0,0,0
tune-prose-256,tune,prose,256,12,resident_seed_batch,fixed_2,256,186,185,167,335,70,3816.9412001307983,1266.6040663502629,1352.9643738635946,110.2733318068996,6546.782972151554,25.573370984967006,39.103174962262024,7.90830235928297e-05,1,1,184,0,0,0
tune-prose-256,tune,prose,256,12,resident_seed_batch,fixed_3,256,183,182,178,492,73,404.8708572298177,1463.715397893898,5177.175034475955,513.5206637929546,7559.281953392629,29.528445130439955,33.86565041208794,7.516698678955436e-05,1,1,1,180,0,0
tune-prose-256,tune,prose,256,12,resident_seed_batch,fixed_4,256,181,180,178,646,75,404.8708572298177,1661.9610684053432,5586.446790814595,513.7350320734968,8167.013748523259,31.90239745516898,31.34560659289809,7.399998139590025e-05,1,1,1,1,177,0
tune-prose-256,tune,prose,256,12,resident_seed_batch,fixed_5,256,180,179,178,800,76,404.8708572298177,1862.9396985903668,6012.348189297104,513.3528041520258,8793.511549269311,34.34965448933325,29.112374341655592,7.245899178087711e-05,1,1,1,1,1,175
tune-prose-256,tune,prose,256,12,resident_seed_batch,candidate,256,253,14,12,30,3,5087.9196524947,107.3276790995887,218.6184108665045,16.425192800652695,5430.290935261445,21.21207396586502,47.14296214548488,0.0002869580057449639,239,3,5,2,2,2
tune-prose-256,tune,prose,256,13,resident_seed_batch,ordinary,256,256,0,0,0,0,5188.297714015153,0.0,0.0,0.0,5188.297714015153,20.266787945371693,49.34180999453192,0.000100292032584548,256,0,0,0,0,0
tune-prose-256,tune,prose,256,13,resident_seed_batch,default,256,244,28,28,135,12,4402.5362073918295,289.4658700668955,996.0680585618732,85.6849697085045,5773.755105729104,22.553730881754312,44.338562220274945,0.00025595800252631307,216,0,0,0,0,28
tune-prose-256,tune,prose,256,13,resident_seed_batch,existing_cost_gate,256,232,40,40,175,24,4017.014903735507,408.6773117169339,1272.162283306116,109.65658486231887,5807.511083620881,22.685590170394068,44.08084570376549,0.0002626669593155384,192,0,0,0,0,40
tune-prose-256,tune,prose,256,13,resident_seed_batch,fixed_1,256,201,200,145,181,55,4070.398685611063,1113.8461261483528,1242.4467141789148,0.0,6426.691525938333,25.104263773196614,39.83387081311991,9.233300806954503e-05,1,200,0,0,0,0
tune-prose-256,tune,prose,256,13,resident_seed_batch,fixed_2,256,183,182,160,332,73,3726.222481278536,1237.7876098294703,1303.3470065977435,92.9259989920326,6360.283096697781,24.844855846475706,40.24978072641351,8.191599044948816e-05,1,0,182,0,0,0
tune-prose-256,tune,prose,256,13,resident_seed_batch,fixed_3,256,177,177,168,483,79,329.6147992201704,1414.8906144056723,5059.18450413293,486.73515091929545,7290.425068678068,28.478222924523703,35.11455060416924,7.541704690083861e-05,0,0,0,177,0,0
tune-prose-256,tune,prose,256,13,resident_seed_batch,fixed_4,256,172,172,166,623,84,329.6147992201704,1577.0341642883623,5340.716348553247,478.6439141396956,7726.009226201481,30.179723539849537,33.13482970377752,7.399998139590025e-05,0,0,0,1,171,0
tune-prose-256,tune,prose,256,13,resident_seed_batch,fixed_5,256,171,171,169,777,85,308.66945612920966,1770.0729734373404,5788.297058027605,490.9731201477917,8358.012607741946,32.64848674899198,30.629290958818327,7.150002056732774e-05,0,0,0,1,1,169
tune-prose-256,tune,prose,256,13,resident_seed_batch,candidate,256,254,13,12,33,2,5029.1740058454025,97.19290929402666,246.43979384572052,21.913234309271257,5394.719943294422,21.073124778493835,47.45380718385673,0.0002620419836603105,241,4,3,2,2,2
tune-prose-256,tune,prose,256,14,resident_seed_batch,ordinary,256,256,0,0,0,0,5173.779305563691,0.0,0.0,0.0,5173.779305563691,20.21007541235817,49.48027058763544,9.583303472027183e-05,256,0,0,0,0,0
tune-prose-256,tune,prose,256,14,resident_seed_batch,default,256,245,32,32,155,11,4323.070934247463,331.10396660038987,1146.6493230697552,98.34755269783425,5899.171776615436,23.043639752404047,43.39592229112478,0.0002764580422081053,213,0,0,0,0,32
tune-prose-256,tune,prose,256,14,resident_seed_batch,existing_cost_gate,256,240,52,52,240,16,3885.505020959144,533.9702566421549,1757.770394935461,150.63407123545963,6327.879743772213,24.718280249110208,40.45588891791925,0.00027529202634468675,188,0,0,0,0,52
tune-prose-256,tune,prose,256,14,resident_seed_batch,fixed_1,256,203,202,149,184,53,4088.7820790787537,1118.496385136532,1183.1028445531128,0.0,6390.3813087683975,24.962426987376553,40.060207306993746,9.21249738894403e-05,1,202,0,0,0,0
tune-prose-256,tune,prose,256,14,resident_seed_batch,fixed_2,256,189,188,171,343,67,3814.1416643519237,1265.4628677107282,1266.4701671536031,104.8459980959203,6450.920697312179,25.1989089738757,39.684257800078704,8.149998029693961e-05,1,1,187,0,0,0
tune-prose-256,tune,prose,256,14,resident_seed_batch,fixed_3,256,185,184,179,502,71,368.51370819937137,1454.5835443716949,5197.3870329605315,512.0343510320673,7532.5186365636655,29.42390092407682,33.98597631837884,7.687503239139915e-05,1,1,0,183,0,0
tune-prose-256,tune,prose,256,14,resident_seed_batch,fixed_4,256,185,184,184,669,71,368.51370819937137,1671.9648257888277,5679.2639764138285,527.9571411774739,8247.699651579504,32.217576763982436,31.03895762632116,7.466698298230767e-05,1,1,0,0,183,0
tune-prose-256,tune,prose,256,14,resident_seed_batch,fixed_5,256,185,184,184,835,71,368.51370819937137,1888.1921687213974,6158.217402442496,527.9571411774739,8942.880420540738,34.93312664273726,28.626123571103367,7.458298932760954e-05,1,1,0,0,1,182
tune-prose-256,tune,prose,256,14,resident_seed_batch,candidate,256,252,12,12,33,4,4968.682486496817,93.35384951997577,205.67901721378178,19.461458344878366,5287.176811575449,20.6530344202166,48.41903517195186,0.0002538749831728637,240,3,3,2,2,2
tune-prose-256,tune,prose,256,15,resident_seed_batch,ordinary,256,256,0,0,0,0,5236.778950347961,0.0,0.0,0.0,5236.778950347961,20.45616777479672,48.88501165071899,8.366699330508709e-05,256,0,0,0,0,0
tune-prose-256,tune,prose,256,15,resident_seed_batch,default,256,230,36,35,175,26,3988.664319010732,376.43971555559017,1308.5641851537844,109.67949781825908,5783.347717538365,22.59120202163424,44.2650195878183,0.00028125004610046744,194,0,0,0,0,36
tune-prose-256,tune,prose,256,15,resident_seed_batch,existing_cost_gate,256,243,43,43,195,13,4161.121376228612,455.23291455356264,1488.310746271584,127.34509487762536,6232.010131931379,24.34378957785695,41.07823873525417,0.00026233302196487784,200,0,0,0,0,43
tune-prose-256,tune,prose,256,15,resident_seed_batch,fixed_1,256,196,195,135,178,60,4020.2086745231813,1099.3274830235598,1360.4517982335885,0.0,6479.987955780329,25.31245295226691,39.50624626881303,7.462501525878906e-05,1,195,0,0,0,0
tune-prose-256,tune,prose,256,15,resident_seed_batch,fixed_2,256,174,173,147,312,82,3569.278152519466,1184.0790953174142,1434.1490902558683,95.7934037014059,6283.299741794158,24.54413961638343,40.74292338740166,6.662501255050302e-05,1,0,173,0,0,0
tune-prose-256,tune,prose,256,15,resident_seed_batch,fixed_3,256,167,166,155,455,89,330.8889629548917,1338.004951136102,4821.395930981603,455.22659739290447,6945.516442465508,27.13092360338089,36.85831026686412,6.204104283824563e-05,1,0,1,165,0,0
tune-prose-256,tune,prose,256,15,resident_seed_batch,fixed_4,256,164,163,159,598,92,309.47142513686583,1507.5524305099557,5189.044239309709,470.1885827348943,7476.256677691422,29.204127647232117,34.241735006756045,6.208400009199977e-05,1,0,1,0,162,0
tune-prose-256,tune,prose,256,15,resident_seed_batch,fixed_5,256,163,162,161,742,93,309.47142513686583,1692.8716952643651,5590.008261444137,476.5119251331128,8068.863306978481,31.51899729288469,31.72689761376853,6.049999501556158e-05,1,0,1,0,0,161
tune-prose-256,tune,prose,256,15,resident_seed_batch,candidate,256,251,14,12,30,5,5035.051048080989,110.55129402285368,257.93120456248533,20.547429631414897,5424.080976297743,21.18781631366306,47.19693550274671,0.00026708299992606044,237,3,5,2,2,2
tune-prose-256,tune,prose,256,16,resident_seed_batch,ordinary,256,256,0,0,0,0,5215.418528746602,0.0,0.0,0.0,5215.418528746602,20.372728627916413,49.08522654298338,8.995900861918926e-05,256,0,0,0,0,0
tune-prose-256,tune,prose,256,16,resident_seed_batch,default,256,249,28,28,135,7,4522.212048236798,288.10012001197543,998.5610932541409,85.69798244675954,5894.571243949675,23.025668921678417,43.42979148191047,0.0002625419874675572,221,0,0,0,0,28
tune-prose-256,tune,prose,256,16,resident_seed_batch,existing_cost_gate,256,231,64,64,300,25,3469.6621333222365,665.4816462748204,2247.0899239066193,191.60545270439167,6573.83915620807,25.679059203937772,38.94223663173199,0.0002679590252228081,167,0,0,0,0,64
tune-prose-256,tune,prose,256,16,resident_seed_batch,fixed_1,256,210,209,163,188,46,4278.833802488538,1170.98541133401,1046.475207519718,0.0,6496.294421342267,25.37615008336823,39.40708092893136,9.316700743511319e-05,1,209,0,0,0,0
tune-prose-256,tune,prose,256,16,resident_seed_batch,fixed_2,256,190,190,168,340,66,3867.3456016136784,1291.5833731040082,1132.2196492514938,70.42567963334044,6361.574303602524,24.84989962344736,40.24161124000841,8.141703438013792e-05,0,0,190,0,0,0
tune-prose-256,tune,prose,256,16,resident_seed_batch,fixed_3,256,184,184,175,494,72,402.9831869342474,1465.833513752093,5171.131478017625,498.5734887232209,7538.52166742719,29.44735026338746,33.9589128072865,7.629202445968986e-05,0,0,1,183,0,0
tune-prose-256,tune,prose,256,16,resident_seed_batch,fixed_4,256,181,181,177,645,75,402.9831869342474,1655.9673090737058,5540.567628818038,504.71483452922377,8104.232959355221,31.657159997481333,31.58843055029449,7.412501145154238e-05,0,0,1,1,179,0
tune-prose-256,tune,prose,256,16,resident_seed_batch,fixed_5,256,180,180,178,799,76,402.9831869342474,1859.8705939361846,5969.263670440398,507.75796906563596,8739.875420376464,34.14013836084556,29.29103536226069,7.454102160409093e-05,0,0,1,1,1,177
tune-prose-256,tune,prose,256,16,resident_seed_batch,candidate,256,255,12,12,28,1,5099.835675705076,91.3247182259497,159.60345742205263,15.2352970680642,5365.999148421139,20.960934173520073,47.70779735873123,0.00025679200189188123,243,3,3,2,2,2
tune-prose-256,tune,prose,256,17,resident_seed_batch,ordinary,256,256,0,0,0,0,5224.435493555554,0.0,0.0,0.0,5224.435493555554,20.407951146701382,49.00050930206357,9.899999713525176e-05,256,0,0,0,0,0
tune-prose-256,tune,prose,256,17,resident_seed_batch,default,256,244,28,28,130,12,4453.380160752116,291.1362669567709,968.1400947530834,83.07739256036935,5795.733915022338,22.639585605556007,44.17041978695002,0.000247166957706213,216,0,0,0,0,28
tune-prose-256,tune,prose,256,17,resident_seed_batch,existing_cost_gate,256,216,58,56,275,40,3277.10855129568,614.4674037672568,2096.0552844669755,173.09067869766125,6160.721918227576,24.065319993076468,41.55357170765639,0.0002335000317543745,158,0,0,0,0,58
tune-prose-256,tune,prose,256,17,resident_seed_batch,fixed_1,256,196,195,135,182,60,4026.287677475815,1101.7643374249474,1392.1866374673614,0.0,6520.238652368122,25.469682235812975,39.262366555712184,9.154202416539192e-05,1,195,0,0,0,0
tune-prose-256,tune,prose,256,17,resident_seed_batch,fixed_2,256,177,176,152,328,79,3631.684553229257,1206.8399286559693,1440.9966622269735,101.782026682006,6381.303170794206,24.92696551091487,40.11719756109608,6.625003879889846e-05,1,0,176,0,0,0
tune-prose-256,tune,prose,256,17,resident_seed_batch,fixed_3,256,170,169,158,470,86,290.8963661627334,1360.3862948138233,4959.648384881512,470.26996496405053,7081.201010822116,27.66094144852389,36.15205946120697,6.36249897070229e-05,1,0,1,168,0,0
tune-prose-256,tune,prose,256,17,resident_seed_batch,fixed_4,256,171,170,167,629,85,290.8963661627334,1567.8901897520097,5438.977224726911,497.59630525363934,7795.360085895292,30.450625335528485,32.840048077214455,6.370898336172104e-05,1,0,1,1,168,0
tune-prose-256,tune,prose,256,17,resident_seed_batch,fixed_5,256,168,167,164,769,88,290.8963661627334,1740.417712663693,5787.465109591825,488.63978188168943,8307.418970299937,32.45085535273413,30.8158287086798,6.258400389924645e-05,1,0,1,1,1,164
tune-prose-256,tune,prose,256,17,resident_seed_batch,candidate,256,245,18,15,49,11,4778.509332503208,142.01186159514384,393.2896065623758,29.859274054740997,5343.670074715469,20.8737112293573,47.90714928515325,0.00022895802976563573,227,3,4,7,2,2
tune-prose-256,tune,prose,256,18,resident_seed_batch,ordinary,256,256,0,0,0,0,5221.644287634566,0.0,0.0,0.0,5221.644287634566,20.397047998572525,49.026702298782865,0.00010220898548141122,256,0,0,0,0,0
tune-prose-256,tune,prose,256,18,resident_seed_batch,default,256,242,28,28,130,14,4422.135051065452,286.8932627424883,958.3689528994223,82.05359170974042,5749.450858417105,22.458792415691818,44.52599149103432,0.0002559589920565486,214,0,0,0,0,28
tune-prose-256,tune,prose,256,18,resident_seed_batch,existing_cost_gate,256,217,56,54,255,39,3401.310131338757,575.0124574989724,1890.5243878953584,155.24370313262588,6022.090679865713,23.523791718225443,42.51015363417088,0.0002604160108603537,161,0,0,0,0,56
tune-prose-256,tune,prose,256,18,resident_seed_batch,fixed_1,256,196,195,135,175,60,4013.8207191177,1096.9902463807396,1362.553201791741,0.0,6473.3641672901795,25.286578778477264,39.54667053856857,7.754098623991013e-05,1,195,0,0,0,0
tune-prose-256,tune,prose,256,18,resident_seed_batch,fixed_2,256,179,178,155,315,77,3665.657860862268,1214.5559238391922,1387.940973518046,101.11182916252642,6369.2665873820315,24.87994760696106,40.19301068464525,7.01249809935689e-05,1,1,177,0,0,0
tune-prose-256,tune,prose,256,18,resident_seed_batch,fixed_3,256,172,171,159,454,84,424.8884350559171,1370.1729898108251,4793.250825040464,448.46629093187073,7036.778540839074,27.48741617515263,36.38028374976744,7.041700882837176e-05,1,1,1,169,0,0
tune-prose-256,tune,prose,256,18,resident_seed_batch,fixed_4,256,167,166,161,589,89,405.1954493093256,1529.3859062019371,5103.772600431643,457.86580915237175,7496.219765095277,29.282108457403424,34.1505462782742,6.833404768258333e-05,1,1,1,0,164,0
tune-prose-256,tune,prose,256,18,resident_seed_batch,fixed_5,256,164,163,160,721,92,405.1954493093256,1696.7858155638985,5425.629513508742,454.6138317246256,7982.224610106595,31.180564883228886,32.07125989362273,6.291602039709687e-05,1,1,1,0,0,161
tune-prose-256,tune,prose,256,18,resident_seed_batch,candidate,256,246,16,15,41,10,4886.733147350857,132.20288849310384,325.260267773641,29.45414717957299,5373.650450797175,20.990822073426465,47.63986834350617,0.0002465000143274665,230,3,4,2,3,4
tune-prose-256,tune,prose,256,19,resident_seed_batch,ordinary,256,256,0,0,0,0,5199.35756829582,0.0,0.0,0.0,5199.35756829582,20.309990501155546,49.236852175933045,0.00010616699000820518,256,0,0,0,0,0
tune-prose-256,tune,prose,256,19,resident_seed_batch,default,256,237,28,27,130,19,4273.459325219194,294.5087046602768,977.8074566370207,80.15728583075723,5625.932772347248,21.976299891981437,45.50356542799424,0.00025758298579603434,209,0,0,0,0,28
tune-prose-256,tune,prose,256,19,resident_seed_batch,existing_cost_gate,256,233,52,52,245,23,3735.4981117266448,533.9202541832345,1810.690894311353,155.11887635058042,6235.228136571813,24.356359908483643,41.057038233849006,0.00024808297166600823,181,0,0,0,0,52
tune-prose-256,tune,prose,256,19,resident_seed_batch,fixed_1,256,198,198,140,182,58,3997.279266338343,1099.0201115032473,1347.5115167989811,0.0,6443.810894640573,25.171136307189737,39.72804357324011,8.283299393951893e-05,0,198,0,0,0,0
tune-prose-256,tune,prose,256,19,resident_seed_batch,fixed_2,256,183,183,161,333,73,3689.359032074502,1231.0903057397009,1361.2110354637618,98.33447692667716,6379.994850204643,24.921854883611886,40.125424237887685,8.533301297575235e-05,0,1,182,0,0,0
tune-prose-256,tune,prose,256,19,resident_seed_batch,fixed_3,256,174,174,161,475,82,320.37460721295855,1380.4549768537756,4960.462451783587,463.0448341824864,7124.336870032814,27.82944089856568,35.933168892787194,7.274997187778354e-05,0,1,0,173,0,0
tune-prose-256,tune,prose,256,19,resident_seed_batch,fixed_4,256,173,173,168,624,83,340.9899450302653,1575.3361322798373,5343.428316467076,481.8011167571713,7741.555510534348,30.240451213024798,33.0682896546627,6.724998820573092e-05,0,1,0,1,171,0
tune-prose-256,tune,prose,256,19,resident_seed_batch,fixed_5,256,172,172,170,774,84,340.9899450302653,1769.0332178949416,5756.155465588198,488.94026326144115,8355.118891774848,32.6371831709955,30.639899122443108,6.295897765085101e-05,0,1,0,1,0,170
tune-prose-256,tune,prose,256,19,resident_seed_batch,candidate,256,254,12,12,33,2,5038.796930860791,89.0775034306119,218.35305011049928,21.719966996387043,5367.947451398289,20.968544732024565,47.69048175635828,0.0002406249986961484,242,3,3,2,2,2
tune-prose-2048,tune,prose,2048,0,resident_seed_batch,ordinary,256,256,0,0,0,0,6564.820261016095,0.0,0.0,0.0,6564.820261016095,25.64382914459412,38.995736337246896,0.00021849997574463487,256,0,0,0,0,0
tune-prose-2048,tune,prose,2048,0,resident_seed_batch,default,256,224,32,30,145,32,4999.797076459585,336.7657524850853,1728.7683186128731,87.04278275837301,7152.3739303159155,27.938960665296545,35.79231210422644,0.0003576670424081385,192,0,0,0,0,32
tune-prose-2048,tune,prose,2048,0,resident_seed_batch,existing_cost_gate,256,210,71,69,345,46,3617.5003469735466,743.0156576885528,4117.4623834764925,215.31926451808184,8693.29765265668,33.958193955690156,29.447973626183863,0.00034241698449477553,139,0,0,0,0,71
tune-prose-2048,tune,prose,2048,0,resident_seed_batch,fixed_1,256,202,201,147,189,54,5186.7497207556125,1128.3852511910372,1966.9692326769643,0.0,8282.104204623614,32.351969549310994,30.91001920225587,0.00017995800590142608,1,201,0,0,0,0
tune-prose-2048,tune,prose,2048,0,resident_seed_batch,fixed_2,256,184,183,160,346,72,4715.274338752066,1245.3351034660798,2014.5397766160575,82.62082543506624,8057.770044269269,31.475664235426834,31.77057654829311,0.00020716700237244368,1,0,183,0,0,0
tune-prose-2048,tune,prose,2048,0,resident_seed_batch,fixed_3,256,176,175,165,492,80,313.5893764659133,1400.4487459592663,8185.284888436405,491.7714785185013,10391.094489380086,40.59021284914096,24.636480811683246,0.0001735000405460596,1,0,0,175,0,0
tune-prose-2048,tune,prose,2048,0,resident_seed_batch,fixed_4,256,172,171,166,643,84,289.55160582891006,1575.8540413701767,8794.286704377255,499.4571286968882,11159.149480273232,43.59042765731731,22.940816453130964,0.00014824996469542384,1,0,0,1,170,0
tune-prose-2048,tune,prose,2048,0,resident_seed_batch,fixed_5,256,169,168,165,787,87,289.55160582891006,1747.491098970131,9352.506574875235,495.9429491863178,11885.492228860594,46.427704018986695,21.538863941905205,0.00015933404210954905,1,0,0,1,1,166
tune-prose-2048,tune,prose,2048,0,resident_seed_batch,candidate,256,252,13,12,35,4,6308.363557063963,101.06941653685246,457.66004588906094,26.114790392942332,6893.207809882819,26.92659300735476,37.13800701510432,0.0005404160474427044,239,3,4,2,2,2
tune-prose-2048,tune,prose,2048,1,resident_seed_batch,ordinary,256,256,0,0,0,0,6562.684364569502,0.0,0.0,0.0,6562.684364569502,25.635485799099616,39.00842792045402,0.00010737497359514236,256,0,0,0,0,0
tune-prose-2048,tune,prose,2048,1,resident_seed_batch,default,256,244,28,28,130,12,5606.716039307233,289.4188206071047,1520.2558129805257,82.22837532428329,7498.6190482191505,29.291480657106057,34.13961935575291,0.00025933299912139773,216,0,0,0,0,28
tune-prose-2048,tune,prose,2048,1,resident_seed_batch,existing_cost_gate,256,234,52,52,225,22,4849.153169783141,545.5179222367608,2699.856637801555,145.64657279915951,8240.17430262062,32.1881808696118,31.0673039912013,0.0002620000159367919,182,0,0,0,0,52
tune-prose-2048,tune,prose,2048,1,resident_seed_batch,fixed_1,256,197,196,137,175,59,5084.118042478211,1105.9518331715985,2157.6740342311423,0.0,8347.743909880946,32.60837464797245,30.666968556256418,7.562496466562152e-05,1,196,0,0,0,0
tune-prose-2048,tune,prose,2048,1,resident_seed_batch,fixed_2,256,185,184,164,325,71,4755.74824371913,1254.1643142286193,2091.7077716207637,100.2300958875441,8201.850425456054,32.03847822443771,31.21246873820738,7.037504110485315e-05,1,1,183,0,0,0
tune-prose-2048,tune,prose,2048,1,resident_seed_batch,fixed_3,256,179,178,172,468,77,619.9874030990727,1424.669807657716,7770.832448298387,477.7018710184011,10293.19153007357,40.207779414349886,24.870808947064276,6.762502016499639e-05,1,1,1,176,0,0
tune-prose-2048,tune,prose,2048,1,resident_seed_batch,fixed_4,256,178,177,175,618,78,619.9874030990727,1625.2155286075229,8429.142906215944,487.1805496730401,11161.526387595573,43.59971245154521,22.935931082374815,6.791600026190281e-05,1,1,1,1,174,0
tune-prose-2048,tune,prose,2048,1,resident_seed_batch,fixed_5,256,177,176,175,765,79,619.9874030990727,1824.1520553121147,9084.604428156606,487.4605841345798,12016.204470702382,46.93829871368118,21.304564234419693,6.504100747406483e-05,1,1,1,1,1,172
tune-prose-2048,tune,prose,2048,1,resident_seed_batch,candidate,256,252,13,13,33,4,6310.20494491051,98.04538929253845,312.2592727519389,18.645365672900702,6739.154972627889,26.32482411182769,37.98695845989345,0.00024970900267362595,239,3,3,2,3,2
tune-prose-2048,tune,prose,2048,2,resident_seed_batch,ordinary,256,256,0,0,0,0,6519.537789129002,0.0,0.0,0.0,6519.537789129002,25.466944488785163,39.26658733796543,0.00010595901403576136,256,0,0,0,0,0
tune-prose-2048,tune,prose,2048,2,resident_seed_batch,default,256,243,32,32,145,13,5469.707091149315,328.2068287266908,1673.6284398659266,90.47201380119223,7562.014373543126,29.539118646652835,33.85341356869877,0.0002550000208429992,211,0,0,0,0,32
tune-prose-2048,tune,prose,2048,2,resident_seed_batch,existing_cost_gate,256,231,65,65,300,25,4368.2680912318265,671.1999457383903,3518.0364893450587,189.62193290104466,8747.12645921632,34.16846273131375,29.266754195632807,0.0002572500379756093,166,0,0,0,0,65
tune-prose-2048,tune,prose,2048,2,resident_seed_batch,fixed_1,256,196,196,136,188,60,4983.861867593612,1089.3508136268822,2142.805100290999,0.0,8216.017781511497,32.093819459029284,31.158647267789117,9.091699030250311e-05,0,196,0,0,0,0
tune-prose-2048,tune,prose,2048,2,resident_seed_batch,fixed_2,256,183,183,162,349,73,4655.373470490524,1234.7520693681208,2129.5747803654535,101.44737962158493,8121.147699845678,31.72323320252218,31.522638112451105,7.104099495336413e-05,0,1,182,0,0,0
tune-prose-2048,tune,prose,2048,2,resident_seed_batch,fixed_3,256,175,175,166,502,81,211.9524098747536,1385.62939078626,8287.36596269449,503.6461054267314,10388.59386878224,40.580444799930625,24.642411016690225,7.408304372802377e-05,0,1,0,174,0,0
tune-prose-2048,tune,prose,2048,2,resident_seed_batch,fixed_4,256,172,172,168,657,84,211.9524098747536,1566.4711490637387,8895.694526619622,510.03675202508146,11184.154837583192,43.68810483430934,22.889525736870038,6.687501445412636e-05,0,1,0,0,171,0
tune-prose-2048,tune,prose,2048,2,resident_seed_batch,fixed_5,256,172,172,171,820,84,211.9524098747536,1768.7865205828957,9642.28715531576,519.7976837546313,12142.823769528039,47.4329053497189,21.08241088390185,6.454199319705367e-05,0,1,0,0,1,170
tune-prose-2048,tune,prose,2048,2,resident_seed_batch,candidate,256,254,13,11,34,2,6322.425203907723,93.76083712223651,381.90014890940023,18.453195571419627,6816.539385510779,26.62710697465148,37.55571346718146,0.0002472919877618551,241,4,3,2,2,2
tune-prose-2048,tune,prose,2048,3,resident_seed_batch,ordinary,256,256,0,0,0,0,6551.45930458929,0.0,0.0,0.0,6551.45930458929,25.591637908551913,39.07526370814397,0.0001057499903254211,256,0,0,0,0,0
tune-prose-2048,tune,prose,2048,3,resident_seed_batch,default,256,240,28,28,140,16,5442.535465513109,283.8400678198778,1615.5530040197875,87.33540548303934,7429.263942835809,29.02056227670238,34.45832615044806,0.0002634160337038338,212,0,0,0,0,28
tune-prose-2048,tune,prose,2048,3,resident_seed_batch,existing_cost_gate,256,236,52,52,250,20,4773.3248838915815,533.3053032634776,2919.677258539487,157.61006155095524,8383.917507245498,32.74967776267773,30.534651584866054,0.00025591702433303,184,0,0,0,0,52
tune-prose-2048,tune,prose,2048,3,resident_seed_batch,fixed_1,256,202,201,147,185,54,5170.7235597827985,1125.0416630634058,1957.6120347117562,0.0,8253.377257557957,32.23975491233577,31.017605522099487,7.987499702721834e-05,1,201,0,0,0,0
tune-prose-2048,tune,prose,2048,3,resident_seed_batch,fixed_2,256,187,186,166,342,69,4790.487705981273,1265.145259867855,2011.9464975168528,95.01823606181893,8162.597699427804,31.88514726338986,31.362564887639326,7.170898607000709e-05,1,0,186,0,0,0
tune-prose-2048,tune,prose,2048,3,resident_seed_batch,fixed_3,256,187,186,179,513,69,403.5713610641965,1485.5584011329533,8545.734525795779,524.0014442142016,10958.86573220713,42.8080692664341,23.360081805513758,7.44159915484488e-05,1,0,0,186,0,0
tune-prose-2048,tune,prose,2048,3,resident_seed_batch,fixed_4,256,182,181,176,663,74,403.5713610641965,1660.041078890647,9052.805133844371,513.4655251235054,11629.883098922712,45.42923085516684,22.012259093448115,7.220800034701824e-05,1,0,0,1,180,0
tune-prose-2048,tune,prose,2048,3,resident_seed_batch,fixed_5,256,180,179,177,817,76,403.5713610641965,1854.0257490969605,9693.706652819568,517.2176332843501,12468.521396265069,48.705161704160425,20.53170475183084,7.216702215373516e-05,1,0,0,1,1,177
tune-prose-2048,tune,prose,2048,3,resident_seed_batch,candidate,256,252,12,11,32,4,6297.252342663431,91.81149741209988,390.6402693279168,21.85296211203409,6801.557071515479,26.56858231060734,37.638440331863556,0.0002479160320945084,240,3,3,2,2,2
tune-prose-2048,tune,prose,2048,4,resident_seed_batch,ordinary,256,256,0,0,0,0,6557.065835101753,0.0,0.0,0.0,6557.065835101753,25.613538418366222,39.04185293207863,0.00010712497169151902,256,0,0,0,0,0
tune-prose-2048,tune,prose,2048,4,resident_seed_batch,default,256,246,28,28,120,10,5671.665719218566,295.83276182241565,1448.1379861492908,78.36151308474301,7493.997980275012,29.273429610449266,34.16067106954376,0.0002620000159367919,218,0,0,0,0,28
tune-prose-2048,tune,prose,2048,4,resident_seed_batch,existing_cost_gate,256,233,48,47,215,23,4839.736633840976,502.75036403960166,2588.190501381451,136.24286416873107,8066.92036343076,31.511407669651405,31.734539138443463,0.0002680000034160912,185,0,0,0,0,48
tune-prose-2048,tune,prose,2048,4,resident_seed_batch,fixed_1,256,210,209,163,188,46,5386.524251141618,1171.030577288511,1637.8408162279368,0.0,8195.395644658072,32.013264236945595,31.23705201064528,8.587498450651765e-05,1,209,0,0,0,0
tune-prose-2048,tune,prose,2048,4,resident_seed_batch,fixed_2,256,193,192,171,345,63,4963.638668700783,1308.1807056208202,1693.851173893502,66.06750891672458,8031.738057131827,31.3739767856712,31.873549433386135,7.89170153439045e-05,1,1,191,0,0,0
tune-prose-2048,tune,prose,2048,4,resident_seed_batch,fixed_3,256,185,184,174,499,71,497.9235584148506,1474.415791645625,8322.002438210566,500.35574470170064,10794.697532972748,42.1667872381748,23.715347208019477,7.758295396342874e-05,1,1,0,183,0,0
tune-prose-2048,tune,prose,2048,4,resident_seed_batch,fixed_4,256,182,181,178,652,74,497.9235584148506,1665.9206252620595,8925.564389165234,513.2303010925502,11602.63887393469,45.32280810130738,22.0639462092631,7.299997378140688e-05,1,1,0,1,179,0
tune-prose-2048,tune,prose,2048,4,resident_seed_batch,fixed_5,256,181,180,179,808,75,497.9235584148506,1869.8771453174036,9614.951501559835,516.3015927750588,12499.053798067145,48.824428898699786,20.481550374604186,7.262500002980232e-05,1,1,0,1,1,177
tune-prose-2048,tune,prose,2048,4,resident_seed_batch,candidate,256,252,13,12,33,4,6293.531482787188,105.84574040446063,373.96087349538686,19.80186864933225,6793.139965336369,26.53570298959519,37.685076607622044,0.0002525000018067658,239,3,3,2,2,3
tune-prose-2048,tune,prose,2048,5,resident_seed_batch,ordinary,256,256,0,0,0,0,6549.72003768808,0.0,0.0,0.0,6549.72003768808,25.584843897219063,39.08564007727617,0.00012429204070940614,256,0,0,0,0,0
tune-prose-2048,tune,prose,2048,5,resident_seed_batch,default,256,251,28,28,135,5,5742.425331134578,287.23365247195767,1566.839884140065,84.81833906045836,7681.317206807059,30.005145339090074,33.32761727026934,0.00030162499751895666,223,0,0,0,0,28
tune-prose-2048,tune,prose,2048,5,resident_seed_batch,existing_cost_gate,256,235,48,48,215,21,4918.839256295981,500.0213203096212,2557.827968220801,137.54040293162876,8114.2289477580325,31.696206827179815,31.549516491118112,0.00028741598362103105,187,0,0,0,0,48
tune-prose-2048,tune,prose,2048,5,resident_seed_batch,fixed_1,256,204,204,152,189,52,5226.935725601599,1142.563523330104,1884.4340705122497,0.0,8253.933319443951,32.241927029077935,31.01551588706633,8.73749959282577e-05,0,204,0,0,0,0
tune-prose-2048,tune,prose,2048,5,resident_seed_batch,fixed_2,256,186,186,164,341,70,4765.718415501319,1264.4184171557595,2009.1307960340264,86.36557117850903,8125.63319986961,31.740754686990662,31.50523703237158,0.00010412500705569983,0,1,185,0,0,0
tune-prose-2048,tune,prose,2048,5,resident_seed_batch,fixed_3,256,181,181,170,496,75,412.94721111142775,1444.7842935355704,8263.868260445755,494.95165094661,10616.551416039365,41.47090396890377,24.113291592337426,8.941598935052752e-05,0,1,0,180,0,0
tune-prose-2048,tune,prose,2048,5,resident_seed_batch,fixed_4,256,177,177,172,645,79,412.94721111142775,1625.5361038435592,8816.078071500751,501.4155270442351,11355.97691349998,44.3592848183593,22.543194825948202,7.841602200642228e-05,0,1,0,0,176,0
tune-prose-2048,tune,prose,2048,5,resident_seed_batch,fixed_5,256,175,175,172,800,81,388.8662523434207,1815.3078217625782,9495.614344532656,504.9515843665532,12204.74000300521,47.6747656367391,20.975457071348046,7.345800986513495e-05,0,1,0,0,1,173
tune-prose-2048,tune,prose,2048,5,resident_seed_batch,candidate,256,256,12,12,31,0,6405.136458276765,89.0361559234274,307.58608052279686,18.183413864349227,6819.942108587338,26.64039886166929,37.53697552324635,0.0002495000371709466,244,3,3,2,2,2
tune-prose-2048,tune,prose,2048,6,resident_seed_batch,ordinary,256,256,0,0,0,0,6523.692995911606,0.0,0.0,0.0,6523.692995911606,25.48317576527971,39.241576843121685,0.00010441697668284178,256,0,0,0,0,0
tune-prose-2048,tune,prose,2048,6,resident_seed_batch,default,256,245,28,28,120,11,5621.526613599663,296.91583333281625,1445.0727018715916,78.02046206576325,7441.535610869833,29.068498479960287,34.40150170430702,0.00028791697695851326,217,0,0,0,0,28
tune-prose-2048,tune,prose,2048,6,resident_seed_batch,existing_cost_gate,256,224,61,61,285,32,4251.883007226184,623.7595676236929,3326.629279585152,179.47619736658626,8381.74805180161,32.741203327350036,30.542554896406635,0.0002636670251376927,163,0,0,0,0,61
tune-prose-2048,tune,prose,2048,6,resident_seed_batch,fixed_1,256,192,191,127,173,64,4890.362267127558,1063.9394759442357,2284.783400919115,0.0,8239.085143990904,32.18392634371447,31.071410906186728,9.024998871609569e-05,1,191,0,0,0,0
tune-prose-2048,tune,prose,2048,6,resident_seed_batch,fixed_2,256,180,179,158,326,76,4572.049959752524,1207.4725650453236,2211.1926739591436,107.03051443403679,8097.74571319103,31.63181919215246,31.613736596221127,7.499998901039362e-05,1,0,179,0,0,0
tune-prose-2048,tune,prose,2048,6,resident_seed_batch,fixed_3,256,175,174,168,470,81,483.27334719556256,1378.0037574299647,7767.347941297676,478.90781291359235,10107.532858836794,39.482550229831226,25.32764459688942,7.233396172523499e-05,1,0,1,173,0,0
tune-prose-2048,tune,prose,2048,6,resident_seed_batch,fixed_4,256,174,173,169,629,82,427.9908009103708,1571.9565397895105,8532.438600321278,488.12367509066524,11020.509616111833,43.048865687936846,23.22941578180119,7.816602010279894e-05,1,0,1,1,171,0
tune-prose-2048,tune,prose,2048,6,resident_seed_batch,fixed_5,256,172,171,169,777,84,427.9908009103708,1757.1183112025485,9141.050257080631,488.46110606508495,11814.620475258636,46.15086123147905,21.668068012518688,7.354200351983309e-05,1,0,1,0,0,170
tune-prose-2048,tune,prose,2048,6,resident_seed_batch,candidate,256,252,12,11,30,4,6288.278453805055,95.23652108528277,373.42771979119965,19.886854702403358,6776.829549383938,26.471990427281007,37.775776730768186,0.00024637498427182436,240,3,3,2,2,2
tune-prose-2048,tune,prose,2048,7,resident_seed_batch,ordinary,256,256,0,0,0,0,6559.8377448712135,0.0,0.0,0.0,6559.8377448712135,25.624366190903178,39.02535549757351,0.0001010000123642385,256,0,0,0,0,0
tune-prose-2048,tune,prose,2048,7,resident_seed_batch,default,256,242,28,28,135,14,5499.816749559643,296.585894432634,1629.9685352463548,88.11557465212077,7514.486753890748,29.353463882385736,34.06752961104786,0.0002633749973028898,214,0,0,0,0,28
tune-prose-2048,tune,prose,2048,7,resident_seed_batch,existing_cost_gate,256,224,60,59,290,32,4235.230818651314,632.2694767976433,3474.259323552893,184.54053203692115,8526.300151038773,33.30585996499521,30.024746427535877,0.0002589590149000287,164,0,0,0,0,60
tune-prose-2048,tune,prose,2048,7,resident_seed_batch,fixed_1,256,196,195,135,178,60,5009.266929087589,1089.8034905696718,2161.5475872887496,0.0,8260.61800694601,32.26803908963285,30.990417397916264,8.274998981505632e-05,1,195,0,0,0,0
tune-prose-2048,tune,prose,2048,7,resident_seed_batch,fixed_2,256,180,180,160,330,76,4595.616563356656,1219.8416769121498,2276.456544806941,114.79325938957186,8206.708044465318,32.05745329869265,31.193993817368565,6.975000724196434e-05,0,0,180,0,0,0
tune-prose-2048,tune,prose,2048,7,resident_seed_batch,fixed_3,256,173,173,163,479,83,363.3741160090952,1380.525842878251,7966.326082891115,478.02215743159246,10188.248199210051,39.79784452816426,25.12698895771395,8.266599616035819e-05,0,0,1,172,0,0
tune-prose-2048,tune,prose,2048,7,resident_seed_batch,fixed_4,256,172,172,167,629,84,392.89632073486695,1577.4783767871677,8592.507391847865,487.8303867960315,11050.712476165934,43.16684561002318,23.165927133851163,7.529201684519649e-05,0,1,0,0,171,0
tune-prose-2048,tune,prose,2048,7,resident_seed_batch,fixed_5,256,167,167,164,771,89,342.62282834052377,1730.394593834021,9142.501446913358,484.37628851265833,11699.895157600562,45.702715459377195,21.880537949410222,6.962503539398313e-05,0,1,0,0,0,166
tune-prose-2048,tune,prose,2048,7,resident_seed_batch,candidate,256,249,12,9,29,7,6243.7926492774795,90.60607535328842,417.06889000602774,18.859433202113557,6770.327047838908,26.446590030620733,37.81205814595254,0.0002607919741421938,237,3,3,2,2,2
tune-prose-2048,tune,prose,2048,8,resident_seed_batch,ordinary,256,256,0,0,0,0,6557.124742042459,0.0,0.0,0.0,6557.124742042459,25.613768523603355,39.041502193575674,8.591701043769717e-05,256,0,0,0,0,0
tune-prose-2048,tune,prose,2048,8,resident_seed_batch,default,256,233,31,31,145,23,5231.619733300335,317.23332456367046,1696.8931949877929,91.67118941425875,7337.417442266054,28.661786883851775,34.88966002197881,0.0002672920236364007,202,0,0,0,0,31
tune-prose-2048,tune,prose,2048,8,resident_seed_batch,existing_cost_gate,256,238,56,56,270,18,4699.372733057326,586.647847210185,3217.502853329948,173.90979349627355,8677.433227093732,33.89622354333489,29.501811572653285,0.00030079198768362403,182,0,0,0,0,56
tune-prose-2048,tune,prose,2048,8,resident_seed_batch,fixed_1,256,206,205,155,192,50,5284.7875480187,1149.808346818492,1815.6414415922197,0.0,8250.237336429416,32.22748959542741,31.02941037461028,0.00010066700633615255,1,205,0,0,0,0
tune-prose-2048,tune,prose,2048,8,resident_seed_batch,fixed_2,256,190,189,170,351,66,4873.160093554893,1286.0825410715377,1930.14205184393,89.78498211699916,8179.169668587362,31.949881517919383,31.299020606356265,9.195896564051509e-05,1,1,188,0,0,0
tune-prose-2048,tune,prose,2048,8,resident_seed_batch,fixed_3,256,182,181,171,508,74,329.7429824533657,1447.344673172815,8455.155153046577,508.48672359470373,10740.729532267464,41.95597473541978,23.83450763106183,8.600001456215978e-05,1,1,0,180,0,0
tune-prose-2048,tune,prose,2048,8,resident_seed_batch,fixed_4,256,177,176,170,660,79,305.52113040047885,1621.93792288339,9018.237343958288,509.2174770263683,11454.913874268534,44.74575732136146,22.34848754079761,8.08749464340508e-05,1,0,0,0,176,0
tune-prose-2048,tune,prose,2048,8,resident_seed_batch,fixed_5,256,176,175,174,820,80,305.52113040047885,1822.74170361711,9721.213379657565,522.4690207503384,12371.945234425488,48.32791107197456,20.691976495957046,7.658405229449272e-05,1,0,0,0,0,175
tune-prose-2048,tune,prose,2048,8,resident_seed_batch,candidate,256,254,12,12,28,2,6375.596151866184,94.0329485160184,270.4384932699647,16.327464755625137,6756.39505840779,26.39216819690543,37.890028304580646,0.0002919579856097698,242,3,3,2,2,2
tune-prose-2048,tune,prose,2048,9,resident_seed_batch,ordinary,256,256,0,0,0,0,6584.882981306712,0.0,0.0,0.0,6584.882981306712,25.722199145729345,38.87692472694466,9.995896834880114e-05,256,0,0,0,0,0
tune-prose-2048,tune,prose,2048,9,resident_seed_batch,default,256,247,28,28,135,9,5635.113597100794,297.69269570834365,1634.8830076956424,88.36715939090912,7656.056459895689,29.906470546467535,33.43757995268074,0.00027066696202382445,219,0,0,0,0,28
tune-prose-2048,tune,prose,2048,9,resident_seed_batch,existing_cost_gate,256,248,44,44,210,8,5291.047746802565,461.4123847069117,2521.7210659187017,135.65185278504885,8409.833050213225,32.85091035239541,30.440556723478515,0.0002791250008158386,204,0,0,0,0,44
tune-prose-2048,tune,prose,2048,9,resident_seed_batch,fixed_1,256,206,205,155,193,50,5301.151328969517,1153.0622729017048,1803.572733526864,0.0,8257.786335398081,32.256977872648754,31.001044299562768,8.720799814909697e-05,1,205,0,0,0,0
tune-prose-2048,tune,prose,2048,9,resident_seed_batch,fixed_2,256,192,191,176,359,64,4936.543694153178,1302.0760164015308,1991.4956538601207,108.84950735955107,8338.964871774384,32.57408153036869,30.699253916574868,8.170801447704434e-05,1,1,190,0,0,0
tune-prose-2048,tune,prose,2048,9,resident_seed_batch,fixed_3,256,187,186,178,520,69,368.7664744771914,1487.021993324194,8640.23560809522,527.7252409179616,11023.749316814563,43.061520768806886,23.22258903416121,7.520796498283744e-05,1,1,0,185,0,0
tune-prose-2048,tune,prose,2048,9,resident_seed_batch,fixed_4,256,184,183,179,684,72,341.75920548476256,1679.4162043227861,9323.365117876943,533.3703991818156,11877.910926866307,46.39808955807151,21.5526115304469,7.454201113432646e-05,1,1,0,1,181,0
tune-prose-2048,tune,prose,2048,9,resident_seed_batch,fixed_5,256,185,184,183,858,71,341.75920548476256,1906.4125089456124,10166.44624905392,546.4677386836214,12961.085702167924,50.62924102409345,19.751431776828728,7.312500383704901e-05,1,1,0,1,1,181
tune-prose-2048,tune,prose,2048,9,resident_seed_batch,candidate,256,252,12,11,28,4,6355.6087455759,90.04193618242398,375.93904717028295,21.72006381254174,6843.30979274115,26.731678877895117,37.40879892234966,0.00025400001322850585,240,3,3,2,2,2
tune-prose-2048,tune,prose,2048,10,resident_seed_batch,ordinary,256,256,0,0,0,0,6541.530117701601,0.0,0.0,0.0,6541.530117701601,25.55285202227188,39.134574846220666,9.883398888632655e-05,256,0,0,0,0,0
tune-prose-2048,tune,prose,2048,10,resident_seed_batch,default,256,236,32,31,130,20,5369.28129089252,327.47102084534583,1511.5940650117936,77.89925561445813,7286.245632364114,28.46189700142232,35.134692531212075,0.0002530000056140125,204,0,0,0,0,32
tune-prose-2048,tune,prose,2048,10,resident_seed_batch,existing_cost_gate,256,236,44,44,195,20,5007.59030319142,463.85816522602653,2335.2737471172018,126.01123119953907,7932.733446734187,30.987240026305418,32.27134779190043,0.00027733296155929565,192,0,0,0,0,44
tune-prose-2048,tune,prose,2048,10,resident_seed_batch,fixed_1,256,195,194,133,180,61,4977.335836431562,1081.4430008281706,2203.6017639827965,0.0,8262.380601242527,32.27492422360362,30.98380628477727,8.112494833767414e-05,1,194,0,0,0,0
tune-prose-2048,tune,prose,2048,10,resident_seed_batch,fixed_2,256,174,173,147,325,82,4431.043451828391,1167.1381653086264,2282.879804965958,96.43517661490193,7977.496598717883,31.16209608874173,32.09026752090919,7.541704690083861e-05,1,1,172,0,0,0
tune-prose-2048,tune,prose,2048,10,resident_seed_batch,fixed_3,256,165,164,154,462,91,284.3490688831917,1299.691494766007,7625.117661228755,455.1348266780964,9664.293051556053,37.75114473264083,26.48926296360408,6.929197115823627e-05,1,0,0,164,0,0
tune-prose-2048,tune,prose,2048,10,resident_seed_batch,fixed_4,256,161,160,156,600,95,284.3490688831917,1455.7548369964122,8100.280865867381,460.8735678499627,10301.258339596949,40.23929038905058,24.851332872214556,6.691698217764497e-05,1,0,0,0,160,0
tune-prose-2048,tune,prose,2048,10,resident_seed_batch,fixed_5,256,160,159,158,744,96,284.3490688831917,1633.0898627148183,8717.489715949312,467.45203834101954,11102.380685888333,43.3686745542513,23.058117645469363,6.795901572331786e-05,1,0,0,0,1,158
tune-prose-2048,tune,prose,2048,10,resident_seed_batch,candidate,256,251,12,10,31,5,6277.328801131021,90.72074879942923,383.06748910512295,18.309211555274977,6769.426250590848,26.4430712913705,37.81708973897985,0.00027008296456187963,239,3,3,2,2,2
tune-prose-2048,tune,prose,2048,11,resident_seed_batch,ordinary,256,256,0,0,0,0,6548.515407800209,0.0,0.0,0.0,6548.515407800209,25.580138311719566,39.09283006268379,8.85000335983932e-05,256,0,0,0,0,0
tune-prose-2048,tune,prose,2048,11,resident_seed_batch,default,256,250,28,28,125,6,5754.684686594985,290.2098084488592,1476.889602435745,79.91647947831729,7601.7005769579055,29.69414287874182,33.676675029266626,0.00027125002816319466,222,0,0,0,0,28
tune-prose-2048,tune,prose,2048,11,resident_seed_batch,existing_cost_gate,256,240,44,43,190,16,5151.86847769928,456.9669062239818,2250.3614044137203,118.89529158528998,7978.092079922273,31.16442218719638,32.087872317775265,0.00026854098541662097,196,0,0,0,0,44
tune-prose-2048,tune,prose,2048,11,resident_seed_batch,fixed_1,256,206,206,156,189,50,5275.883964093695,1153.391194140769,1810.0813680484687,0.0,8239.356526282929,32.18498643079269,31.070387497297784,9.083299664780498e-05,0,206,0,0,0,0
tune-prose-2048,tune,prose,2048,11,resident_seed_batch,fixed_2,256,194,194,176,355,62,4980.626617586662,1320.8049920374028,1834.794678188347,86.43732764334563,8222.663615455755,32.11977974787404,31.133463798617374,7.845903746783733e-05,0,1,193,0,0,0
tune-prose-2048,tune,prose,2048,11,resident_seed_batch,fixed_3,256,191,191,184,522,65,456.76508750942077,1528.496415134232,8723.890199700394,537.7850631594816,11246.93676550352,43.933346740248126,22.761753296702118,7.470801938325167e-05,0,1,1,189,0,0
tune-prose-2048,tune,prose,2048,11,resident_seed_batch,fixed_4,256,189,189,185,687,67,456.76508750942077,1736.098802315688,9412.342346081386,540.0348047197147,12145.241040626208,47.442347814946125,21.078214845112754,7.795903366059065e-05,0,1,1,0,187,0
tune-prose-2048,tune,prose,2048,11,resident_seed_batch,fixed_5,256,187,187,184,847,69,456.76508750942077,1937.5416351826984,10074.501380960146,536.1913082477063,13004.999411899977,50.800778952734284,19.684737529918845,7.237499812617898e-05,0,1,1,0,1,184
tune-prose-2048,tune,prose,2048,11,resident_seed_batch,candidate,256,252,13,11,24,4,6369.009817657107,99.96599876413417,278.0692399303107,12.50670297234823,6759.551759323899,26.40449905985898,37.872333716045915,0.00026049994630739093,239,3,4,2,2,2
tune-prose-2048,tune,prose,2048,12,resident_seed_batch,ordinary,256,256,0,0,0,0,6668.638982040082,0.0,0.0,0.0,6668.638982040082,26.04937102359407,38.38864282343922,8.475000504404306e-05,256,0,0,0,0,0
tune-prose-2048,tune,prose,2048,12,resident_seed_batch,default,256,244,28,28,135,12,5661.658603179074,296.5814559488345,1623.6483822884297,87.8703912482158,7669.758832664554,29.959995440095913,33.37784219625364,0.00025237497175112367,216,0,0,0,0,28
tune-prose-2048,tune,prose,2048,12,resident_seed_batch,existing_cost_gate,256,235,52,52,235,21,4901.221453898189,551.6368339432687,2845.4137226297516,153.85629925967027,8452.12830973089,33.01612620988629,30.28822926235852,0.00025112502044066787,183,0,0,0,0,52
tune-prose-2048,tune,prose,2048,12,resident_seed_batch,fixed_1,256,199,198,141,178,57,5165.02773821463,1122.2744785461555,2094.6222161883707,0.0,8381.924432949152,32.741892316207625,30.541912188288155,7.562496466562152e-05,1,198,0,0,0,0
tune-prose-2048,tune,prose,2048,12,resident_seed_batch,fixed_2,256,182,181,160,327,74,4724.07366340947,1244.2665330695052,2195.126208628,104.28977932170997,8267.75618442869,32.29592259542457,30.963661033225044,6.920797750353813e-05,1,1,180,0,0,0
tune-prose-2048,tune,prose,2048,12,resident_seed_batch,fixed_3,256,176,176,166,477,80,434.7271763935569,1425.963229401871,8064.2240741789965,483.46077210731374,10408.375252081742,40.6577158284443,24.59557748446842,6.71250163577497e-05,0,0,0,176,0,0
tune-prose-2048,tune,prose,2048,12,resident_seed_batch,fixed_4,256,176,176,171,635,80,434.7271763935569,1636.6898971814048,8795.82220149479,499.030520600717,11366.269795670467,44.39949138933776,22.522780525367533,6.754201604053378e-05,0,0,0,1,175,0
tune-prose-2048,tune,prose,2048,12,resident_seed_batch,fixed_5,256,174,174,171,783,82,434.7271763935569,1827.5459600633196,9414.332883752695,499.2949994696503,12175.901019679222,47.56211335812196,21.02513806462796,6.937497528269887e-05,0,0,0,1,0,173
tune-prose-2048,tune,prose,2048,12,resident_seed_batch,candidate,256,247,17,15,45,9,6180.217327372254,133.16902676855992,522.3059186419188,25.115158667371972,6860.807431450103,26.800029029101964,37.31339241887041,0.00024024996673688293,230,3,3,7,2,2
tune-prose-2048,tune,prose,2048,13,resident_seed_batch,ordinary,256,256,0,0,0,0,6535.64755635742,0.0,0.0,0.0,6535.64755635742,25.529873267021173,39.16979882903586,8.908298332244158e-05,256,0,0,0,0,0
tune-prose-2048,tune,prose,2048,13,resident_seed_batch,default,256,238,31,30,140,18,5348.226814719646,327.4172049918778,1673.0514342509375,87.34465045200231,7436.040104414465,29.047031657869002,34.42692567621086,0.00025625003036111593,207,0,0,0,0,31
tune-prose-2048,tune,prose,2048,13,resident_seed_batch,existing_cost_gate,256,233,40,39,155,23,5171.4684584412635,414.06233070419376,1816.3979798671523,95.061457874132,7496.990226886741,29.28511807377633,34.14703664437196,0.00030629202956333756,193,0,0,0,0,40
tune-prose-2048,tune,prose,2048,13,resident_seed_batch,fixed_1,256,203,202,149,178,53,5201.042071485564,1131.2810132542274,1911.0525968828294,0.0,8243.375681622614,32.20068625633834,31.055238762284496,8.170801447704434e-05,1,202,0,0,0,0
tune-prose-2048,tune,prose,2048,13,resident_seed_batch,fixed_2,256,189,189,168,325,67,4816.608166771889,1277.338302224764,1896.1179688562152,81.39760565442995,8071.462043507299,31.529148607450388,31.71668263074184,7.47920130379498e-05,0,1,188,0,0,0
tune-prose-2048,tune,prose,2048,13,resident_seed_batch,fixed_3,256,185,184,177,477,71,676.5511501102551,1468.6793081300887,7904.889754978016,482.81200997124074,10532.932223189599,41.14426649683437,24.304722994075973,7.387500954791903e-05,1,0,0,184,0,0
tune-prose-2048,tune,prose,2048,13,resident_seed_batch,fixed_4,256,183,182,179,628,73,676.5511501102551,1668.9188419274208,8518.981203686555,489.63800619573715,11354.089201919964,44.35191094499986,22.546942819218884,7.154198829084635e-05,1,0,0,0,182,0
tune-prose-2048,tune,prose,2048,13,resident_seed_batch,fixed_5,256,182,181,180,779,74,676.5511501102551,1875.2711730047756,9180.015508182574,493.00658576589797,12224.844417063503,47.75329850415431,20.94096180419882,6.975000724196434e-05,1,0,0,0,1,180
tune-prose-2048,tune,prose,2048,13,resident_seed_batch,candidate,256,251,12,11,33,5,6253.641117985328,91.37744122567422,401.040835984477,22.326136764137548,6768.385531959617,26.439005984217253,37.822904559912324,0.00024987501092255116,239,3,3,2,2,2
tune-prose-2048,tune,prose,2048,14,resident_seed_batch,ordinary,256,256,0,0,0,0,6565.274761292679,0.0,0.0,0.0,6565.274761292679,25.645604536299526,38.993036743765245,0.00010449998080730438,256,0,0,0,0,0
tune-prose-2048,tune,prose,2048,14,resident_seed_batch,default,256,239,28,27,125,17,5496.859023463094,290.7584970591862,1476.8695897592274,76.83708680190759,7341.324197083414,28.677047644857087,34.87109316078216,0.00025283300783485174,211,0,0,0,0,28
tune-prose-2048,tune,prose,2048,14,resident_seed_batch,existing_cost_gate,256,241,44,44,180,15,5246.576728080436,463.35197040317115,2176.636790744792,117.52873043677216,8004.09421966517,31.265993045567072,31.983631498369476,0.00026529200840741396,197,0,0,0,0,44
tune-prose-2048,tune,prose,2048,14,resident_seed_batch,fixed_1,256,205,204,153,181,51,5248.474405336842,1140.9650597035748,1838.7451871584087,0.0,8228.184652198828,32.14134629765167,31.112573528790314,9.579199831932783e-05,1,204,0,0,0,0
tune-prose-2048,tune,prose,2048,14,resident_seed_batch,fixed_2,256,189,188,167,330,67,4834.139121813098,1275.534047384895,1867.4398848944186,79.91485492571086,8057.027909018126,31.472765269602053,31.77350294560387,7.558398647233844e-05,1,0,188,0,0,0
tune-prose-2048,tune,prose,2048,14,resident_seed_batch,fixed_3,256,179,178,167,469,77,574.0563864884251,1417.2260953803689,7801.621566530868,464.670430589809,10257.574478989465,40.0686503085526,24.957167069502,6.983295315876603e-05,1,1,0,177,0,0
tune-prose-2048,tune,prose,2048,14,resident_seed_batch,fixed_4,256,176,175,171,609,80,601.5704438569084,1601.579264395096,8299.753985375304,473.91003210919627,10976.813725736492,42.87817861615817,23.321886149873933,6.849999772384763e-05,1,1,0,0,174,0
tune-prose-2048,tune,prose,2048,14,resident_seed_batch,fixed_5,256,174,173,171,756,82,579.3386177549085,1791.0918417365815,8947.14868612344,477.7370713147709,11795.316216929707,46.075453972381666,21.703530053104096,6.462499732151628e-05,1,1,0,0,0,172
tune-prose-2048,tune,prose,2048,14,resident_seed_batch,candidate,256,252,13,12,33,4,6296.641527939209,106.11452204306345,424.26478316650196,23.52796237085827,6850.548795519631,26.75995623249856,37.36926889235912,0.00023700000019744039,239,3,3,2,2,3
tune-prose-2048,tune,prose,2048,15,resident_seed_batch,ordinary,256,256,0,0,0,0,6562.316924781079,0.0,0.0,0.0,6562.316924781079,25.63405048742609,39.01061209544375,9.920902084559202e-05,256,0,0,0,0,0
tune-prose-2048,tune,prose,2048,15,resident_seed_batch,default,256,243,28,28,125,13,5588.863953702353,286.13292143836617,1447.3829454148954,78.26694336622495,7400.646763921837,28.908776421569677,34.59157127293257,0.0002657080185599625,215,0,0,0,0,28
tune-prose-2048,tune,prose,2048,15,resident_seed_batch,existing_cost_gate,256,236,40,39,185,20,5104.113355526131,414.0692881617933,2174.9144937468504,114.86183559796987,7807.958973032741,30.499839738409143,32.78705752478683,0.00025924999499693513,196,0,0,0,0,40
tune-prose-2048,tune,prose,2048,15,resident_seed_batch,fixed_1,256,208,207,159,186,48,5312.730800510114,1155.7727156023109,1704.2238098140776,0.0,8172.727325926504,31.924716116900406,31.32369278831635,8.166703628376126e-05,1,207,0,0,0,0
tune-prose-2048,tune,prose,2048,15,resident_seed_batch,fixed_2,256,191,190,168,341,65,4886.451076153427,1289.6364887851037,1728.419119342577,65.533894090665,7970.040578371768,31.13297100926472,32.12028815696435,7.391703547909856e-05,1,1,189,0,0,0
tune-prose-2048,tune,prose,2048,15,resident_seed_batch,fixed_3,256,189,188,179,498,67,628.3628599719294,1500.188620871085,8214.8544119928,497.71967612471167,10841.125568960522,42.34814675375204,23.613784230390202,7.424998329952359e-05,1,1,1,186,0,0
tune-prose-2048,tune,prose,2048,15,resident_seed_batch,fixed_4,256,188,187,183,667,68,569.4204135909649,1707.5409408257776,9010.73816426195,515.8893626691296,11803.588881347825,46.10776906776494,21.688318914981384,7.504201494157314e-05,1,1,1,1,184,0
tune-prose-2048,tune,prose,2048,15,resident_seed_batch,fixed_5,256,187,186,184,827,69,569.4204135909649,1917.4990154102416,9721.125826261185,519.8449170348803,12727.890172297277,49.71832098553624,20.113309946466497,8.041597902774811e-05,1,1,1,1,1,182
tune-prose-2048,tune,prose,2048,15,resident_seed_batch,candidate,256,248,14,11,42,8,6146.703044289448,114.20049704466165,519.2772492093098,22.845549832001275,6803.026340375419,26.57432164209148,37.630311451340475,0.00026187498588114977,234,3,3,2,2,4
tune-prose-2048,tune,prose,2048,16,resident_seed_batch,ordinary,256,256,0,0,0,0,6540.2255834910375,0.0,0.0,0.0,6540.2255834910375,25.547756185511865,39.14238075307373,0.00011725001968443394,256,0,0,0,0,0
tune-prose-2048,tune,prose,2048,16,resident_seed_batch,default,256,250,28,28,120,6,5768.030242897353,292.43138340563763,1422.154141398122,76.81347016840175,7559.429237869511,29.529020460427777,33.86499058917694,0.00026829197304323316,222,0,0,0,0,28
tune-prose-2048,tune,prose,2048,16,resident_seed_batch,existing_cost_gate,256,246,40,40,185,10,5343.889129568059,409.7153133978616,2158.006272288715,116.07652810258165,8027.687243357211,31.358153294364104,31.889632996332303,0.00027895800303667784,206,0,0,0,0,40
tune-prose-2048,tune,prose,2048,16,resident_seed_batch,fixed_1,256,208,207,159,190,48,5302.059863776861,1152.7207142250363,1722.5863520158061,0.0,8177.3669300177,31.94283957038164,31.305920621009225,8.774996967986226e-05,1,207,0,0,0,0
tune-prose-2048,tune,prose,2048,16,resident_seed_batch,fixed_2,256,194,193,176,354,62,4936.7975326201,1301.3836974075923,1821.511519891105,88.14628566191408,8147.839035580706,31.827496232737133,31.41937376058566,7.791700772941113e-05,1,1,192,0,0,0
tune-prose-2048,tune,prose,2048,16,resident_seed_batch,fixed_3,256,189,188,180,512,67,496.0478790478428,1491.9443860107901,8436.832716808265,513.9556758562877,10938.780657723188,42.7296119442312,23.402974061762034,7.41670373827219e-05,1,1,1,186,0,0
tune-prose-2048,tune,prose,2048,16,resident_seed_batch,fixed_4,256,184,183,178,678,72,395.62110359483614,1668.4791710158313,9171.018092022017,520.5804037786314,11755.698770411316,45.920698321919204,21.776672318649663,7.562496466562152e-05,1,1,1,1,180,0
tune-prose-2048,tune,prose,2048,16,resident_seed_batch,fixed_5,256,187,186,183,851,69,446.7052089621563,1912.1787524701226,9996.626619049655,529.7741523448667,12885.284732826804,50.3331434876047,19.867624604973564,7.574999472126365e-05,1,1,1,1,1,182
tune-prose-2048,tune,prose,2048,16,resident_seed_batch,candidate,256,250,13,11,34,6,6214.1567113369965,98.21242709163606,468.1074839789489,24.27416272761352,6804.750785135195,26.581057754434354,37.62077526178115,0.00026654102839529514,237,3,3,3,2,2
tune-prose-2048,tune,prose,2048,17,resident_seed_batch,ordinary,256,256,0,0,0,0,6594.821920435103,0.0,0.0,0.0,6594.821920435103,25.76102312669962,38.81833400334031,0.00011954200454056263,256,0,0,0,0,0
tune-prose-2048,tune,prose,2048,17,resident_seed_batch,default,256,242,28,28,135,14,5541.532939109253,297.6534735194121,1628.746950129216,88.04581713347854,7555.979179891357,29.51554367145061,33.880453334399064,0.0002714590518735349,214,0,0,0,0,28
tune-prose-2048,tune,prose,2048,17,resident_seed_batch,existing_cost_gate,256,228,55,54,270,28,4468.17413927643,585.5849805830812,3272.8989359062066,173.07261122117131,8499.730666986883,33.20207291791751,30.118601403960824,0.0002514580264687538,173,0,0,0,0,55
tune-prose-2048,tune,prose,2048,17,resident_seed_batch,fixed_1,256,200,200,144,188,56,5179.530623043639,1132.3382365080067,2055.8442806497587,0.0,8367.713140201406,32.68637945391174,30.593782997900217,8.86659836396575e-05,0,200,0,0,0,0
tune-prose-2048,tune,prose,2048,17,resident_seed_batch,fixed_2,256,184,184,164,347,72,4758.243382823937,1261.7268409467406,2193.839903869054,107.71658016923266,8321.526707808962,32.50596370237876,30.76358569633242,7.225002627819777e-05,0,1,183,0,0,0
tune-prose-2048,tune,prose,2048,17,resident_seed_batch,fixed_3,256,181,181,175,510,75,308.1359036813408,1459.2138275137004,8578.443847005663,529.8956693734692,10875.689247574157,42.48316112333655,23.538738021325983,7.437501335516572e-05,0,1,1,179,0,0
tune-prose-2048,tune,prose,2048,17,resident_seed_batch,fixed_4,256,180,180,178,674,76,308.1359036813408,1666.8941598184342,9317.840133782232,540.3256989199931,11833.195896202,46.22342146953906,21.634054083577382,7.945799734443426e-05,0,1,1,1,177,0
tune-prose-2048,tune,prose,2048,17,resident_seed_batch,fixed_5,256,179,179,177,836,77,308.1359036813408,1871.5586060754868,10044.069060829086,537.2360020370508,12760.999572622957,49.84765458055843,20.061124408248887,7.174996426329017e-05,0,1,1,1,0,176
tune-prose-2048,tune,prose,2048,17,resident_seed_batch,candidate,256,251,15,13,38,5,6268.353201991208,112.99801036149958,472.75846053124855,24.76572212417999,6878.875395008132,26.870607011750515,37.215385553541836,0.00025291595375165343,236,3,3,5,2,2
tune-prose-2048,tune,prose,2048,18,resident_seed_batch,ordinary,256,256,0,0,0,0,6567.298678039064,0.0,0.0,0.0,6567.298678039064,25.653510461090093,38.981019830278115,9.645899990573525e-05,256,0,0,0,0,0
tune-prose-2048,tune,prose,2048,18,resident_seed_batch,default,256,242,27,27,115,14,5602.99647378428,282.4630089920452,1366.1738766632022,73.82845433723277,7325.461813776757,28.615085210065455,34.9466022085528,0.00026812503347173333,215,0,0,0,0,27
tune-prose-2048,tune,prose,2048,18,resident_seed_batch,existing_cost_gate,256,240,40,40,170,16,5283.244243864297,418.7577624993635,2020.6139743513818,109.56746205858795,7832.183442773628,30.594466573334483,32.68564913864456,0.00031395902624353766,200,0,0,0,0,40
tune-prose-2048,tune,prose,2048,18,resident_seed_batch,fixed_1,256,200,199,143,177,56,5125.635673459461,1114.406236393659,2045.250546333126,0.0,8285.292456186242,32.36442365697751,30.898124761891385,8.954200893640518e-05,1,199,0,0,0,0
tune-prose-2048,tune,prose,2048,18,resident_seed_batch,fixed_2,256,183,183,163,328,73,4698.843187807495,1246.727716578528,2178.235041774375,107.14051170075066,8230.946457861146,32.1521346010201,31.102134038972103,7.862504571676254e-05,0,0,183,0,0,0
tune-prose-2048,tune,prose,2048,18,resident_seed_batch,fixed_3,256,173,173,162,467,83,464.01869770996143,1389.2273076351908,7826.142797208864,466.8273163981878,10146.21611895221,39.63365671465707,25.231080926988657,8.42920271679759e-05,0,0,1,172,0,0
tune-prose-2048,tune,prose,2048,18,resident_seed_batch,fixed_4,256,172,172,166,613,84,487.5860760310536,1585.4855054257291,8434.001743572013,476.04143970567225,10983.114764734473,42.902792049744036,23.30850632845855,8.520804112777114e-05,0,0,1,1,170,0
tune-prose-2048,tune,prose,2048,18,resident_seed_batch,fixed_5,256,170,170,167,755,86,487.5860760310536,1768.2646520580684,9022.354706228864,479.55017840542195,11757.755612723404,45.928732862200796,21.77286281771115,7.000000914558768e-05,0,0,1,1,1,167
tune-prose-2048,tune,prose,2048,18,resident_seed_batch,candidate,256,254,12,11,33,2,6369.6849729539745,89.48621252636812,351.6724441618516,18.334868418180026,6829.178498060376,26.676478508048344,37.48620717304565,0.00029087497387081385,242,3,3,2,2,2
tune-prose-2048,tune,prose,2048,19,resident_seed_batch,ordinary,256,256,0,0,0,0,6568.4254503715365,0.0,0.0,0.0,6568.4254503715365,25.657911915513814,38.97433287996282,0.00016175000928342342,256,0,0,0,0,0
tune-prose-2048,tune,prose,2048,19,resident_seed_batch,default,256,249,26,26,100,7,5880.258403520645,265.21694259810306,1166.210933927016,62.99421829951095,7374.680498345271,28.807345696661216,34.713368268285144,0.0003237499622628093,223,0,0,0,0,26
tune-prose-2048,tune,prose,2048,19,resident_seed_batch,existing_cost_gate,256,231,60,59,270,25,4561.228080193237,613.3688947458762,3164.4870725984515,167.3827697209053,8506.466817258464,33.228386004915876,30.09475091122566,0.00027116696583107114,171,0,0,0,0,60
tune-prose-2048,tune,prose,2048,19,resident_seed_batch,fixed_1,256,200,199,143,181,56,5138.065000635845,1116.279541935627,2024.6158568679682,0.0,8278.96039943944,32.33968906031031,30.92175679658203,8.450000314041972e-05,1,199,0,0,0,0
tune-prose-2048,tune,prose,2048,19,resident_seed_batch,fixed_2,256,183,182,162,331,73,4692.302403129729,1235.588523681278,2168.43932231808,108.00470226616834,8204.334951395256,32.04818340388772,31.203016638961554,7.287500193342566e-05,1,1,181,0,0,0
tune-prose-2048,tune,prose,2048,19,resident_seed_batch,fixed_3,256,176,175,164,472,80,489.3710088242084,1397.9105970968853,7866.296737837637,468.1705698336802,10221.748913592415,39.92870669372037,25.044637875968846,6.970897084102035e-05,1,1,0,174,0,0
tune-prose-2048,tune,prose,2048,19,resident_seed_batch,fixed_4,256,170,169,163,604,86,489.3710088242084,1553.152725331887,8281.916885356497,465.83333528455694,10790.273954797152,42.149507635926376,23.72506954618953,6.704102270305157e-05,1,1,0,1,167,0
tune-prose-2048,tune,prose,2048,19,resident_seed_batch,fixed_5,256,167,166,162,743,89,466.3261871227995,1722.0432771528979,8855.29636278236,465.646255489811,11509.312082547867,44.958250322452606,22.242858492662243,6.28340058028698e-05,1,1,0,1,1,163
tune-prose-2048,tune,prose,2048,19,resident_seed_batch,candidate,256,246,15,12,44,10,6093.414383388254,120.34283393491692,548.5305926279159,25.30852877149003,6787.596338722574,26.514048198135054,37.715855101686735,0.0002376670017838478,231,3,3,4,2,3
tune-structured-256,tune,structured,256,0,resident_seed_batch,ordinary,256,256,0,0,0,0,5212.187152900857,0.0,0.0,0.0,5212.187152900857,20.36010606601897,49.115657686528486,0.00022441602777689695,256,0,0,0,0,0
tune-structured-256,tune,structured,256,0,resident_seed_batch,default,256,142,40,21,200,114,2055.2907336450303,327.48109130078785,1169.6452964883813,51.467207032727096,3603.884328466926,14.07767315807393,71.03446633341339,0.00023795798188075423,102,0,0,0,0,40
tune-structured-256,tune,structured,256,0,resident_seed_batch,existing_cost_gate,256,137,51,32,255,119,1737.2511156616151,416.8223178027666,1480.882848484099,77.61585869184279,3712.572140640324,14.502234924376266,68.95488903707782,0.00023379200138151646,86,0,0,0,0,51
tune-structured-256,tune,structured,256,0,resident_seed_batch,fixed_1,256,157,156,57,155,99,3178.3063162425956,652.3177165764998,1967.6171985765043,0.0,5798.2412313956,22.649379810139063,44.15131930245379,0.00014812499284744263,1,156,0,0,0,0
tune-structured-256,tune,structured,256,0,resident_seed_batch,fixed_2,256,128,128,76,254,128,2593.646797845744,663.7829028805264,1658.8267091238065,57.38076067037859,4973.63717052046,19.428270197345547,51.47138627589338,0.00011845800327137113,0,0,128,0,0,0
tune-structured-256,tune,structured,256,0,resident_seed_batch,fixed_3,256,115,115,81,340,141,42.38998922523128,712.0701056447859,2879.355620629817,192.4470803766249,3826.262795876459,14.946339046392419,66.90601604152482,0.00011108297621831298,0,1,0,114,0,0
tune-structured-256,tune,structured,256,0,resident_seed_batch,fixed_4,256,108,107,83,424,148,40.23537271775436,766.9468324745231,2858.0458883883316,196.05033294711652,3861.278426527725,15.083118853623926,66.29928529401838,0.00011162500595673919,1,0,0,0,107,0
tune-structured-256,tune,structured,256,0,resident_seed_batch,fixed_5,256,99,99,78,490,157,20.643856787606854,806.4954413090012,2814.056453614195,184.4669775304636,3825.662729241267,14.943995036098698,66.91651045014409,0.00010354100959375501,0,0,0,0,0,99
tune-structured-256,tune,structured,256,0,resident_seed_batch,candidate,256,156,41,17,145,100,2491.353327766224,276.69151021614437,1015.3438670471538,33.280333386157,3816.66903841568,14.90886343131125,67.0741941266846,0.00026354100555181503,115,3,5,2,29,2
tune-structured-256,tune,structured,256,1,resident_seed_batch,ordinary,256,256,0,0,0,0,5185.088993155186,0.0,0.0,0.0,5185.088993155186,20.254253879512444,49.37234449359394,9.866600157693028e-05,256,0,0,0,0,0
tune-structured-256,tune,structured,256,1,resident_seed_batch,default,256,172,35,20,170,84,2767.986473279077,281.0184405006537,976.6376911203809,44.472851763141456,4070.115456663254,15.898888502590836,62.897478640537855,0.00020045804558321834,137,0,0,0,0,35
tune-structured-256,tune,structured,256,1,resident_seed_batch,existing_cost_gate,256,122,57,40,280,134,1320.8174134637663,463.23400896347084,1617.5372106784096,92.68770768550819,3494.276340791156,13.649516956215454,73.26266586632865,0.0001556669594720006,65,0,0,0,0,57
tune-structured-256,tune,structured,256,1,resident_seed_batch,fixed_1,256,157,157,58,153,99,3160.8100922633143,652.5302638033959,1969.8979010560133,0.0,5783.238257122722,22.59077444188563,44.265857399996726,8.149998029693961e-05,0,157,0,0,0,0
tune-structured-256,tune,structured,256,1,resident_seed_batch,fixed_2,256,124,124,69,238,132,2494.771473183601,638.2665840358482,1678.3810975197432,52.93131588940365,4864.350470628598,19.00136902589296,52.62778690510725,5.566602339968085e-05,0,0,124,0,0,0
tune-structured-256,tune,structured,256,1,resident_seed_batch,fixed_3,256,113,113,78,325,143,100.61091346110352,683.4711435320258,2688.0254648426426,173.4445241793442,3645.5520460151165,14.240437679746549,70.22256074490247,4.900002386420965e-05,0,1,0,112,0,0
tune-structured-256,tune,structured,256,1,resident_seed_batch,fixed_4,256,106,106,81,404,150,97.46891465115394,747.3676522880268,2715.5104766468567,182.40184709092767,3742.748890676963,14.620112854206887,68.3989248217228,4.691700451076031e-05,0,1,0,1,104,0
tune-structured-256,tune,structured,256,1,resident_seed_batch,fixed_5,256,98,97,79,465,158,101.43174110246242,785.0409177806539,2652.7135352759096,178.12056097992536,3717.306755138951,14.520729512261527,68.86706340446496,3.93329537473619e-05,1,0,0,0,0,97
tune-structured-256,tune,structured,256,1,resident_seed_batch,candidate,256,160,37,14,132,96,2586.8269113586903,243.96625238489952,869.6261714270943,23.055243545011056,3723.4745787156944,14.544822573108181,68.75298718658094,0.0001692090299911797,123,4,2,3,25,3
tune-structured-256,tune,structured,256,2,resident_seed_batch,ordinary,256,256,0,0,0,0,5195.899863512057,0.0,0.0,0.0,5195.899863512057,20.296483841843973,49.26961772257141,0.00010537501657381654,256,0,0,0,0,0
tune-structured-256,tune,structured,256,2,resident_seed_batch,default,256,144,39,21,190,112,2142.828980621542,321.29362882265775,1112.3475616209232,47.684975813406666,3624.1551468785296,14.156856042494256,70.63715255691848,0.0001604169956408441,105,0,0,0,0,39
tune-structured-256,tune,structured,256,2,resident_seed_batch,existing_cost_gate,256,153,56,41,270,103,2008.7568314638063,454.34423813517867,1549.9926526695901,91.74334290583101,4104.837065174406,16.034519785837524,62.3654473820444,0.00017929199384525418,97,0,0,0,0,56
tune-structured-256,tune,structured,256,2,resident_seed_batch,fixed_1,256,157,156,57,153,99,3195.4733652790796,655.4058009198627,1985.4168659900085,0.0,5836.296032188951,22.79803137573809,43.863436430928445,6.445799954235554e-05,1,156,0,0,0,0
tune-structured-256,tune,structured,256,2,resident_seed_batch,fixed_2,256,127,126,73,243,129,2596.762948152251,657.9324685598933,1672.9939474775574,55.401409198201286,4983.090773387904,19.4651983335465,51.373738035671124,5.183299072086811e-05,1,1,125,0,0,0
tune-structured-256,tune,structured,256,2,resident_seed_batch,fixed_3,256,113,112,79,327,143,83.69179291234978,697.5748684712437,2765.2217832584724,181.70342337560697,3728.1918680176736,14.563249484444038,68.66599388193998,4.441698547452688e-05,1,0,0,112,0,0
tune-structured-256,tune,structured,256,2,resident_seed_batch,fixed_4,256,102,102,79,391,154,82.04952660605724,735.1767997020154,2658.0752910220244,180.53546828667396,3655.83708561677,14.280613615690507,70.02500221007816,4.016701132059097e-05,0,0,0,1,101,0
tune-structured-256,tune,structured,256,2,resident_seed_batch,fixed_5,256,97,97,77,467,159,81.62305977338428,793.9548571733584,2713.889181404411,177.89661308549847,3767.363711436651,14.716264497799418,67.95202683055432,3.6959012504667044e-05,0,0,1,0,0,96
tune-structured-256,tune,structured,256,2,resident_seed_batch,candidate,256,155,42,17,130,101,2577.532511091943,286.60402352349706,892.3907112127765,19.738594463371506,3776.2658402915877,14.751038438639014,67.79183744654819,0.000157458009198308,113,3,7,2,27,3
tune-structured-256,tune,structured,256,3,resident_seed_batch,ordinary,256,256,0,0,0,0,5226.050771217195,0.0,0.0,0.0,5226.050771217195,20.414260825067167,48.98536413192466,9.316700743511319e-05,256,0,0,0,0,0
tune-structured-256,tune,structured,256,3,resident_seed_batch,default,256,140,40,23,200,116,2020.1434376744166,326.4309776842277,1166.3125620345568,54.572740979693,3567.4597183728956,13.935389524894124,71.7597450873981,0.00015249999705702066,100,0,0,0,0,40
tune-structured-256,tune,structured,256,3,resident_seed_batch,existing_cost_gate,256,119,59,39,295,137,1216.5463655513943,481.5018155556366,1712.1524461420518,92.4836153907795,3502.6842426398634,13.682360322811967,73.08680493764999,0.00013887498062103987,60,0,0,0,0,59
tune-structured-256,tune,structured,256,3,resident_seed_batch,fixed_1,256,157,157,58,155,99,3200.042104877936,660.7695833737776,1979.6427624324788,0.0,5840.454450684192,22.814275197985125,43.83220555208856,7.179199019446969e-05,0,157,0,0,0,0
tune-structured-256,tune,structured,256,3,resident_seed_batch,fixed_2,256,124,124,66,245,132,2527.1138446954474,645.7764664563554,1632.0928206731073,39.68824120442138,4844.67137302933,18.924497550895822,52.84156143699907,4.879198968410492e-05,0,1,123,0,0,0
tune-structured-256,tune,structured,256,3,resident_seed_batch,fixed_3,256,109,108,70,324,147,19.16795249028909,667.7471297904001,2721.0718417512003,166.8749514172768,3574.8618754491677,13.964304200973311,71.61115839415042,4.1665975004434586e-05,1,0,0,108,0,0
tune-structured-256,tune,structured,256,3,resident_seed_batch,fixed_4,256,99,98,70,392,157,19.16795249028909,706.8906059437743,2661.5938828026074,167.84278268543346,3555.4952239221025,13.888653218445713,72.00122173630818,3.854196984320879e-05,1,0,0,0,98,0
tune-structured-256,tune,structured,256,3,resident_seed_batch,fixed_5,256,93,93,72,463,163,0.0,758.7961617103435,2681.587015348141,171.68717968219022,3612.0703567406754,14.109649831018263,70.87348105561257,3.450002986937761e-05,0,0,0,1,0,92
tune-structured-256,tune,structured,256,3,resident_seed_batch,candidate,256,150,38,18,153,106,2365.6521214089807,279.036773998771,1029.4357460130034,41.31170853822169,3715.4363499589776,14.513423242027256,68.90173209475827,0.00014237500727176666,112,3,2,2,15,16
tune-structured-256,tune,structured,256,4,resident_seed_batch,ordinary,256,256,0,0,0,0,5206.096444204219,0.0,0.0,0.0,5206.096444204219,20.33631423517273,49.17311900454642,9.183300426229835e-05,256,0,0,0,0,0
tune-structured-256,tune,structured,256,4,resident_seed_batch,default,256,144,39,23,195,112,2102.7955460707108,317.0918594689149,1127.7587669699085,54.78154431099126,3602.427716820526,14.071983268830179,71.06318852830267,0.0001538749784231186,105,0,0,0,0,39
tune-structured-256,tune,structured,256,4,resident_seed_batch,existing_cost_gate,256,127,46,28,230,129,1618.028798005772,373.7577063899804,1326.290831201783,66.71124331342881,3384.7885789109646,13.221830386370955,75.63249344287449,0.00013987504644319415,81,0,0,0,0,46
tune-structured-256,tune,structured,256,4,resident_seed_batch,fixed_1,256,155,155,54,153,101,3144.825344687202,649.4057150925114,2028.2251667296637,0.0,5822.456226509378,22.74396963480226,43.96769851775676,6.245897384360433e-05,0,155,0,0,0,0
tune-structured-256,tune,structured,256,4,resident_seed_batch,fixed_2,256,118,118,55,232,138,2391.4129263435507,612.0508316465894,1628.8057080819788,28.611167391335687,4660.880633463453,18.206564974466612,54.92524270242232,5.324999801814556e-05,0,0,118,0,0,0
tune-structured-256,tune,structured,256,4,resident_seed_batch,fixed_3,256,105,105,68,307,151,64.0117921077029,652.2201822019982,2607.0414071072446,158.0399041709105,3481.3132855878557,13.598880021827561,73.53546750871396,5.3333002142608166e-05,0,1,0,104,0,0
tune-structured-256,tune,structured,256,4,resident_seed_batch,fixed_4,256,96,96,69,376,160,42.47667003370497,689.3187530182349,2534.3196893233967,160.01526376438176,3426.1303761397203,13.383321781795782,74.7198652400495,3.995798761025071e-05,0,0,0,0,96,0
tune-structured-256,tune,structured,256,4,resident_seed_batch,fixed_5,256,90,90,71,439,166,42.47667003370497,733.4025134587147,2523.3759574134,164.93237352932888,3464.187514435148,13.531982478262297,73.89900198336753,3.3958000130951405e-05,0,0,0,0,1,89
tune-structured-256,tune,structured,256,4,resident_seed_batch,candidate,256,152,54,21,152,104,2238.754761397066,330.10127250781363,1193.8745954090693,34.0671186883913,3796.7977480023387,14.831241203134136,67.42524016052548,0.0001681249705143273,98,2,12,34,2,4
tune-structured-256,tune,structured,256,5,resident_seed_batch,ordinary,256,256,0,0,0,0,5194.123669406799,0.0,0.0,0.0,5194.123669406799,20.28954558362031,49.28646607084671,0.00010429200483486056,256,0,0,0,0,0
tune-structured-256,tune,structured,256,5,resident_seed_batch,default,256,141,40,22,200,115,2014.2632108971663,324.0160121222509,1158.0569033470458,52.1264324634915,3548.462558829952,13.8611818704295,72.14392029104906,0.00018045800970867276,101,0,0,0,0,40
tune-structured-256,tune,structured,256,5,resident_seed_batch,existing_cost_gate,256,136,51,32,255,120,1705.361714644607,408.6121348496119,1454.770126479524,74.53016679989942,3643.2741427736414,14.231539620209537,70.26646636179457,0.00016158301150426269,85,0,0,0,0,51
tune-structured-256,tune,structured,256,5,resident_seed_batch,fixed_1,256,157,156,57,156,99,3152.7459932860647,646.9719734375836,1957.173530931428,0.0,5756.891497655079,22.48785741271515,44.46844275322455,7.01249809935689e-05,1,156,0,0,0,0
tune-structured-256,tune,structured,256,5,resident_seed_batch,fixed_2,256,126,126,70,251,130,2545.7710815868495,650.5690919141794,1636.7146085412041,44.98618186045205,4878.040963902685,19.054847515244862,52.480084094084106,5.116598913446069e-05,0,1,125,0,0,0
tune-structured-256,tune,structured,256,5,resident_seed_batch,fixed_3,256,108,107,69,321,148,19.8351941955514,657.162351297165,2676.486761947766,163.17165965249387,3516.6559670929737,13.736937371456929,72.79643001633201,4.82079922221601e-05,1,0,0,107,0,0
tune-structured-256,tune,structured,256,5,resident_seed_batch,fixed_4,256,104,104,77,416,152,0.0,738.9864694442241,2781.206338685269,182.08341924478765,3702.2762273742796,14.46201651318078,69.14665040581258,4.2416038922965527e-05,0,0,0,0,104,0
tune-structured-256,tune,structured,256,5,resident_seed_batch,fixed_5,256,96,96,75,479,160,0.0,774.8030958807454,2733.372489633449,177.36962475673351,3685.545210270927,14.396660977620808,69.46055071759146,4.39999857917428e-05,0,0,0,0,1,95
tune-structured-256,tune,structured,256,5,resident_seed_batch,candidate,256,168,42,15,123,88,2650.828472300442,262.3397204484493,991.8770520808754,27.1959596978371,3932.241204527603,15.360317205185948,65.10282220359227,0.0001745420158840716,126,3,2,32,2,3
tune-structured-256,tune,structured,256,6,resident_seed_batch,ordinary,256,256,0,0,0,0,5238.135077847445,0.0,0.0,0.0,5238.135077847445,20.461465147841583,48.87235556078871,9.683298412710428e-05,256,0,0,0,0,0
tune-structured-256,tune,structured,256,6,resident_seed_batch,default,256,140,36,16,180,116,2107.426867490669,295.57134080300244,1055.2184525502726,38.39029766532857,3496.6069585092723,13.658620931676845,73.21383359287881,0.00016395800048485398,104,0,0,0,0,36
tune-structured-256,tune,structured,256,6,resident_seed_batch,existing_cost_gate,256,131,59,40,295,125,1467.5246139617266,480.88882621080944,1706.6058749178435,95.01428617134346,3750.0336012617217,14.6485687549286,68.26605497984531,0.0001717499690130353,72,0,0,0,0,59
tune-structured-256,tune,structured,256,6,resident_seed_batch,fixed_1,256,158,157,59,156,98,3211.932808746635,659.3334074464672,1951.9789981559113,0.0,5823.245214349013,22.74705161855083,43.961741361877124,7.837498560547829e-05,1,157,0,0,0,0
tune-structured-256,tune,structured,256,6,resident_seed_batch,fixed_2,256,123,123,64,243,133,2503.7252618458137,639.6252271773842,1635.9230621387796,38.58188922969092,4817.85544039167,18.81974781402996,53.135674817837284,5.883298581466079e-05,0,1,122,0,0,0
tune-structured-256,tune,structured,256,6,resident_seed_batch,fixed_3,256,109,109,73,324,147,22.05243654879299,681.5215442646828,2750.9317394675336,173.52272285990784,3628.0284431409177,14.17198610601921,70.56174007786207,4.979100776836276e-05,0,0,0,109,0,0
tune-structured-256,tune,structured,256,6,resident_seed_batch,fixed_4,256,98,98,69,388,158,22.05243654879299,704.356976365142,2621.9346954256143,163.62805351338247,3511.972161852931,13.718641257238012,72.89351629283227,4.358397563919425e-05,0,0,0,0,98,0
tune-structured-256,tune,structured,256,6,resident_seed_batch,fixed_5,256,93,93,69,456,163,42.235144323604814,762.3710736713912,2659.7800743795315,163.91164246557017,3628.2979348400963,14.173038807969126,70.55649910714465,3.9834005292505026e-05,0,1,0,0,0,92
tune-structured-256,tune,structured,256,6,resident_seed_batch,candidate,256,151,58,28,176,105,2014.5195539751953,367.9596887057236,1403.838487237864,59.09147768276868,3845.409207601554,15.02112971719357,66.57288891230161,0.00015637499745935202,93,2,4,46,2,4
tune-structured-256,tune,structured,256,7,resident_seed_batch,ordinary,256,256,0,0,0,0,5216.20977569496,0.0,0.0,0.0,5216.20977569496,20.375819436308436,49.077780804145846,9.345903526991606e-05,256,0,0,0,0,0
tune-structured-256,tune,structured,256,7,resident_seed_batch,default,256,143,40,23,200,113,2079.711764529237,333.92874001189676,1192.5053738802872,55.738730288269956,3661.884608709689,14.304236752772223,69.9093574360894,0.0001627089804969728,103,0,0,0,0,40
tune-structured-256,tune,structured,256,7,resident_seed_batch,existing_cost_gate,256,125,59,38,290,131,1357.1437404433686,486.82767323111227,1699.7620202987357,89.10357962605124,3632.8370135992673,14.190769584372138,70.46834169594787,0.0001534579787403345,66,0,0,0,0,59
tune-structured-256,tune,structured,256,7,resident_seed_batch,fixed_1,256,152,152,48,150,104,3081.7098890837738,636.1163392703736,2051.2755304519965,0.0,5769.10175880614,22.535553745336486,44.37432562343582,6.429199129343033e-05,0,152,0,0,0,0
tune-structured-256,tune,structured,256,7,resident_seed_batch,fixed_2,256,123,123,66,236,133,2503.9964603220906,640.5098415075994,1644.364943004398,45.51403667455264,4834.385281508643,18.884317505893137,52.953992098890254,5.020800745114684e-05,0,0,123,0,0,0
tune-structured-256,tune,structured,256,7,resident_seed_batch,fixed_3,256,104,104,65,309,152,21.539803467830478,646.7622470892074,2607.295967769895,154.20774137549168,3429.805759702425,13.397678748837597,74.639795351621,4.312500823289156e-05,0,0,0,104,0,0
tune-structured-256,tune,structured,256,7,resident_seed_batch,fixed_4,256,101,100,73,392,155,63.22875527822249,723.2190788472093,2663.996848254951,170.950113346803,3621.3947957271844,14.146073420809314,70.69099461402264,4.041596548631787e-05,1,0,0,0,100,0
tune-structured-256,tune,structured,256,7,resident_seed_batch,fixed_5,256,96,95,75,470,160,41.89919677856882,784.7586596813303,2736.913828653585,178.45480325504545,3742.02648836853,14.61729097018957,68.41212930900774,3.749999450519681e-05,1,0,0,0,0,95
tune-structured-256,tune,structured,256,7,resident_seed_batch,candidate,256,163,41,20,140,93,2610.6143207739974,280.77652060477527,953.4976311265312,33.83170837507965,3878.7201808803843,15.151250706564001,66.00115194231249,0.00016620795940980315,122,3,2,5,29,2
tune-structured-256,tune,structured,256,8,resident_seed_batch,ordinary,256,256,0,0,0,0,5208.120425089487,0.0,0.0,0.0,5208.120425089487,20.34422041050581,49.15400933641072,9.245797991752625e-05,256,0,0,0,0,0
tune-structured-256,tune,structured,256,8,resident_seed_batch,default,256,175,38,28,185,81,2797.2011715503045,312.3419549261784,1082.4847698997462,65.77205796645256,4257.799954342683,16.632031071651106,60.12494780054108,0.00019774999236688018,137,0,0,0,0,38
tune-structured-256,tune,structured,256,8,resident_seed_batch,existing_cost_gate,256,136,51,34,250,120,1755.0580548625774,415.8677832616108,1451.468754960846,79.28309408621772,3701.677687171252,14.459678465512702,69.15783102543163,0.00015337503282353282,85,0,0,0,0,51
tune-structured-256,tune,structured,256,8,resident_seed_batch,fixed_1,256,155,154,53,150,101,3166.936243681553,649.6185717797938,2009.1738720194091,0.0,5825.728687480755,22.7567526854717,43.943000735707656,6.129196844995022e-05,1,154,0,0,0,0
tune-structured-256,tune,structured,256,8,resident_seed_batch,fixed_2,256,121,120,61,236,135,2456.4715950216796,623.3187637882803,1642.5319565005216,40.015548183610306,4762.337863494094,18.602882279273803,53.75511090096716,4.670803900808096e-05,1,0,120,0,0,0
tune-structured-256,tune,structured,256,8,resident_seed_batch,fixed_3,256,107,106,70,309,149,83.63791910954183,660.3117140025298,2613.842672317399,159.68571928080087,3517.478024710272,13.7401485340245,72.77941701457715,4.0790997445583344e-05,1,0,0,106,0,0
tune-structured-256,tune,structured,256,8,resident_seed_batch,fixed_4,256,99,99,71,375,157,105.26861863584276,708.7702620858463,2527.0124939110506,158.70119206288095,3499.752566695622,13.670908463654774,73.14802835953306,3.7582998629659414e-05,0,0,0,1,98,0
tune-structured-256,tune,structured,256,8,resident_seed_batch,fixed_5,256,97,97,79,469,159,63.262495575246845,797.5774981325698,2726.953764356062,182.91451884769089,3770.7082769115686,14.729329206685815,67.89175433366567,3.6582991015166044e-05,0,0,0,0,1,96
tune-structured-256,tune,structured,256,8,resident_seed_batch,candidate,256,160,43,20,139,96,2588.062772372056,288.3621304821109,923.0553020719401,26.323812191091587,3825.8040171171983,14.944546941864056,66.91403920708409,0.0001573340268805623,117,3,5,4,29,2
tune-structured-256,tune,structured,256,9,resident_seed_batch,ordinary,256,256,0,0,0,0,5236.031867174461,0.0,0.0,0.0,5236.031867174461,20.453249481150237,48.891986621568485,9.537499863654375e-05,256,0,0,0,0,0
tune-structured-256,tune,structured,256,9,resident_seed_batch,default,256,156,42,27,190,100,2403.34564655781,340.1855974908122,1102.7226189913413,53.925497651886936,3900.1793606918513,15.235075627702544,65.63800695427203,0.00018945802003145218,114,0,0,0,0,42
tune-structured-256,tune,structured,256,9,resident_seed_batch,existing_cost_gate,256,175,44,31,210,81,2708.7012803073026,362.6454159948565,1235.590828371537,69.74644946883929,4376.683974142538,17.09642177399429,58.49177174144826,0.00021229201229289174,131,0,0,0,0,44
tune-structured-256,tune,structured,256,9,resident_seed_batch,fixed_1,256,158,158,60,156,98,3211.078874549558,662.9665550515793,1939.7558596377514,0.0,5813.80128923889,22.710161286089413,44.03315271092007,6.516696885228157e-05,0,158,0,0,0,0
tune-structured-256,tune,structured,256,9,resident_seed_batch,fixed_2,256,128,127,72,252,128,2601.697455268464,660.6152372462873,1573.325816293516,41.90209073370839,4877.540599541976,19.052892966960844,52.4854677835054,4.979199729859829e-05,1,0,127,0,0,0
tune-structured-256,tune,structured,256,9,resident_seed_batch,fixed_3,256,114,114,79,338,142,41.43641558270929,711.4643657663888,2874.8997911283122,188.8407290123836,3816.6413014897953,14.908755083944513,67.07468157934372,4.9499969463795424e-05,0,0,1,113,0,0
tune-structured-256,tune,structured,256,9,resident_seed_batch,fixed_4,256,111,111,89,434,145,62.32825304412302,794.9682988954503,2941.465702302899,208.2950127577532,4007.0572670002266,15.652567449219635,63.88728259719816,4.779198206961155e-05,0,0,1,0,110,0
tune-structured-256,tune,structured,256,9,resident_seed_batch,fixed_5,256,104,104,85,502,152,80.18388283664585,850.2729675350117,2921.1046501577534,197.17001343344822,4048.73151396286,15.815357476417422,63.229680485636756,4.016701132059097e-05,0,0,1,0,0,103
tune-structured-256,tune,structured,256,9,resident_seed_batch,candidate,256,147,58,28,186,109,1902.182346616656,369.50313403377265,1436.258753323968,63.20583209268403,3771.150066067082,14.73105494557454,67.8838008339937,0.00015083298785611987,89,2,2,38,14,2
tune-structured-256,tune,structured,256,10,resident_seed_batch,ordinary,256,256,0,0,0,0,5217.1971143032,0.0,0.0,0.0,5217.1971143032,20.379676227746874,49.06849298412811,0.00010474998271092772,256,0,0,0,0,0
tune-structured-256,tune,structured,256,10,resident_seed_batch,default,256,144,39,21,195,112,2127.3850089682674,318.8175965616471,1136.5104837113308,49.217220567153184,3631.9303098083988,14.187227772689058,70.48593396978072,0.00015891599468886852,105,0,0,0,0,39
tune-structured-256,tune,structured,256,10,resident_seed_batch,existing_cost_gate,256,135,46,28,230,121,1791.9929105052202,373.5994304854983,1328.1208825285996,65.75922180164585,3559.4724453209633,13.904189239535013,71.92077026372824,0.00015558302402496338,89,0,0,0,0,46
tune-structured-256,tune,structured,256,10,resident_seed_batch,fixed_1,256,156,156,56,154,100,3164.394608815176,653.2540890346451,1992.8078602415503,0.0,5810.456558091371,22.69709593004442,44.05849995444959,6.566598312929273e-05,0,156,0,0,0,0
tune-structured-256,tune,structured,256,10,resident_seed_batch,fixed_2,256,122,122,64,240,134,2486.6971627636276,636.2672077766913,1669.217219164948,43.8061785798189,4835.987768285085,18.890577219863612,52.93644489319739,5.120900459587574e-05,0,0,122,0,0,0
tune-structured-256,tune,structured,256,10,resident_seed_batch,fixed_3,256,103,103,61,306,153,19.532648703601282,638.9879140770008,2582.438290352162,142.93618463703515,3383.895037769799,13.218339991288277,75.65246473150663,4.02920413762331e-05,0,0,0,103,0,0
tune-structured-256,tune,structured,256,10,resident_seed_batch,fixed_4,256,94,94,66,371,162,19.532648703601282,679.5055301519792,2536.8811207433173,155.0091734900585,3390.9284730889553,13.245814348003732,75.49554702544275,3.862503217533231e-05,0,0,0,1,93,0
tune-structured-256,tune,structured,256,10,resident_seed_batch,fixed_5,256,87,87,65,427,169,37.87712733076661,709.6685758451293,2482.3066127800907,152.75861057497437,3382.6109265309597,13.213323931761561,75.6811840203393,3.445800393819809e-05,0,0,1,0,0,86
tune-structured-256,tune,structured,256,10,resident_seed_batch,candidate,256,155,41,15,146,101,2483.4012022880365,279.3258315629231,996.8063625551571,26.599466718009097,3786.132863124126,14.789581496578617,67.61516546166891,0.0001704170135781169,114,3,6,2,25,5
tune-structured-256,tune,structured,256,11,resident_seed_batch,ordinary,256,256,0,0,0,0,5186.42614388057,0.0,0.0,0.0,5186.42614388057,20.259477124533475,49.359615445802255,0.00012079201405867934,256,0,0,0,0,0
tune-structured-256,tune,structured,256,11,resident_seed_batch,default,256,143,38,19,185,113,2130.9747235436366,302.6387842447682,1050.875930014205,40.97032840400041,3525.4597662066103,13.771327211744572,72.61464233797103,0.0001579590025357902,105,0,0,0,0,38
tune-structured-256,tune,structured,256,11,resident_seed_batch,existing_cost_gate,256,130,45,24,220,126,1721.6257599395062,359.7068947120884,1253.4141269253155,53.04894148804084,3387.79572306495,13.23357704322246,75.5653589905344,0.00014704198110848665,85,0,0,0,0,45
tune-structured-256,tune,structured,256,11,resident_seed_batch,fixed_1,256,160,160,64,153,96,3218.7316940451697,664.7420499559244,1887.5162903152973,0.0,5770.990034316389,22.542929821548395,44.35980628587671,6.541697075590491e-05,0,160,0,0,0,0
tune-structured-256,tune,structured,256,11,resident_seed_batch,fixed_2,256,124,124,64,239,132,2491.362230298562,636.8908377553225,1563.437049419522,30.26527081409171,4721.9553882875,18.445138235498046,54.2148281694891,5.166599294170737e-05,0,1,123,0,0,0
tune-structured-256,tune,structured,256,11,resident_seed_batch,fixed_3,256,114,114,76,326,142,121.84310074747043,701.1357527349434,2727.695457420667,168.93232289450572,3719.606633797585,14.529713413271816,68.82448204976804,5.866697756573558e-05,0,0,1,113,0,0
tune-structured-256,tune,structured,256,11,resident_seed_batch,fixed_4,256,105,105,78,400,151,101.4962423671546,751.2224039680698,2684.585849616152,173.09911514395955,3710.403611095336,14.493764105841157,68.99518942749926,4.025001544505358e-05,0,0,0,0,105,0
tune-structured-256,tune,structured,256,11,resident_seed_batch,fixed_5,256,100,100,78,479,156,81.03607551037815,809.0818698642264,2732.220453672567,175.04567069936473,3797.3840697465357,14.833531522447405,67.41482960323454,3.737496444955468e-05,0,0,0,0,1,99
tune-structured-256,tune,structured,256,11,resident_seed_batch,candidate,256,154,41,16,139,102,2462.5154755375365,280.8754643417259,989.1168287100958,28.98102275603635,3761.488791345392,14.693315591192938,68.05815840499557,0.00015716603957116604,113,3,4,2,29,3
tune-structured-256,tune,structured,256,12,resident_seed_batch,ordinary,256,256,0,0,0,0,5199.133677742944,0.0,0.0,0.0,5199.133677742944,20.309115928683376,49.23897246495403,9.275000775232911e-05,256,0,0,0,0,0
tune-structured-256,tune,structured,256,12,resident_seed_batch,default,256,143,38,21,190,113,2144.4986685126164,310.7939129818238,1106.247807360936,50.295398847165266,3611.83578770254,14.108733545713047,70.87808390171568,0.00016191700706258416,105,0,0,0,0,38
tune-structured-256,tune,structured,256,12,resident_seed_batch,existing_cost_gate,256,127,47,27,235,129,1633.634979755313,380.53903558580083,1356.4866163931933,63.49978563725651,3434.160417371564,13.414689130357672,74.5451489991656,0.00015591603005304933,80,0,0,0,0,47
tune-structured-256,tune,structured,256,12,resident_seed_batch,fixed_1,256,153,152,49,149,103,3139.3022247963495,644.2960605841314,2081.3427271354285,0.0,5864.941012515911,22.909925830140278,43.64920285706036,6.420898716896772e-05,1,152,0,0,0,0
tune-structured-256,tune,structured,256,12,resident_seed_batch,fixed_2,256,117,116,53,228,139,2375.0292638894966,602.991121613663,1657.5291512050262,31.384286746316867,4666.933823454502,18.23021024786915,54.854002581615084,6.237498018890619e-05,1,0,116,0,0,0
tune-structured-256,tune,structured,256,12,resident_seed_batch,fixed_3,256,101,100,58,291,155,76.71212035136996,625.3692088521577,2473.307557493998,134.1524232194216,3309.5413099169464,12.927895741863072,77.35210895627841,4.1499966755509377e-05,1,0,0,100,0,0
tune-structured-256,tune,structured,256,12,resident_seed_batch,fixed_4,256,96,95,67,372,160,58.53435081124489,685.5848791717124,2522.193373660065,157.58289075770986,3423.8954944007337,13.374591775002866,74.76863719078153,3.966700751334429e-05,1,0,0,0,95,0
tune-structured-256,tune,structured,256,12,resident_seed_batch,fixed_5,256,91,91,70,443,165,39.396411362710964,750.6921655207121,2590.029990010669,165.06658201485735,3545.185148908949,13.848379487925582,72.21061503058182,3.691698657348752e-05,0,0,0,1,0,90
tune-structured-256,tune,structured,256,12,resident_seed_batch,candidate,256,161,34,11,122,95,2694.679329925636,223.9893589725151,797.2755872335407,15.908436474494804,3731.852712606187,14.577549658617919,68.59863443571413,0.00016370799858123064,127,3,2,3,24,2
tune-structured-256,tune,structured,256,13,resident_seed_batch,ordinary,256,256,0,0,0,0,5234.241432964552,0.0,0.0,0.0,5234.241432964552,20.44625559751778,48.90871070404706,8.474994683638215e-05,256,0,0,0,0,0
tune-structured-256,tune,structured,256,13,resident_seed_batch,default,256,143,39,20,190,113,2118.7493711042634,319.40973110088385,1111.8090263515498,45.018307316150825,3594.9864358728487,14.042915765128315,71.2102825884082,0.00015458400594070554,104,0,0,0,0,39
tune-structured-256,tune,structured,256,13,resident_seed_batch,existing_cost_gate,256,127,57,38,270,129,1477.7803131906642,466.236481597017,1572.1402286766377,83.58438697720752,3599.741410441528,14.061489884537218,71.11621941993889,0.00016075000166893005,70,0,0,0,0,57
tune-structured-256,tune,structured,256,13,resident_seed_batch,fixed_1,256,155,154,53,150,101,3166.784646858711,650.3309888281557,2029.8268568074066,0.0,5846.942492494273,22.839619111305755,43.78356727958715,6.254197796806693e-05,1,154,0,0,0,0
tune-structured-256,tune,structured,256,13,resident_seed_batch,fixed_2,256,118,117,58,230,138,2405.4299955688152,611.0919566847826,1743.0008625273979,48.73554567118612,4808.258360452181,18.78225922051633,53.24173137317129,4.39999857917428e-05,1,0,117,0,0,0
tune-structured-256,tune,structured,256,13,resident_seed_batch,fixed_3,256,101,101,59,293,155,78.47016562436481,626.4152141674501,2481.189383585192,135.3289267557014,3321.4036901327086,12.974233164580893,77.07584620337776,3.787496825680137e-05,0,0,1,100,0,0
tune-structured-256,tune,structured,256,13,resident_seed_batch,fixed_4,256,97,97,65,381,159,38.277078116829585,693.6603453591237,2586.0706106308226,154.24817234043576,3472.2562064472095,13.563500806434412,73.72727839744798,4.179199459031224e-05,0,1,0,0,96,0
tune-structured-256,tune,structured,256,13,resident_seed_batch,fixed_5,256,93,93,71,448,163,57.97633121574556,763.6577410738884,2611.4726134950556,163.1347137064823,3596.241399491171,14.047817966762386,71.18543266762383,3.787496825680137e-05,0,0,0,1,0,92
tune-structured-256,tune,structured,256,13,resident_seed_batch,candidate,256,155,47,25,162,101,2308.6833143499507,316.932502531222,1146.7921893653454,50.06229794111423,3822.4703041876332,14.931524625732942,66.97239733152254,0.00016062497161328793,108,3,2,13,25,4
tune-structured-256,tune,structured,256,14,resident_seed_batch,ordinary,256,256,0,0,0,0,5185.714919658478,0.0,0.0,0.0,5185.714919658478,20.25669890491593,49.366385149621706,0.00010050000855699182,256,0,0,0,0,0
tune-structured-256,tune,structured,256,14,resident_seed_batch,default,256,144,40,23,200,112,2099.7282953184967,323.13443071196406,1155.6862258648962,53.84681355019529,3632.395765445552,14.189045958771688,70.47690189359056,0.00015366601292043924,104,0,0,0,0,40
tune-structured-256,tune,structured,256,14,resident_seed_batch,existing_cost_gate,256,134,50,33,250,122,1691.1373959412851,405.37165747514587,1443.5459885103137,77.9162457735655,3617.9712877003103,14.132700342579337,70.7578860203507,0.0001686670002527535,84,0,0,0,0,50
tune-structured-256,tune,structured,256,14,resident_seed_batch,fixed_1,256,154,153,51,152,102,3099.315890763972,635.9180487614265,2003.756751859063,0.0,5738.9906913844625,22.417932388220557,44.607146755668126,6.408296758309007e-05,1,153,0,0,0,0
tune-structured-256,tune,structured,256,14,resident_seed_batch,fixed_2,256,116,116,52,231,140,2338.57742823063,597.2938196406552,1651.9375808461918,31.501905762129525,4619.310734479607,18.044182556560965,55.41952354258323,4.833401180803776e-05,0,1,115,0,0,0
tune-structured-256,tune,structured,256,14,resident_seed_batch,fixed_3,256,105,104,62,309,151,39.01527758240056,642.2815310914848,2592.3633166399627,146.06028701621432,3419.7204123300644,13.358282860664314,74.85992102657643,4.416698357090354e-05,1,0,0,104,0,0
tune-structured-256,tune,structured,256,14,resident_seed_batch,fixed_4,256,95,95,66,378,161,21.69988461930669,683.4446564108254,2575.653675930924,159.10287532983142,3439.9010922908883,13.437113641761282,74.42074441434315,3.9083999581635e-05,0,0,1,0,94,0
tune-structured-256,tune,structured,256,14,resident_seed_batch,fixed_5,256,91,91,68,451,165,19.958525558185162,739.0322708514597,2613.622127115338,162.66761348034098,3535.2805370053234,13.809689597677044,72.41292376102443,3.708299482241273e-05,0,1,0,0,0,90
tune-structured-256,tune,structured,256,14,resident_seed_batch,candidate,256,159,37,14,135,97,2559.7754781881654,254.51667050413445,922.7563536646413,26.632842419689272,3763.6813447766303,14.701880253033712,68.01851074753867,0.00016358401626348495,122,3,2,2,28,2
tune-structured-256,tune,structured,256,15,resident_seed_batch,ordinary,256,256,0,0,0,0,5223.34801795546,0.0,0.0,0.0,5223.34801795546,20.403703195138515,49.01071096928448,8.395896293222904e-05,256,0,0,0,0,0
tune-structured-256,tune,structured,256,15,resident_seed_batch,default,256,140,37,18,180,116,2098.307680098902,306.94271611339974,1067.7233515319176,41.07054577820293,3514.0442935224205,13.726735521571955,72.85053306581682,0.00014962500426918268,103,0,0,0,0,37
tune-structured-256,tune,structured,256,15,resident_seed_batch,existing_cost_gate,256,122,59,41,290,134,1278.9237409562556,492.472404209629,1719.7358303972567,98.39166665432478,3589.5236422174644,14.02157672741197,71.31865548651281,0.0001467500114813447,63,0,0,0,0,59
tune-structured-256,tune,structured,256,15,resident_seed_batch,fixed_1,256,159,158,61,154,97,3240.312746920407,665.0141563275746,1956.0196274189798,0.0,5861.34653066696,22.89588488541781,43.675970813291926,6.783398566767573e-05,1,158,0,0,0,0
tune-structured-256,tune,structured,256,15,resident_seed_batch,fixed_2,256,124,123,66,238,132,2525.4053715983846,641.0431814051716,1650.7585217828967,44.29566053178174,4861.502735318233,18.990245059836848,52.65861482298277,4.9916969146579504e-05,1,0,123,0,0,0
tune-structured-256,tune,structured,256,15,resident_seed_batch,fixed_3,256,108,108,71,311,148,94.08339038425864,670.886254534374,2643.495629086643,160.41328748592647,3568.8785614912017,13.940931880825007,71.73121628801914,4.7874986194074154e-05,0,0,1,107,0,0
tune-structured-256,tune,structured,256,15,resident_seed_batch,fixed_4,256,96,96,68,372,160,59.2043173478486,692.9228960605137,2532.7445581597094,156.42486505366054,3441.2966366217315,13.442564986803639,74.3905646713767,4.425004590302706e-05,0,0,0,0,96,0
tune-structured-256,tune,structured,256,15,resident_seed_batch,fixed_5,256,92,91,69,440,164,78.99822578495154,749.6292617049446,2561.371466792315,158.52996458846556,3548.528918870675,13.861441089338575,72.14257114789764,3.674998879432678e-05,1,0,0,0,0,91
tune-structured-256,tune,structured,256,15,resident_seed_batch,candidate,256,155,55,30,165,101,2198.239499174554,342.6552447854416,1224.0217814163943,53.64461770509978,3818.561143081489,14.916254465162066,67.04095872965753,0.0001569580053910613,100,4,2,34,12,3
tune-structured-256,tune,structured,256,16,resident_seed_batch,ordinary,256,256,0,0,0,0,5195.535780674541,0.0,0.0,0.0,5195.535780674541,20.295061643259924,49.273070344780365,9.649997809901834e-05,256,0,0,0,0,0
tune-structured-256,tune,structured,256,16,resident_seed_batch,default,256,151,37,20,170,105,2345.4275688236817,303.2754101382932,997.0820148435574,41.465078861183024,3687.2500726667154,14.403320596354357,69.4284344578924,0.00016458402387797832,114,0,0,0,0,37
tune-structured-256,tune,structured,256,16,resident_seed_batch,existing_cost_gate,256,159,40,23,185,97,2435.912028133803,330.07167400910856,1089.5692822695753,48.496679915477564,3904.0496643279644,15.25019400128111,65.57293631254748,0.0001823750208131969,119,0,0,0,0,40
tune-structured-256,tune,structured,256,16,resident_seed_batch,fixed_1,256,152,152,48,146,104,3082.632022400467,636.205844637614,2071.8825026846494,0.0,5790.720369722729,22.62000144422941,44.208662075709555,6.416701944544911e-05,0,152,0,0,0,0
tune-structured-256,tune,structured,256,16,resident_seed_batch,fixed_2,256,121,121,62,235,135,2474.9565034629463,632.1943133662618,1697.2421117630688,43.94362787978534,4848.336556472061,18.938814673718987,52.80161494941285,5.079101538285613e-05,0,1,120,0,0,0
tune-structured-256,tune,structured,256,16,resident_seed_batch,fixed_3,256,107,107,68,309,149,77.69552463721331,661.8868431647498,2602.768607032805,153.06533901070546,3495.4163138454737,13.653969975958882,73.23877244206206,5.216599674895406e-05,0,0,0,107,0,0
tune-structured-256,tune,structured,256,16,resident_seed_batch,fixed_4,256,96,96,69,375,160,38.58693934158535,690.0307543585383,2547.6366567235973,160.17128905219406,3436.425639475916,13.423537654202796,74.49601034842767,4.337495192885399e-05,0,0,0,1,95,0
tune-structured-256,tune,structured,256,16,resident_seed_batch,fixed_5,256,91,91,70,448,165,19.045856680155605,737.7020817864544,2578.4592343843465,164.83157545847516,3500.0387483094305,13.672026360583713,73.14204739123295,4.0624989196658134e-05,0,0,0,1,0,90
tune-structured-256,tune,structured,256,16,resident_seed_batch,candidate,256,155,40,18,147,101,2415.6370541269025,276.0397465804946,1004.1187900500718,35.82724443579402,3731.6228351932637,14.576651699973686,68.60286028524679,0.0001567919971421361,115,3,2,2,31,2
tune-structured-256,tune,structured,256,17,resident_seed_batch,ordinary,256,256,0,0,0,0,5201.976523538848,0.0,0.0,0.0,5201.976523538848,20.320220795073624,49.2120636918688,9.650003630667925e-05,256,0,0,0,0,0
tune-structured-256,tune,structured,256,17,resident_seed_batch,default,256,149,44,30,210,107,2169.020604736545,357.6118213010077,1222.7225366006646,66.68296334823528,3816.037925986455,14.90639814838459,67.08528713949387,0.00017133395886048675,105,0,0,0,0,44
tune-structured-256,tune,structured,256,17,resident_seed_batch,existing_cost_gate,256,132,58,41,275,124,1567.1712690725183,472.51263569726865,1593.4817891402736,89.57181275211563,3722.7375066621757,14.541943385399124,68.76659972449436,0.00015729200094938278,74,0,0,0,0,58
tune-structured-256,tune,structured,256,17,resident_seed_batch,fixed_1,256,160,159,63,154,96,3227.8232517718566,661.9366191770885,1898.1428351177342,0.0,5787.9027060666795,22.608994945572967,44.23018371260278,6.637495243921876e-05,1,159,0,0,0,0
tune-structured-256,tune,structured,256,17,resident_seed_batch,fixed_2,256,132,132,77,253,124,2674.6087138652347,683.7613961332399,1526.1229781511104,35.706036722692076,4920.199124872277,19.219527831532332,52.030414522429616,6.104103522375226e-05,0,1,131,0,0,0
tune-structured-256,tune,structured,256,17,resident_seed_batch,fixed_3,256,118,118,81,338,138,125.44426861925743,724.8272484723216,2822.425657206099,180.86906231677992,3853.5662366144556,15.052993111775217,66.43197087612756,5.4917007219046354e-05,0,0,1,117,0,0
tune-structured-256,tune,structured,256,17,resident_seed_batch,fixed_4,256,108,107,79,408,148,127.33788693052755,765.1088308217585,2734.515788769908,176.59681213125236,3803.5593186534475,14.85765358849003,67.30537860801135,5.620898446068168e-05,1,0,0,0,107,0
tune-structured-256,tune,structured,256,17,resident_seed_batch,fixed_5,256,105,105,89,500,151,102.21693801324349,860.4567967905328,2885.6696488851885,201.33894426147023,4049.682327950436,15.81907159355639,63.214834959551716,4.066701512783766e-05,0,0,0,0,0,105
tune-structured-256,tune,structured,256,17,resident_seed_batch,candidate,256,157,43,19,144,99,2475.414350491963,280.4540919222102,987.8353466947368,32.029713814427204,3775.733502923336,14.74895899579428,67.80139535848961,0.0001897079637274146,114,4,2,7,27,3
tune-structured-256,tune,structured,256,18,resident_seed_batch,ordinary,256,256,0,0,0,0,5229.8880089509175,0.0,0.0,0.0,5229.8880089509175,20.42925003496452,48.949422924899686,0.00010145799024030566,256,0,0,0,0,0
tune-structured-256,tune,structured,256,18,resident_seed_batch,default,256,144,38,22,185,112,2163.6335696848228,314.7946000012537,1096.4820487134261,49.94587158769438,3624.8560899871973,14.15959410151249,70.62349335940235,0.0001559159718453884,106,0,0,0,0,38
tune-structured-256,tune,structured,256,18,resident_seed_batch,existing_cost_gate,256,133,47,30,230,123,1770.7091167142119,384.01905717795233,1334.5338940413653,68.76209642612403,3558.024164359654,13.898531892029899,71.95004535503848,0.00014741596532985568,86,0,0,0,0,47
tune-structured-256,tune,structured,256,18,resident_seed_batch,fixed_1,256,158,158,60,155,98,3219.7338908114953,664.9551692279483,1955.9318699939188,0.0,5840.620930033361,22.814925507942817,43.83095617173323,7.67079764045775e-05,0,158,0,0,0,0
tune-structured-256,tune,structured,256,18,resident_seed_batch,fixed_2,256,121,120,60,238,135,2467.6368440842066,625.8125819561131,1629.629212029492,36.299569320880146,4759.378207390691,18.59132112261989,53.78853893192718,5.6916032917797565e-05,1,0,120,0,0,0
tune-structured-256,tune,structured,256,18,resident_seed_batch,fixed_3,256,105,104,66,309,151,43.28733557618442,648.5114662189252,2616.448995171365,156.0666211571652,3464.3144181236403,13.53247819579547,73.89629493810669,4.412501584738493e-05,1,0,0,104,0,0
tune-structured-256,tune,structured,256,18,resident_seed_batch,fixed_4,256,95,95,70,380,161,0.0,677.0441480064165,2549.8826142087028,167.16099532585707,3394.0877575409777,13.258155302894444,75.42527426735496,4.0000013541430235e-05,0,0,0,0,95,0
tune-structured-256,tune,structured,256,18,resident_seed_batch,fixed_5,256,89,88,69,435,167,41.9479077882132,721.7747614917819,2516.2664930079486,162.60247739868396,3442.5916396866282,13.447623592525892,74.36258109988995,3.6624958738684654e-05,1,0,0,0,0,88
tune-structured-256,tune,structured,256,18,resident_seed_batch,candidate,256,242,24,20,60,14,4760.821552352879,137.99655374489893,363.4159133631605,26.054366454306233,5288.288385915243,20.65737650748142,48.408857709391754,0.0002477499656379223,218,3,12,5,2,2
tune-structured-256,tune,structured,256,19,resident_seed_batch,ordinary,256,256,0,0,0,0,5219.023403443684,0.0,0.0,0.0,5219.023403443684,20.386810169701892,49.05132248134444,9.983300697058439e-05,256,0,0,0,0,0
tune-structured-256,tune,structured,256,19,resident_seed_batch,default,256,144,40,23,195,112,2124.7686319381824,327.634474320508,1140.1790395506341,52.47307035973788,3645.0552161690634,14.238496938160404,70.2321322498524,0.00016841600881889462,104,0,0,0,0,40
tune-structured-256,tune,structured,256,19,resident_seed_batch,existing_cost_gate,256,133,61,44,300,123,1468.764240339177,502.6283118534089,1753.460039475687,103.22634754232496,3828.0789392105985,14.9534333562914,66.87427403281048,0.00016958301421254873,72,0,0,0,0,61
tune-structured-256,tune,structured,256,19,resident_seed_batch,fixed_1,256,155,154,53,153,101,3147.058122139123,644.7931174373683,2009.2150230545756,0.0,5801.066262631065,22.660415088402598,44.12981827997455,7.287500193342566e-05,1,154,0,0,0,0
tune-structured-256,tune,structured,256,19,resident_seed_batch,fixed_2,256,121,120,62,238,135,2461.9513068542565,623.6968350939587,1670.2332720006157,43.93144462724481,4799.812858576077,18.7492689788128,53.335412763560434,5.508295726031065e-05,1,0,120,0,0,0
tune-structured-256,tune,structured,256,19,resident_seed_batch,fixed_3,256,105,105,67,312,151,21.61524220909616,645.9775606716464,2607.418616227579,156.13688091348564,3431.1483000218072,13.402923046960185,74.61059027917067,4.4834043364971876e-05,0,0,0,105,0,0
tune-structured-256,tune,structured,256,19,resident_seed_batch,fixed_4,256,97,97,68,384,159,21.61524220909616,697.9660677169526,2599.4439367469504,158.83429460087115,3477.859541273871,13.585388833101058,73.60849308659323,4.6874978579580784e-05,0,0,0,0,97,0
tune-structured-256,tune,structured,256,19,resident_seed_batch,fixed_5,256,95,95,74,468,161,21.61524220909616,775.431891008712,2710.3220397399687,174.43986437160044,3681.80903732938,14.38206655206789,69.53103689095482,3.9417005609720945e-05,0,0,0,1,0,94
tune-structured-256,tune,structured,256,19,resident_seed_batch,candidate,256,148,53,27,181,108,2224.672242970091,352.30187165076063,1199.7742777534788,44.5189482688565,3821.267340643187,14.926825549387448,66.99348074320042,0.00015287497080862522,95,3,11,3,31,5
tune-structured-2048,tune,structured,2048,0,resident_seed_batch,ordinary,256,256,0,0,0,0,6575.777210272869,0.0,0.0,0.0,6575.777210272869,25.686629727628393,38.93075933291496,0.00023966695880517364,256,0,0,0,0,0
tune-structured-2048,tune,structured,2048,0,resident_seed_batch,default,256,121,49,30,240,135,1847.9285035378841,402.35866766449266,2231.1894059781175,70.86980666689219,4552.346383847388,17.78260306190386,56.23473664225945,0.00020866701379418373,72,0,0,0,0,49
tune-structured-2048,tune,structured,2048,0,resident_seed_batch,existing_cost_gate,256,120,56,38,275,136,1648.1568804810206,459.46597852388896,2550.6666550020486,89.88146196516986,4748.17097597213,18.547542874891132,53.91549741900083,0.00020462501561269164,64,0,0,0,0,56
tune-structured-2048,tune,structured,2048,0,resident_seed_batch,fixed_1,256,153,152,49,149,103,3923.035205216281,639.5818956197683,3257.111534418481,0.0,7819.728635254527,30.545814981462996,32.7377089335105,0.00015329202869907022,1,152,0,0,0,0
tune-structured-2048,tune,structured,2048,0,resident_seed_batch,fixed_2,256,117,117,53,227,139,3013.064804908261,611.5947255797678,2637.5765981374425,29.006178121197106,6291.242306746672,24.575165260729186,40.69148627854754,0.00011008395813405514,0,1,116,0,0,0
tune-structured-2048,tune,structured,2048,0,resident_seed_batch,fixed_3,256,92,92,44,275,164,28.198298589228123,570.0432262966685,3698.3861653768618,105.66270434459727,4402.2903946073575,17.19644685393499,58.15154772924351,8.000002708286047e-05,0,0,1,91,0,0
tune-structured-2048,tune,structured,2048,0,resident_seed_batch,fixed_4,256,88,88,59,352,168,0.0,641.6794316967793,3848.1343734714815,143.92737582371566,4633.741180991975,18.100551488249902,55.246935467637925,7.845897926017642e-05,0,0,0,0,88,0
tune-structured-2048,tune,structured,2048,0,resident_seed_batch,fixed_5,256,83,83,62,409,173,24.331541311193714,680.9286731264627,3785.9578439944657,147.76640140211015,4638.984459834234,18.121033046227478,55.18449182499475,7.000000914558768e-05,0,0,0,0,1,82
tune-structured-2048,tune,structured,2048,0,resident_seed_batch,candidate,256,139,43,14,153,117,2574.0715828161037,289.29387295489755,1694.9248607115471,27.80891048104341,4586.099226963591,17.914450105326527,55.82085936886607,0.0002080000122077763,96,3,2,21,2,15
tune-structured-2048,tune,structured,2048,1,resident_seed_batch,ordinary,256,256,0,0,0,0,6563.277193670777,0.0,0.0,0.0,6563.277193670777,25.637801537776472,39.004904477731145,9.541603503748775e-05,256,0,0,0,0,0
tune-structured-2048,tune,structured,2048,1,resident_seed_batch,default,256,145,39,21,190,111,2743.070950315013,324.41330372602727,1786.0213171329785,48.52933164419097,4902.034902818212,19.14857383913364,52.22321037592448,0.00017787498654797673,106,0,0,0,0,39
tune-structured-2048,tune,structured,2048,1,resident_seed_batch,existing_cost_gate,256,159,44,30,220,97,2932.616383038733,367.6493203197251,2076.192038289406,72.70832769423983,5449.166069342105,21.2858049583676,46.97966564834528,0.00019329105271026492,115,0,0,0,0,44
tune-structured-2048,tune,structured,2048,1,resident_seed_batch,fixed_1,256,157,156,57,153,99,4002.126154317657,651.7590144568603,3104.567706386164,0.0,7758.452875160678,30.306456543596397,32.99626924584474,6.120797479525208e-05,1,156,0,0,0,0
tune-structured-2048,tune,structured,2048,1,resident_seed_batch,fixed_2,256,127,127,73,248,129,3234.9322855204905,657.8606439363272,2583.804304007557,50.136606730054915,6526.733840194429,25.495054063259488,39.22329395806553,5.362502997741103e-05,0,0,127,0,0,0
tune-structured-2048,tune,structured,2048,1,resident_seed_batch,fixed_3,256,112,112,74,320,144,152.0415873040624,686.4958407100044,4252.024090860402,164.59329888940988,5255.154817763876,20.52794850689014,48.71407387174384,4.6124972868710756e-05,0,0,1,111,0,0
tune-structured-2048,tune,structured,2048,1,resident_seed_batch,fixed_4,256,106,106,82,406,150,125.84011537361953,752.7848647129417,4349.273529310692,185.17267272938244,5413.071182126636,21.14480930518217,47.29293064633692,4.5041029807180166e-05,0,0,1,1,104,0
tune-structured-2048,tune,structured,2048,1,resident_seed_batch,fixed_5,256,99,98,80,475,157,107.35476389694287,808.1386541417286,4400.777007990624,184.61083849937094,5500.881264528664,21.487817439565095,46.53799776606068,4.22910088673234e-05,1,0,0,0,0,98
tune-structured-2048,tune,structured,2048,1,resident_seed_batch,candidate,256,163,39,17,134,93,3382.525671862128,265.09525584515495,1449.882633597621,28.820210520096065,5126.323771825002,20.024702233691414,49.93832059672315,0.00016737496480345726,124,3,4,2,27,3
tune-structured-2048,tune,structured,2048,2,resident_seed_batch,ordinary,256,256,0,0,0,0,6559.90258057098,0.0,0.0,0.0,6559.90258057098,25.62461945535539,39.02496978510274,9.816698729991913e-05,256,0,0,0,0,0
tune-structured-2048,tune,structured,2048,2,resident_seed_batch,default,256,147,39,21,190,109,2752.7020215563166,321.22201883752155,1776.8369118198614,47.93407738598626,4898.695029599685,19.13552745937377,52.258815552541144,0.00017679104348644614,108,0,0,0,0,39
tune-structured-2048,tune,structured,2048,2,resident_seed_batch,existing_cost_gate,256,125,54,33,260,131,1847.4931726915313,449.7308659897478,2444.924606704447,75.83036192587086,4817.979007311595,18.820230497310916,53.13431204484358,0.0001586669823154807,71,0,0,0,0,54
tune-structured-2048,tune,structured,2048,2,resident_seed_batch,fixed_1,256,153,152,49,149,103,3924.6562834340452,639.4651148372456,3258.328066306593,0.0,7822.449464577889,30.556443221007378,32.726321999168604,7.204205030575395e-05,1,152,0,0,0,0
tune-structured-2048,tune,structured,2048,2,resident_seed_batch,fixed_2,256,118,118,59,231,138,3025.955905765847,614.2588413955912,2768.188005723349,50.853663523936575,6459.2564164087225,25.231470376596572,39.63304496623982,4.7749956138432026e-05,0,1,117,0,0,0
tune-structured-2048,tune,structured,2048,2,resident_seed_batch,fixed_3,256,101,101,63,293,155,100.65034551819747,621.6712990219713,3916.472837517327,144.7879300758487,4783.582412133346,18.685868797395884,53.516377046346534,4.0041981264948845e-05,0,0,1,100,0,0
tune-structured-2048,tune,structured,2048,2,resident_seed_batch,fixed_4,256,93,92,63,360,163,77.8525976066374,661.916641206977,3880.8788626046266,145.95971251473995,4766.60781393298,18.619561773175704,53.706956811446084,3.716698847711086e-05,1,0,0,0,92,0
tune-structured-2048,tune,structured,2048,2,resident_seed_batch,fixed_5,256,85,84,60,414,171,52.74275454245699,692.8848087142404,3849.854288604801,142.7113896908196,4738.193241552318,18.50856734981374,54.02903320931878,3.220798680558801e-05,1,0,0,0,1,83
tune-structured-2048,tune,structured,2048,2,resident_seed_batch,candidate,256,162,36,14,126,94,3361.8824939212823,250.44442246882076,1374.0287056768814,21.78640444487323,5008.142026511856,19.563054791061937,51.11676119502997,0.00016974995378404856,126,3,2,2,27,2
tune-structured-2048,tune,structured,2048,3,resident_seed_batch,ordinary,256,256,0,0,0,0,6584.168772274576,0.0,0.0,0.0,6584.168772274576,25.719409266697564,38.881141850129374,0.00014170800568535924,256,0,0,0,0,0
tune-structured-2048,tune,structured,2048,3,resident_seed_batch,default,256,144,40,22,200,112,2626.48908141712,330.1418962817884,1868.427198000511,53.73527863279964,4878.793454332218,19.057786930985227,52.47198972374613,0.00015958299627527595,104,0,0,0,0,40
tune-structured-2048,tune,structured,2048,3,resident_seed_batch,existing_cost_gate,256,160,44,29,220,96,2930.974467167827,366.8889959186373,2071.99485601669,70.98663733883787,5440.844956441993,21.253300611101537,47.05151535275682,0.00017625000327825546,116,0,0,0,0,44
tune-structured-2048,tune,structured,2048,3,resident_seed_batch,fixed_1,256,155,155,54,155,101,3981.4162422606687,653.3838871250848,3208.985139379016,0.0,7843.785268764768,30.639786206112376,32.63730344830241,6.345799192786217e-05,0,155,0,0,0,0
tune-structured-2048,tune,structured,2048,3,resident_seed_batch,fixed_2,256,127,127,74,252,129,3238.9812036475687,658.5835011658007,2628.948467249491,56.11334996344786,6582.626522026308,25.713384851665264,38.890251352312234,5.0292001105844975e-05,0,0,127,0,0,0
tune-structured-2048,tune,structured,2048,3,resident_seed_batch,fixed_3,256,107,107,69,318,149,26.402780883574735,663.9163206379114,4262.5871443303395,162.24141739524487,5115.14766324707,19.98104555955887,50.047431052555865,4.1584018617868423e-05,0,0,0,107,0,0
tune-structured-2048,tune,structured,2048,3,resident_seed_batch,fixed_4,256,97,97,72,384,159,26.402780883574735,693.3914207602561,4107.786838521156,169.27105771369662,4996.852097878682,19.5189535073386,51.232254824728535,3.7582998629659414e-05,0,0,0,0,97,0
tune-structured-2048,tune,structured,2048,3,resident_seed_batch,fixed_5,256,97,97,77,482,159,26.969629955282898,791.2936604954272,4449.003388572246,184.4514366529851,5451.718115675941,21.295773889359143,46.95767363024407,3.604200901463628e-05,0,0,1,0,0,96
tune-structured-2048,tune,structured,2048,3,resident_seed_batch,candidate,256,183,27,12,111,73,4093.860627537478,200.08976564829524,1115.6108990009398,24.118278317569867,5433.679570504283,21.225310822282356,47.113562122736916,0.00017508299788460135,156,3,2,2,2,18
tune-structured-2048,tune,structured,2048,4,resident_seed_batch,ordinary,256,256,0,0,0,0,6545.581736285486,0.0,0.0,0.0,6545.581736285486,25.56867865736518,39.11035112140788,9.475002298131585e-05,256,0,0,0,0,0
tune-structured-2048,tune,structured,2048,4,resident_seed_batch,default,256,142,40,21,200,114,2601.6280537239527,319.5727353122798,1809.0043089834335,49.56976082247484,4779.774858842142,18.670995542352117,53.559008020309506,0.00016537500778213143,102,0,0,0,0,40
tune-structured-2048,tune,structured,2048,4,resident_seed_batch,existing_cost_gate,256,133,49,29,245,123,2180.389065829338,397.9579259276294,2248.171413724241,67.9200197121456,4894.438425193353,19.118900098411537,52.304264097445824,0.00015733303735032678,84,0,0,0,0,49
tune-structured-2048,tune,structured,2048,4,resident_seed_batch,fixed_1,256,156,155,55,152,100,3966.7065462002756,646.5988388245602,3129.1069197475267,0.0,7742.412304772364,30.243798065517048,33.06463023703911,6.654200842604041e-05,1,155,0,0,0,0
tune-structured-2048,tune,structured,2048,4,resident_seed_batch,fixed_2,256,119,118,57,234,137,3041.8304291626473,613.3516857651191,2602.6774939182737,34.97381648546995,6292.833425331512,24.58138056770122,40.68119759367596,5.0084025133401155e-05,1,0,118,0,0,0
tune-structured-2048,tune,structured,2048,4,resident_seed_batch,fixed_3,256,105,105,66,310,151,48.044407643423185,647.9037273118588,4167.72641186253,155.18946747990006,5018.864014297714,19.604937555850444,51.00755853729221,4.4625019654631615e-05,0,1,0,104,0,0
tune-structured-2048,tune,structured,2048,4,resident_seed_batch,fixed_4,256,96,96,68,376,160,45.22592864428732,692.870090364647,4075.4076680289472,158.49714430092496,4972.000831338805,19.421878247417208,51.488326065115956,3.954197745770216e-05,0,0,0,0,96,0
tune-structured-2048,tune,structured,2048,4,resident_seed_batch,fixed_5,256,93,92,71,450,163,77.3031035186229,762.7197000283868,4193.446043539431,166.9826808087329,5200.451527895176,20.31426378084053,49.22649478162007,3.7999998312443495e-05,1,0,0,0,0,92
tune-structured-2048,tune,structured,2048,4,resident_seed_batch,candidate,256,143,49,25,177,113,2499.9173145268815,329.05319269370807,2000.5588138933733,57.116780715054524,4886.646101829017,19.0884613352696,52.38766930639443,0.00014224997721612453,94,2,2,20,14,11
tune-structured-2048,tune,structured,2048,5,resident_seed_batch,ordinary,256,256,0,0,0,0,6540.76808505038,0.0,0.0,0.0,6540.76808505038,25.549875332228048,39.13913422264813,8.766702376306057e-05,256,0,0,0,0,0
tune-structured-2048,tune,structured,2048,5,resident_seed_batch,default,256,141,39,19,195,115,2601.4687669727255,314.36699228281964,1776.4442712982877,44.524221166639705,4736.804251720473,18.503141608283098,54.04487633345145,0.00015312497271224856,102,0,0,0,0,39
tune-structured-2048,tune,structured,2048,5,resident_seed_batch,existing_cost_gate,256,125,59,39,295,131,1687.1099825883784,477.1947454510508,2690.526462430481,90.6135969795003,4945.444787449409,19.318143700974254,51.76480802084353,0.0001456660102121532,66,0,0,0,0,59
tune-structured-2048,tune,structured,2048,5,resident_seed_batch,fixed_1,256,156,155,55,149,100,3969.2324385388074,647.3832159172825,3145.3145099395274,0.0,7761.930164395613,30.320039704670364,32.98148715306479,5.916703958064318e-05,1,155,0,0,0,0
tune-structured-2048,tune,structured,2048,5,resident_seed_batch,fixed_2,256,121,121,63,238,135,3060.773896126351,622.4552705970684,2646.2894246234423,44.331571360210575,6373.850162707071,24.897852198074496,40.16410700989446,4.620896652340889e-05,0,0,121,0,0,0
tune-structured-2048,tune,structured,2048,5,resident_seed_batch,fixed_3,256,103,103,62,303,153,48.46271593420833,631.2088077542138,4017.2000166577,142.4195467585928,4839.2910871047125,18.903480809002783,52.90031027109833,3.883300814777613e-05,0,0,0,103,0,0
tune-structured-2048,tune,structured,2048,5,resident_seed_batch,fixed_4,256,99,98,71,376,157,128.14557525137016,686.302580572009,3955.521781941508,156.85491549342137,4926.824853258309,19.24540958304027,51.960442602439336,3.700004890561104e-05,1,1,0,0,97,0
tune-structured-2048,tune,structured,2048,5,resident_seed_batch,fixed_5,256,92,92,69,445,164,75.95697433567625,742.4715779849793,4033.14680601278,153.93959067142308,5005.514949004859,19.55279276955023,51.14358914279041,3.4165976103395224e-05,0,0,0,0,0,92
tune-structured-2048,tune,structured,2048,5,resident_seed_batch,candidate,256,174,33,17,124,82,3765.0516580341623,237.7351914997084,1234.5523548134763,28.985673737475153,5266.324878084822,20.571581555018835,48.610749607437484,0.0001765830093063414,141,3,2,4,6,18
tune-structured-2048,tune,structured,2048,6,resident_seed_batch,ordinary,256,256,0,0,0,0,6577.300930024007,0.0,0.0,0.0,6577.300930024007,25.69258175790628,38.92174050170236,8.691695984452963e-05,256,0,0,0,0,0
tune-structured-2048,tune,structured,2048,6,resident_seed_batch,default,256,146,41,26,200,110,2726.9496650285446,331.9671092736142,1841.4773791880284,59.337891538459694,4959.732045028648,19.373953300893156,51.615691669593275,0.00016712502110749483,105,0,0,0,0,41
tune-structured-2048,tune,structured,2048,6,resident_seed_batch,existing_cost_gate,256,138,49,32,240,118,2310.0630989021342,395.22881502164626,2194.5770611765515,73.77074096914622,4973.639716069478,19.428280140896398,51.47135993242175,0.00015412498032674193,89,0,0,0,0,49
tune-structured-2048,tune,structured,2048,6,resident_seed_batch,fixed_1,256,161,160,65,155,95,4138.317109916882,675.0579363200324,3036.7930561692465,0.0,7850.168102406158,30.664719150024055,32.61076663078506,6.408296758309007e-05,1,160,0,0,0,0
tune-structured-2048,tune,structured,2048,6,resident_seed_batch,fixed_2,256,129,128,76,250,127,3298.867002060977,665.8886172285474,2590.6665585069636,56.34272538049181,6611.764903176979,25.827206653035073,38.71886005459616,5.6958990171551704e-05,1,0,128,0,0,0
tune-structured-2048,tune,structured,2048,6,resident_seed_batch,fixed_3,256,115,114,79,337,141,78.2056570733809,714.3864565173589,4559.606469028223,186.376940085678,5538.575522704638,21.635060635564994,46.22127096589416,4.754104884341359e-05,1,1,0,113,0,0
tune-structured-2048,tune,structured,2048,6,resident_seed_batch,fixed_4,256,110,109,87,425,146,99.69508960188217,786.7191321444299,4604.45433258476,204.2248915705251,5695.093445901598,22.246458773053117,44.95097445402361,4.533299943432212e-05,1,1,0,0,108,0
tune-structured-2048,tune,structured,2048,6,resident_seed_batch,fixed_5,256,101,100,82,485,155,97.28143184379203,832.8736220532401,4545.570484088335,192.21507202642078,5667.940610011789,22.140393007858552,45.1663165890984,4.2249972466379404e-05,1,0,0,0,0,100
tune-structured-2048,tune,structured,2048,6,resident_seed_batch,candidate,256,157,44,21,150,99,3197.091915388919,299.6262668702518,1570.4046076157113,31.142892108584967,5098.265681983466,19.915100320247912,50.213154034845026,0.00016245804727077484,113,3,8,2,25,6
tune-structured-2048,tune,structured,2048,7,resident_seed_batch,ordinary,256,256,0,0,0,0,6589.193317077605,0.0,0.0,0.0,6589.193317077605,25.739036394834393,38.85149329835407,8.654198609292507e-05,256,0,0,0,0,0
tune-structured-2048,tune,structured,2048,7,resident_seed_batch,default,256,152,41,26,190,104,2920.8051920110443,341.44903056397135,1797.7079490769606,57.21984979765424,5117.182021449631,19.98899227128762,50.02753447638326,0.00018574995920062065,111,0,0,0,0,41
tune-structured-2048,tune,structured,2048,7,resident_seed_batch,existing_cost_gate,256,166,55,44,260,90,2931.078710715456,455.17785053607474,2427.822569108703,100.14522021187662,5914.224350572111,23.102438869422308,43.28547326332588,0.0001968329888768494,111,0,0,0,0,55
tune-structured-2048,tune,structured,2048,7,resident_seed_batch,fixed_1,256,164,164,72,160,92,4211.932062320092,691.4376943704013,2935.654976057138,0.0,7839.024732747632,30.621190362295437,32.657123650925165,6.520800525322556e-05,0,164,0,0,0,0
tune-structured-2048,tune,structured,2048,7,resident_seed_batch,fixed_2,256,134,134,82,264,122,3448.919399457208,701.6646460359684,2453.4275128135405,44.31067450730623,6648.322232814025,25.970008721929783,38.505955493021176,5.541701102629304e-05,0,0,134,0,0,0
tune-structured-2048,tune,structured,2048,7,resident_seed_batch,fixed_3,256,117,117,81,343,139,77.64080831028423,729.0973123822743,4654.04067655783,191.69899693506812,5652.477794185457,22.079991383536942,45.28987274630958,4.937499761581421e-05,0,1,0,116,0,0
tune-structured-2048,tune,structured,2048,7,resident_seed_batch,fixed_4,256,111,110,85,424,145,128.6163789554395,797.8604477521677,4607.2546773806025,196.83362271269556,5730.565126800903,22.38502002656603,44.67273197938724,4.962499951943755e-05,1,0,0,0,110,0
tune-structured-2048,tune,structured,2048,7,resident_seed_batch,fixed_5,256,104,104,83,502,152,97.03224542662045,858.2349440992184,4691.485514937289,194.8852186418573,5841.637923104983,22.81889813712884,43.82332547306002,4.520796937867999e-05,0,0,1,0,0,103
tune-structured-2048,tune,structured,2048,7,resident_seed_batch,candidate,256,164,39,19,131,92,3412.981849235324,267.18764666914313,1419.9998210226966,31.061303185741792,5131.230620112904,20.04386960981603,49.890566016767174,0.0001652080100029707,125,3,2,2,30,2
tune-structured-2048,tune,structured,2048,8,resident_seed_batch,ordinary,256,256,0,0,0,0,6611.067949072405,0.0,0.0,0.0,6611.067949072405,25.824484176064082,38.72294188655544,0.00011791702127084136,256,0,0,0,0,0
tune-structured-2048,tune,structured,2048,8,resident_seed_batch,default,256,151,36,18,165,105,3041.453565806417,291.9558862892188,1514.0389639630448,36.00250562243309,4883.450921681117,19.07598016281686,52.421945895562025,0.00016250001499429345,115,0,0,0,0,36
tune-structured-2048,tune,structured,2048,8,resident_seed_batch,existing_cost_gate,256,147,48,30,225,109,2624.2410946179934,392.5234892174434,2076.4490112953345,65.43692599166954,5158.650521122442,20.15097859813454,49.625381473660745,0.0001626670127734542,99,0,0,0,0,48
tune-structured-2048,tune,structured,2048,8,resident_seed_batch,fixed_1,256,151,151,46,149,105,3884.329795282129,637.2598445740641,3327.190956962391,0.0,7848.7805968185885,30.65929920632261,32.61653155443874,6.029097130522132e-05,0,151,0,0,0,0
tune-structured-2048,tune,structured,2048,8,resident_seed_batch,fixed_2,256,116,116,55,227,140,3015.5841120430537,611.778654177161,2801.5295332770543,44.65932482280605,6473.551624320074,25.287311032500288,39.54552537099572,4.7166948206722736e-05,0,1,115,0,0,0
tune-structured-2048,tune,structured,2048,8,resident_seed_batch,fixed_3,256,102,101,65,294,154,105.53589128658969,632.3589999195674,3982.8544645117763,150.1087731256511,4870.858128843588,19.026789565795266,52.55747410996306,3.9457983803004026e-05,1,0,0,101,0,0
tune-structured-2048,tune,structured,2048,8,resident_seed_batch,fixed_4,256,94,93,68,368,162,53.29537869296071,670.388685971722,3978.7620108662927,162.08378434152226,4864.529859872498,19.002069765126944,52.625846150466415,3.712502075359225e-05,1,0,0,0,93,0
tune-structured-2048,tune,structured,2048,8,resident_seed_batch,fixed_5,256,90,89,69,427,166,130.6096556867489,737.4403008891841,4020.3574928416765,161.10678106706942,5049.5142304846795,19.72466496283078,50.69794604290634,3.783300053328276e-05,1,0,1,0,0,88
tune-structured-2048,tune,structured,2048,8,resident_seed_batch,candidate,256,141,54,24,173,115,2348.7444806674034,353.4608314985138,2092.41809442812,47.44453403919012,4842.067940633228,18.914327893098548,52.869972734525746,0.0001354999840259552,87,2,2,31,17,2
tune-structured-2048,tune,structured,2048,9,resident_seed_batch,ordinary,256,256,0,0,0,0,6548.534758510599,0.0,0.0,0.0,6548.534758510599,25.580213900432028,39.092714544623526,0.00010308297351002693,256,0,0,0,0,0
tune-structured-2048,tune,structured,2048,9,resident_seed_batch,default,256,144,39,21,195,112,2687.4091912380272,319.3632732778205,1809.56128491542,49.823069742885764,4866.156819174152,19.00842507489903,52.60825113388895,0.00015700003132224083,105,0,0,0,0,39
tune-structured-2048,tune,structured,2048,9,resident_seed_batch,existing_cost_gate,256,138,49,31,245,118,2269.1308115725697,401.5080341617192,2266.880932581025,74.65146822025095,5012.171246535563,19.578793931779543,51.07566908791244,0.000155624991748482,89,0,0,0,0,49
tune-structured-2048,tune,structured,2048,9,resident_seed_batch,fixed_1,256,154,154,52,152,102,3932.934997765581,645.3540211906275,3211.343609875254,0.0,7789.6326288314685,30.428252456372924,32.86419426924923,6.354099605232477e-05,0,154,0,0,0,0
tune-structured-2048,tune,structured,2048,9,resident_seed_batch,fixed_2,256,120,120,62,240,136,3061.717688271684,622.5696466364527,2679.810376882539,47.50312648284091,6411.600838273517,25.045315774505926,39.927625948238905,4.9291003961116076e-05,0,0,120,0,0,0
tune-structured-2048,tune,structured,2048,9,resident_seed_batch,fixed_3,256,106,106,67,317,150,28.685393554325984,657.6809011650798,4265.600839417194,159.73198875725916,5111.69912289386,19.96757469880414,50.081194891430165,4.554202314466238e-05,0,0,1,105,0,0
tune-structured-2048,tune,structured,2048,9,resident_seed_batch,fixed_4,256,100,99,73,396,156,26.83829340002534,709.3232121136456,4248.122782821372,173.73624176535884,5158.020530100403,20.1485176957047,49.631442625339226,4.008301766589284e-05,1,0,0,0,99,0
tune-structured-2048,tune,structured,2048,9,resident_seed_batch,fixed_5,256,96,96,75,477,160,28.685393554325984,782.1514591634351,4400.481593056741,178.81641174698166,5390.134857521483,21.055214287193294,47.49417347930977,3.570795524865389e-05,0,0,1,0,0,95
tune-structured-2048,tune,structured,2048,9,resident_seed_batch,candidate,256,151,43,20,152,105,2889.5727319377374,289.44284520459416,1689.474304411514,40.32462578470905,4908.814507338554,19.175056669291227,52.151084465971664,0.0001550830202177167,108,3,2,9,27,2
tune-structured-2048,tune,structured,2048,10,resident_seed_batch,ordinary,256,256,0,0,0,0,6607.1209549745145,0.0,0.0,0.0,6607.1209549745145,25.809066230369197,38.746074386190415,8.295901352539659e-05,256,0,0,0,0,0
tune-structured-2048,tune,structured,2048,10,resident_seed_batch,default,256,147,39,21,185,109,2842.7954058949895,316.76401296314106,1696.1910351175457,43.79036105192082,4899.540815027597,19.13883130870155,52.24979435109738,0.0001568750012665987,108,0,0,0,0,39
tune-structured-2048,tune,structured,2048,10,resident_seed_batch,existing_cost_gate,256,134,58,41,275,122,2024.0539917288663,472.24381794832294,2523.802519534508,89.0356154593408,5109.1359446710385,19.957562283871244,50.10631988898527,0.0001537090283818543,76,0,0,0,0,58
tune-structured-2048,tune,structured,2048,10,resident_seed_batch,fixed_1,256,156,156,56,149,100,4029.152938841231,661.0792136347909,3195.4305336790308,0.0,7885.662686155053,30.803369867793176,32.463980541478406,5.979195702821016e-05,0,156,0,0,0,0
tune-structured-2048,tune,structured,2048,10,resident_seed_batch,fixed_2,256,122,122,64,233,134,3155.609784530796,640.3776136872884,2695.934652332407,46.00787670634088,6537.92992725683,25.53878877834699,39.1561247747132,4.691700451076031e-05,0,1,121,0,0,0
tune-structured-2048,tune,structured,2048,10,resident_seed_batch,fixed_3,256,107,106,72,306,149,134.21903072210606,658.8180112388061,4104.100659981529,163.3699896371071,5060.50769157955,19.767608170232617,50.58780968280557,4.0834012906998396e-05,1,0,0,106,0,0
tune-structured-2048,tune,structured,2048,10,resident_seed_batch,fixed_4,256,97,97,70,375,159,77.7852909871717,707.5444263051833,4110.561751114615,162.33667854910965,5058.228146956079,19.758703699047185,50.610607620388706,3.92080401070416e-05,0,0,0,1,96,0
tune-structured-2048,tune,structured,2048,10,resident_seed_batch,fixed_5,256,93,93,72,446,163,106.1897742010565,763.4174344649344,4156.03318917853,166.1597695927702,5191.800167437291,20.280469404051917,49.3085233914855,3.633397864177823e-05,0,1,0,0,0,92
tune-structured-2048,tune,structured,2048,10,resident_seed_batch,candidate,256,162,35,13,119,94,3442.9157715646147,243.20496887124295,1326.6000760380216,21.803573027479004,5034.524389501358,19.66611089648968,50.848894591482036,0.0001692090299911797,127,3,2,2,26,2
tune-structured-2048,tune,structured,2048,11,resident_seed_batch,ordinary,256,256,0,0,0,0,6559.328717783487,0.0,0.0,0.0,6559.328717783487,25.622377803841747,39.028384003067146,8.891703328117728e-05,256,0,0,0,0,0
tune-structured-2048,tune,structured,2048,11,resident_seed_batch,default,256,140,40,21,200,116,2561.26178212663,329.5874866724362,1865.4854903726978,50.39202631005684,4806.726785481822,18.776276505788367,53.25869587038299,0.00016320898430421948,100,0,0,0,0,40
tune-structured-2048,tune,structured,2048,11,resident_seed_batch,existing_cost_gate,256,124,57,37,280,132,1742.2603442562315,471.8878261859517,2618.4427892771787,87.35270452415179,4919.943664243514,19.218529938451226,52.03311612295917,0.0001450830022804439,67,0,0,0,0,57
tune-structured-2048,tune,structured,2048,11,resident_seed_batch,fixed_1,256,161,161,66,156,95,4118.553491765991,676.1043381015716,2986.219683809978,0.0,7780.877513677543,30.394052787802902,32.90117336380026,6.545800715684891e-05,0,161,0,0,0,0
tune-structured-2048,tune,structured,2048,11,resident_seed_batch,fixed_2,256,128,127,72,252,128,3262.5779797373357,658.6563060614457,2492.005152840303,42.26866248055228,6455.508101119638,25.216828519998586,39.656057430336055,4.991702735424042e-05,1,0,127,0,0,0
tune-structured-2048,tune,structured,2048,11,resident_seed_batch,fixed_3,256,116,115,81,339,140,76.77443092200009,718.0066939609457,4570.119135294925,191.60128072532078,5556.50154090319,21.705084144153087,46.07215495496616,4.637503297999501e-05,1,0,0,115,0,0
tune-structured-2048,tune,structured,2048,11,resident_seed_batch,fixed_4,256,109,109,84,421,147,101.7810008354382,782.2279889642307,4555.338590674833,195.13006106249554,5634.477641536996,22.00967828725389,45.43455778629503,4.270899808034301e-05,0,1,0,0,108,0
tune-structured-2048,tune,structured,2048,11,resident_seed_batch,fixed_5,256,101,101,80,498,155,24.301231957786936,830.821923957785,4620.471249160207,190.74447865738483,5666.338883733164,22.134136264582672,45.179083929293526,3.7582998629659414e-05,0,0,0,1,0,100
tune-structured-2048,tune,structured,2048,11,resident_seed_batch,candidate,256,155,39,17,137,101,3121.525037092141,259.3685090282235,1495.8693881123484,32.90585692406201,4909.668791156774,19.17839371545615,52.14201016188782,0.0001569160376675427,116,3,2,4,28,2
tune-structured-2048,tune,structured,2048,12,resident_seed_batch,ordinary,256,256,0,0,0,0,6588.482620061621,0.0,0.0,0.0,6588.482620061621,25.736260234615706,38.855684193579265,8.966604946181178e-05,256,0,0,0,0,0
tune-structured-2048,tune,structured,2048,12,resident_seed_batch,default,256,143,41,20,205,113,2619.4878768131193,340.60872060667765,1927.4959167891589,48.15191312299754,4935.744427331955,19.28025166926545,51.866542883052446,0.00016987498383969069,102,0,0,0,0,41
tune-structured-2048,tune,structured,2048,12,resident_seed_batch,existing_cost_gate,256,119,57,35,285,137,1599.2957592807566,471.27537752156167,2660.0923156954586,84.26197625759738,4814.925428755374,18.80830245607568,53.16800930521873,0.0001515419571660459,62,0,0,0,0,57
tune-structured-2048,tune,structured,2048,12,resident_seed_batch,fixed_1,256,158,158,60,155,98,4083.708150553384,670.0273867342535,3129.228668403825,0.0,7882.964205691459,30.792828928482262,32.47509354605078,6.49159774184227e-05,0,158,0,0,0,0
tune-structured-2048,tune,structured,2048,12,resident_seed_batch,fixed_2,256,127,127,73,252,129,3285.0837242679963,668.1027523805848,2616.0567201219114,50.99217851680029,6620.2353752872905,25.86029443471598,38.66931996944152,4.9667025450617075e-05,0,0,127,0,0,0
tune-structured-2048,tune,structured,2048,12,resident_seed_batch,fixed_3,256,105,105,61,310,151,52.3947559888332,661.8156822121132,4259.751093326102,146.21888733864785,5120.180418865697,20.00070476119413,49.998238159098534,4.212500061839819e-05,0,1,0,104,0,0
tune-structured-2048,tune,structured,2048,12,resident_seed_batch,fixed_4,256,96,96,69,382,160,23.15798280282681,696.6478064978373,4177.699550928948,168.91610214994282,5066.421442379556,19.79070875929514,50.52876135779261,3.7582998629659414e-05,0,0,1,0,95,0
tune-structured-2048,tune,structured,2048,12,resident_seed_batch,fixed_5,256,91,91,68,455,165,0.0,757.9259897401505,4261.10471218777,165.77624461828486,5184.806946546206,20.253152134946117,49.3750302835347,3.412499791011214e-05,0,0,0,0,0,91
tune-structured-2048,tune,structured,2048,12,resident_seed_batch,candidate,256,154,46,25,171,102,2967.396108108017,319.1711079475537,1786.8078824213112,49.83474368776316,5123.209842164645,20.012538445955645,49.96867352437697,0.00016545900143682957,108,3,3,2,30,8
tune-structured-2048,tune,structured,2048,13,resident_seed_batch,ordinary,256,256,0,0,0,0,6514.146295659338,0.0,0.0,0.0,6514.146295659338,25.445883967419288,39.29908669238578,0.0001177079975605011,256,0,0,0,0,0
tune-structured-2048,tune,structured,2048,13,resident_seed_batch,default,256,170,36,23,180,86,3404.658336046273,296.81354845687116,1678.390775091398,55.8311650075307,5435.693824602074,21.23317900235185,47.09610369173815,0.00019708398031070828,134,0,0,0,0,36
tune-structured-2048,tune,structured,2048,13,resident_seed_batch,existing_cost_gate,256,120,58,37,290,136,1587.8396408274875,468.43077128193386,2641.0203270746842,87.17769417892484,4784.468433363031,18.68932981782434,53.50646651044076,0.00014754204312339425,62,0,0,0,0,58
tune-structured-2048,tune,structured,2048,13,resident_seed_batch,fixed_1,256,152,152,48,150,104,3875.027775980539,635.9342712979948,3263.3216672020003,0.0,7774.283714480535,30.36829575968959,32.92907866523694,6.554200081154704e-05,0,152,0,0,0,0
tune-structured-2048,tune,structured,2048,13,resident_seed_batch,fixed_2,256,120,120,61,238,136,3058.2751229295172,621.9292635887268,2641.6526780508357,43.25505525932023,6365.112119828399,24.863719218079684,40.21924440301951,4.720798460766673e-05,0,0,120,0,0,0
tune-structured-2048,tune,structured,2048,13,resident_seed_batch,fixed_3,256,103,103,65,306,153,26.77772060229929,635.3677718578447,4076.747724573113,153.44989384950665,4892.343110882767,19.11071527688581,52.32666519863275,4.129204899072647e-05,0,0,0,103,0,0
tune-structured-2048,tune,structured,2048,13,resident_seed_batch,fixed_4,256,101,101,77,398,155,50.36928395512649,724.9570411743721,4301.101413891243,183.07919170551318,5259.506930726256,20.544948948149436,48.673764170636886,3.883300814777613e-05,0,0,1,0,100,0
tune-structured-2048,tune,structured,2048,13,resident_seed_batch,fixed_5,256,90,89,68,440,166,56.05394188414549,736.055775842411,4082.5167169020883,162.98051547437112,5037.606950103019,19.678152148839917,50.81777965920204,3.362499410286546e-05,1,0,0,0,0,89
tune-structured-2048,tune,structured,2048,13,resident_seed_batch,candidate,256,183,25,10,99,73,4141.679349259426,181.16085602674883,1013.688709914536,19.019758329378327,5355.548673530091,20.920112005976918,47.800891300882995,0.00018579198513180017,158,3,2,2,2,16
tune-structured-2048,tune,structured,2048,14,resident_seed_batch,ordinary,256,256,0,0,0,0,6588.724530727217,0.0,0.0,0.0,6588.724530727217,25.73720519815319,38.85425757384708,9.933300316333771e-05,256,0,0,0,0,0
tune-structured-2048,tune,structured,2048,14,resident_seed_batch,default,256,143,38,20,190,113,2668.658354646968,313.53034457785327,1774.8261347132373,48.09537413500918,4805.110208073068,18.76996175028542,53.27661362894326,0.0001623330172151327,105,0,0,0,0,38
tune-structured-2048,tune,structured,2048,14,resident_seed_batch,existing_cost_gate,256,143,50,34,250,113,2365.7281420568734,411.421774178342,2320.2447003353645,81.24981442401359,5178.644430994595,20.229079808572635,49.43378588956983,0.00016987498383969069,93,0,0,0,0,50
tune-structured-2048,tune,structured,2048,14,resident_seed_batch,fixed_1,256,152,152,48,150,104,3915.304054598671,642.4180572234292,3285.82556316142,0.0,7843.547674983523,30.63885810540439,32.6382920851613,6.458302959799767e-05,0,152,0,0,0,0
tune-structured-2048,tune,structured,2048,14,resident_seed_batch,fixed_2,256,115,114,54,226,141,2936.3659105282422,591.4514721750041,2776.531990608354,49.96105932407596,6354.310432635679,24.82152512748312,40.28761306422588,4.858296597376466e-05,1,0,114,0,0,0
tune-structured-2048,tune,structured,2048,14,resident_seed_batch,fixed_3,256,102,102,62,301,154,54.6424458643243,626.7729353526224,4026.5092039378733,144.9044707508344,4852.829055905653,18.956363499631458,52.75273393124381,4.287500632926822e-05,0,1,0,101,0,0
tune-structured-2048,tune,structured,2048,14,resident_seed_batch,fixed_4,256,96,95,68,372,160,83.45843302752098,677.9012505840824,3965.638470699711,156.604217201653,4883.602371512964,19.076571763722516,52.42032019095157,4.1624996811151505e-05,1,0,0,0,95,0
tune-structured-2048,tune,structured,2048,14,resident_seed_batch,fixed_5,256,90,89,68,440,166,54.21334132275348,724.0561891789523,4019.215553059815,158.57183965565235,4956.056923217172,19.359597356317078,51.65396684625251,3.654096508398652e-05,1,0,0,0,0,89
tune-structured-2048,tune,structured,2048,14,resident_seed_batch,candidate,256,163,35,15,119,93,3454.14793409325,241.13381717926666,1227.2044927802888,19.25722621899735,4941.743470271801,19.303685430749223,51.80357935211067,0.00016291701467707753,128,3,2,2,26,2
tune-structured-2048,tune,structured,2048,15,resident_seed_batch,ordinary,256,256,0,0,0,0,6544.397045064997,0.0,0.0,0.0,6544.397045064997,25.564050957285144,39.117431023388875,8.629198418930173e-05,256,0,0,0,0,0
tune-structured-2048,tune,structured,2048,15,resident_seed_batch,default,256,149,40,23,195,107,2796.1246764879347,328.1408094252154,1819.2902289242838,53.162155346685594,4996.717870184123,19.51842918040673,51.23363108563236,0.00016600004164502025,109,0,0,0,0,40
tune-structured-2048,tune,structured,2048,15,resident_seed_batch,existing_cost_gate,256,145,52,35,255,111,2379.1364736273304,428.9197009475942,2383.138743785372,82.6584162800648,5273.853334640362,20.600989588438914,48.54135747737045,0.0001681250287219882,93,0,0,0,0,52
tune-structured-2048,tune,structured,2048,15,resident_seed_batch,fixed_1,256,157,157,58,156,99,3990.8097807838753,655.0240199418779,3097.9671962794964,0.0,7743.800997005249,30.249222644551754,33.05870077226966,6.295798812061548e-05,0,157,0,0,0,0
tune-structured-2048,tune,structured,2048,15,resident_seed_batch,fixed_2,256,130,130,77,254,126,3310.8069942487623,673.4307245267343,2488.422943650609,47.08515720788607,6519.745819633989,25.46775710794527,39.265334428999495,5.154201062396169e-05,0,0,130,0,0,0
tune-structured-2048,tune,structured,2048,15,resident_seed_batch,fixed_3,256,117,117,80,346,139,47.64166044591195,726.2615530966478,4672.61599567712,190.08458408970472,5636.603793309385,22.017983567614785,45.41741967102078,4.68750367872417e-05,0,1,0,116,0,0
tune-structured-2048,tune,structured,2048,15,resident_seed_batch,fixed_4,256,113,113,89,446,143,53.404219120622415,813.4729882269322,4836.235755803407,211.65180066097338,5914.764763811935,23.10454985864037,43.28151840733792,4.449998959898949e-05,0,0,1,0,112,0
tune-structured-2048,tune,structured,2048,15,resident_seed_batch,fixed_5,256,107,107,88,530,149,23.728446367145096,873.8911094593601,4863.679822275922,208.60727579328162,5969.90665389571,23.31994786678012,42.881742519867565,4.212500061839819e-05,0,0,0,0,0,107
tune-structured-2048,tune,structured,2048,15,resident_seed_batch,candidate,256,161,39,18,143,95,3226.53940148593,266.2672916198225,1571.3952543915605,37.78185030849184,5101.983797805807,19.929624210178932,50.17656075468077,0.00016704201698303223,122,3,2,3,27,4
tune-structured-2048,tune,structured,2048,16,resident_seed_batch,ordinary,256,256,0,0,0,0,6591.551862704493,0.0,0.0,0.0,6591.551862704493,25.748249463689426,38.83759171318482,9.74999857135117e-05,256,0,0,0,0,0
tune-structured-2048,tune,structured,2048,16,resident_seed_batch,default,256,147,42,28,205,109,2708.98165457115,348.0232173005225,1923.2039251611504,65.55020165740864,5045.758998690234,19.709996088633726,50.735677242304256,0.0001593749620951712,105,0,0,0,0,42
tune-structured-2048,tune,structured,2048,16,resident_seed_batch,existing_cost_gate,256,126,57,39,280,130,1787.4270234978967,474.2321586392433,2629.5106247406243,92.71150237169061,4983.881309249456,19.468286364255686,51.36558920953761,0.00015541695756837726,69,0,0,0,0,57
tune-structured-2048,tune,structured,2048,16,resident_seed_batch,fixed_1,256,155,154,53,153,101,3994.9299581702526,651.4837794019575,3221.212531197003,0.0,7867.6262687692115,30.732915112379732,32.53840373890153,6.308394949883223e-05,1,154,0,0,0,0
tune-structured-2048,tune,structured,2048,16,resident_seed_batch,fixed_2,256,119,119,60,231,137,3077.4723758198875,624.7295887377528,2774.865595456958,48.55617639878292,6525.62373641338,25.490717720364767,39.22996641248319,4.762498429045081e-05,0,1,118,0,0,0
tune-structured-2048,tune,structured,2048,16,resident_seed_batch,fixed_3,256,111,110,74,318,145,124.66422080356915,690.4306237898645,4323.976940293075,169.84520506314595,5308.916989949655,20.73795699199084,48.22075773357076,4.416599404066801e-05,1,0,0,110,0,0
tune-structured-2048,tune,structured,2048,16,resident_seed_batch,fixed_4,256,99,99,71,384,157,75.15962189644284,721.3628530727428,4196.289773486142,165.6376592859196,5158.449907741248,20.15019495211425,49.62731141690892,3.8624973967671394e-05,0,0,0,0,99,0
tune-structured-2048,tune,structured,2048,16,resident_seed_batch,fixed_5,256,96,96,76,456,160,126.16684767254945,791.4039420325751,4275.64114758727,175.1663302152448,5368.378267507638,20.97022760745171,47.686654561853814,3.7375022657215595e-05,0,1,0,0,0,95
tune-structured-2048,tune,structured,2048,16,resident_seed_batch,candidate,256,151,43,20,160,105,2927.102732349329,307.7250086188172,1679.7452943483718,36.98801982623887,4951.56105514276,19.342035371651406,51.70086709000889,0.00015858298866078258,108,3,2,2,27,9
tune-structured-2048,tune,structured,2048,17,resident_seed_batch,ordinary,256,256,0,0,0,0,6624.075774608156,0.0,0.0,0.0,6624.075774608156,25.87529599456311,38.64690089767935,0.00011029199231415987,256,0,0,0,0,0
tune-structured-2048,tune,structured,2048,17,resident_seed_batch,default,256,174,35,22,170,82,3597.172654211348,291.84503174596097,1605.746486474931,50.903095952302934,5545.667268384544,21.662762767127123,46.162163651511854,0.00019824999617412686,139,0,0,0,0,35
tune-structured-2048,tune,structured,2048,17,resident_seed_batch,existing_cost_gate,256,137,62,47,300,119,1958.7843959832255,519.7048536815549,2838.4877409556407,110.00870283249012,5426.9856934529125,21.19916286505044,47.171674012120036,0.0001590839819982648,75,0,0,0,0,62
tune-structured-2048,tune,structured,2048,17,resident_seed_batch,fixed_1,256,157,157,58,154,99,4073.4998548357885,668.627824214615,3151.3688295886736,0.0,7893.496508639076,30.83397073687139,32.43176198530266,6.283295806497335e-05,0,157,0,0,0,0
tune-structured-2048,tune,structured,2048,17,resident_seed_batch,fixed_2,256,127,127,71,247,129,3275.881132807802,665.3423536001274,2571.736467638621,42.53054590404902,6555.4904999506,25.60738476543203,39.05123499178729,4.8874993808567524e-05,0,1,126,0,0,0
tune-structured-2048,tune,structured,2048,17,resident_seed_batch,fixed_3,256,112,112,75,331,144,50.37421020847977,701.0089281391107,4508.294493447097,179.6387768796456,5439.316408674333,21.247329721384112,47.0647376923587,4.8832967877388e-05,0,1,0,111,0,0
tune-structured-2048,tune,structured,2048,17,resident_seed_batch,fixed_4,256,104,103,77,408,152,51.77412340655302,748.073636871441,4435.727236655282,183.8586850769701,5419.433682010245,21.16966282035252,47.237408006262605,4.9708993174135685e-05,1,0,0,0,103,0
tune-structured-2048,tune,structured,2048,17,resident_seed_batch,fixed_5,256,102,102,83,489,154,105.70358656692315,837.4307561422518,4571.076158437308,192.52455971988937,5706.735060866373,22.29193383150927,44.85927544727039,3.954098792746663e-05,0,1,0,1,0,100
tune-structured-2048,tune,structured,2048,17,resident_seed_batch,candidate,256,148,47,23,174,108,2749.995232441216,324.2074443708435,1884.4861639233934,47.7121283463114,5006.400969081765,19.556253785475644,51.13453788080293,0.0001402499619871378,101,3,3,5,30,6
tune-structured-2048,tune,structured,2048,18,resident_seed_batch,ordinary,256,256,0,0,0,0,6577.5570976279105,0.0,0.0,0.0,6577.5570976279105,25.693582412609025,38.9202246670458,9.929202497005463e-05,256,0,0,0,0,0
tune-structured-2048,tune,structured,2048,18,resident_seed_batch,default,256,142,39,20,195,114,2620.128664083596,325.302376231919,1840.4225812082586,49.8617802013368,4835.7154017251105,18.889513287988713,52.93942648251666,0.00015258300118148327,103,0,0,0,0,39
tune-structured-2048,tune,structured,2048,18,resident_seed_batch,existing_cost_gate,256,125,46,26,230,131,2026.2967927745844,376.93260379136024,2129.0014614856163,62.997130832106876,4595.227988883669,17.950109331576833,55.70996708308933,0.00013920798664912581,79,0,0,0,0,46
tune-structured-2048,tune,structured,2048,18,resident_seed_batch,fixed_1,256,150,150,44,150,106,3832.4905381849535,629.1119648564726,3334.751250744445,0.0,7796.35375378587,30.454506850726055,32.83586251787096,5.929201142862439e-05,0,150,0,0,0,0
tune-structured-2048,tune,structured,2048,18,resident_seed_batch,fixed_2,256,118,118,57,235,138,3046.300391402891,618.7847049948521,2707.6771274750577,41.537077399319124,6414.299301272121,25.055856645594222,39.91082859966148,4.5874970965087414e-05,0,1,117,0,0,0
tune-structured-2048,tune,structured,2048,18,resident_seed_batch,fixed_3,256,104,104,67,311,152,26.898111038019298,644.7738403912385,4178.318111293656,162.11376600171144,5012.103828724626,19.57853058095557,51.07635610676115,3.933400148525834e-05,0,0,1,103,0,0
tune-structured-2048,tune,structured,2048,18,resident_seed_batch,fixed_4,256,95,95,67,379,161,0.0,689.3069496848422,4130.095177405145,162.89358419739798,4982.295711287386,19.462092622216353,51.38193612635882,3.7959020119160414e-05,0,0,0,1,94,0
tune-structured-2048,tune,structured,2048,18,resident_seed_batch,fixed_5,256,89,88,67,440,167,22.227710441017845,726.2779956831276,4072.3037704301532,162.93654690303978,4983.746023457338,19.467757904130227,51.366983549134986,3.454199759289622e-05,1,0,0,0,0,88
tune-structured-2048,tune,structured,2048,18,resident_seed_batch,candidate,256,147,49,18,147,109,2643.66248736819,297.87057941271183,1838.322358525182,36.22864302320696,4816.08406832929,18.81282839191129,53.15521829933649,0.0001532919704914093,98,3,2,39,2,3
tune-structured-2048,tune,structured,2048,19,resident_seed_batch,ordinary,256,256,0,0,0,0,6571.98471997022,0.0,0.0,0.0,6571.98471997022,25.67181531238367,38.95322507706013,9.904097532853484e-05,256,0,0,0,0,0
tune-structured-2048,tune,structured,2048,19,resident_seed_batch,default,256,120,46,25,225,136,1931.7062203564133,374.33397330243326,2071.951017942133,57.478838342750905,4435.470049943733,17.326054882592707,57.7165434818453,0.00014358304906636477,74,0,0,0,0,46
tune-structured-2048,tune,structured,2048,19,resident_seed_batch,existing_cost_gate,256,119,57,36,280,137,1638.7535636918376,464.6308378714425,2577.6304757112575,84.24486078608066,4765.2597380606185,18.61429585179929,53.722150327987734,0.00014795898459851742,62,0,0,0,0,57
tune-structured-2048,tune,structured,2048,19,resident_seed_batch,fixed_1,256,152,152,48,151,104,3890.565411467471,638.4362485311952,3256.9318711843152,0.0,7785.933531182976,30.4138028561835,32.879808050596594,6.22920342721045e-05,0,152,0,0,0,0
tune-structured-2048,tune,structured,2048,19,resident_seed_batch,fixed_2,256,117,117,56,232,139,2991.5717576108987,608.4863186886274,2662.0776603434947,40.99228673449502,6303.128023377514,24.621593841318415,40.61475493604572,4.820898175239563e-05,0,0,117,0,0,0
tune-structured-2048,tune,structured,2048,19,resident_seed_batch,fixed_3,256,100,100,59,300,156,0.0,620.3724354702417,4021.8783970614036,142.57410359749608,4784.824936129143,18.690722406754464,53.50247990621376,4.11659711971879e-05,0,0,0,100,0,0
tune-structured-2048,tune,structured,2048,19,resident_seed_batch,fixed_4,256,96,96,68,383,160,0.0,691.9497483010841,4149.613382487959,165.07266243351157,5006.635793222555,19.557171067275604,51.13213953899848,3.9000005926936865e-05,0,0,0,1,95,0
tune-structured-2048,tune,structured,2048,19,resident_seed_batch,fixed_5,256,87,87,64,428,169,21.89160206623782,714.6091371423947,3980.1291932895724,152.8542305489652,4869.484163047172,19.021422511903015,52.572303642076776,3.458303399384022e-05,0,0,0,1,0,86
tune-structured-2048,tune,structured,2048,19,resident_seed_batch,candidate,256,158,48,20,145,98,3018.3062995051323,295.6501966906463,1742.9355320544269,35.0619305918244,5091.953958842032,19.890445151726688,50.2753956672101,0.00015770900063216686,110,2,5,35,2,4
tune-code-256,tune,code,256,0,separate_seed,ordinary,256,256,0,0,0,0,5200.584414076657,0.0,0.0,0.0,5200.584414076657,20.31478286748694,49.22523693819357,0.000203833042178303,256,0,0,0,0,0
tune-code-256,tune,code,256,0,separate_seed,default,256,70,61,38,305,186,1433.2051913156686,423.82287802759697,1412.2777685084789,61.997411394494264,3331.303249246238,13.012903317368117,76.84680164074652,0.00012024998432025313,9,0,0,0,0,61
tune-code-256,tune,code,256,0,separate_seed,existing_cost_gate,256,70,61,38,305,186,1433.2051913156686,423.82287802759697,1412.2777685084789,61.997411394494264,3331.303249246238,13.012903317368117,76.84680164074652,0.00012804201105609536,9,0,0,0,0,61
tune-code-256,tune,code,256,0,separate_seed,fixed_1,256,136,136,16,134,120,2773.896646505062,449.3258749079491,2269.107233130443,0.0,5492.329754543453,21.454413103685365,46.61045702658832,0.00011812499724328518,0,136,0,0,0,0
tune-code-256,tune,code,256,0,separate_seed,fixed_2,256,98,98,24,195,158,2026.0654235651182,416.6751903041658,1775.9611190252622,22.15329311043256,4240.855026004979,16.56583994533195,60.3651854237423,8.849997539073229e-05,0,1,97,0,0,0
tune-code-256,tune,code,256,0,separate_seed,fixed_3,256,76,76,23,223,180,1567.300314737386,390.46722185159643,1542.8026000219959,30.330764742465387,3530.9009013534437,13.79258164591189,72.50274282743864,6.629200652241707e-05,0,1,0,75,0,0
tune-code-256,tune,code,256,0,separate_seed,fixed_4,256,73,73,39,280,183,1479.9433077623107,432.1451985463071,1436.3103133365041,51.650684312980616,3400.049503958103,13.28144337483634,75.29302138159532,6.587500683963299e-05,0,1,0,1,71,0
tune-code-256,tune,code,256,0,separate_seed,fixed_5,256,65,65,41,319,191,1335.8049021885154,446.60601398940844,1483.4127276593422,66.1427647048645,3331.96640854213,13.015493783367695,76.83150686744479,6.212503649294376e-05,0,1,0,1,0,63
tune-code-256,tune,code,256,0,separate_seed,candidate,256,79,67,23,231,177,1614.3139864977313,371.71800647559087,1399.1889362838626,31.263593420381508,3416.484522677566,13.345642666709242,74.93082386317026,0.0001253330265171826,12,3,5,35,7,17
tune-code-256,tune,code,256,1,separate_seed,ordinary,256,256,0,0,0,0,5216.562232860747,0.0,0.0,0.0,5216.562232860747,20.377196222112293,49.07446486258257,8.599995635449886e-05,256,0,0,0,0,0
tune-code-256,tune,code,256,1,separate_seed,default,256,67,59,35,290,189,1373.1300384450274,410.09336931897764,1362.0539172235128,56.5601067265732,3201.83743171409,12.507177467633165,79.9540905682246,8.558295667171478e-05,8,0,0,0,0,59
tune-code-256,tune,code,256,1,separate_seed,existing_cost_gate,256,67,59,35,290,189,1373.1300384450274,410.09336931897764,1362.0539172235128,56.5601067265732,3201.83743171409,12.507177467633165,79.9540905682246,9.470805525779724e-05,8,0,0,0,0,59
tune-code-256,tune,code,256,1,separate_seed,fixed_1,256,134,134,12,132,122,2729.1618859783093,442.0754691361355,2303.0589701154126,0.0,5474.296325229858,21.383970020429132,46.76400121421102,5.487498128786683e-05,0,134,0,0,0,0
tune-code-256,tune,code,256,1,separate_seed,fixed_2,256,99,99,27,193,157,2029.746867371298,417.5524621222215,1784.2827361707373,28.722090519834353,4260.304156184089,16.6418131100941,60.089606425963865,4.120898665860295e-05,0,1,98,0,0,0
tune-code-256,tune,code,256,1,separate_seed,fixed_3,256,77,77,25,223,179,1571.4375619170326,391.46188305863654,1546.4826627207783,34.50454718399805,3543.8866548804453,13.84330724562674,72.2370732843419,3.1957984901964664e-05,0,1,0,76,0,0
tune-code-256,tune,code,256,1,separate_seed,fixed_4,256,64,64,29,252,192,1304.9038806033452,380.61151253450686,1446.688655445565,49.385881679658475,3181.589930263076,12.42808566509014,80.46291496114716,2.62079993262887e-05,0,1,0,1,62,0
tune-code-256,tune,code,256,1,separate_seed,fixed_5,256,64,64,39,308,192,1309.2615101185113,437.00308439310896,1453.6954312367568,62.48854819172708,3262.448573940103,12.743939741953527,78.46866983433408,2.554204547777772e-05,0,1,0,1,1,61
tune-code-256,tune,code,256,1,separate_seed,candidate,256,76,64,27,239,180,1558.7410361151988,371.8118284757371,1419.5762824620913,43.77699203322114,3393.9061390862475,13.257445855805654,75.42931050795757,7.983302930369973e-05,12,3,6,2,47,6
tune-code-256,tune,code,256,2,separate_seed,ordinary,256,256,0,0,0,0,5241.747930662466,0.0,0.0,0.0,5241.747930662466,20.47557785415026,48.83867049433757,8.937501115724444e-05,256,0,0,0,0,0
tune-code-256,tune,code,256,2,separate_seed,default,256,88,56,35,250,168,1804.0126826406415,387.28927601405474,1194.9186905216404,50.01870652146141,3436.239355697798,13.422809983194524,74.50004889080668,0.00011254200944676995,32,0,0,0,0,56
tune-code-256,tune,code,256,2,separate_seed,existing_cost_gate,256,74,56,30,270,182,1519.6883304566488,389.5942221463067,1280.5039920398747,46.44768738627353,3236.234232029104,12.641539968863688,79.10428653969498,9.708304423838854e-05,18,0,0,0,0,56
tune-code-256,tune,code,256,2,separate_seed,fixed_1,256,137,136,17,132,119,2759.821348515151,444.07651611025375,2213.359536125695,0.0,5417.257400751099,21.161161721683982,47.256384746367374,5.933298962190747e-05,1,136,0,0,0,0
tune-code-256,tune,code,256,2,separate_seed,fixed_2,256,99,98,26,186,157,2003.9279671850873,409.2871885104632,1738.4687183083017,27.029245881411303,4178.713119885265,16.323098124551816,61.26287989997959,4.3417036067694426e-05,1,0,98,0,0,0
tune-code-256,tune,code,256,2,separate_seed,fixed_3,256,78,78,27,220,178,1580.8522130597,393.9774120517028,1528.0753504651514,36.49011648666773,3539.3950920632224,13.825762078371962,72.32874356809081,3.583403304219246e-05,0,1,0,77,0,0
tune-code-256,tune,code,256,2,separate_seed,fixed_4,256,68,67,32,262,188,1391.7651662059627,402.6109734004891,1499.6326874895976,54.9014466062123,3348.910273702261,13.081680756649456,76.44277662804889,3.004202153533697e-05,1,0,1,0,66,0
tune-code-256,tune,code,256,2,separate_seed,fixed_5,256,61,60,33,287,195,1245.5402715475857,413.0311970748856,1374.912210419853,52.17939614674413,3085.6630751890675,12.053371387457295,82.96433983944088,2.420798409730196e-05,1,0,1,0,0,59
tune-code-256,tune,code,256,2,separate_seed,candidate,256,93,81,36,227,163,1902.784946043947,417.2719550191063,1495.0899776628737,44.184232622818804,3859.331111348747,15.075512153706043,66.33273813879471,9.683397365733981e-05,12,3,31,26,2,19
tune-code-256,tune,code,256,3,separate_seed,ordinary,256,256,0,0,0,0,5226.134542820738,0.0,0.0,0.0,5226.134542820738,20.414588057893507,48.98457892778002,0.00014533300418406725,256,0,0,0,0,0
tune-code-256,tune,code,256,3,separate_seed,default,256,69,59,35,290,187,1403.3881175751903,406.2838225969158,1303.0056372036004,52.67756305846028,3165.355140434167,12.364668517320965,80.87560120185645,9.520800085738301e-05,10,0,0,0,0,59
tune-code-256,tune,code,256,3,separate_seed,existing_cost_gate,256,69,59,35,290,187,1403.3881175751903,406.2838225969158,1303.0056372036004,52.67756305846028,3165.355140434167,12.364668517320965,80.87560120185645,8.620804874226451e-05,10,0,0,0,0,59
tune-code-256,tune,code,256,3,separate_seed,fixed_1,256,133,133,10,130,123,2710.8828619726937,439.15221424322124,2325.1122122784154,0.0,5475.147288494328,21.387294095680968,46.75673301756971,5.299999611452222e-05,0,133,0,0,0,0
tune-code-256,tune,code,256,3,separate_seed,fixed_2,256,97,97,25,192,159,1985.080785190642,409.27133579191633,1807.7245155631142,29.5386895993523,4231.615326145026,16.52974736775401,60.49699234670612,3.812502836808562e-05,0,0,97,0,0,0
tune-code-256,tune,code,256,3,separate_seed,fixed_3,256,78,78,27,223,178,1600.7804793716527,399.19545877653195,1531.908083993137,33.814594699738905,3565.6986168410635,13.928510222035404,71.79518728556943,3.341701813042164e-05,0,1,0,77,0,0
tune-code-256,tune,code,256,3,separate_seed,fixed_4,256,66,66,30,263,190,1342.1068783265816,394.45125329212414,1498.1867151890788,50.77137783357246,3285.5162246413574,12.834047752505302,77.91774031733617,2.8375012334436178e-05,0,0,0,1,65,0
tune-code-256,tune,code,256,3,separate_seed,fixed_5,256,63,63,39,306,193,1274.873788561099,428.3206116638204,1421.2666126299155,62.59175351746902,3187.052766372304,12.449424868641813,80.3249957770215,2.4499953724443913e-05,0,0,1,0,1,61
tune-code-256,tune,code,256,3,separate_seed,candidate,256,88,76,36,257,168,1801.8902504466748,421.39139446289397,1567.2340357634387,53.87070892384823,3844.3863895968575,15.017134334362725,66.59060095851747,9.14999982342124e-05,12,3,4,31,33,5
tune-code-256,tune,code,256,4,separate_seed,ordinary,256,256,0,0,0,0,5237.355885363616,0.0,0.0,0.0,5237.355885363616,20.458421427201625,48.879626590856844,9.354099165648222e-05,256,0,0,0,0,0
tune-code-256,tune,code,256,4,separate_seed,default,256,64,56,27,275,192,1332.3720964658282,393.39648642258936,1307.0626936682497,41.42039298169803,3074.251669538365,12.008795584134239,83.27229762501565,8.525000885128975e-05,8,0,0,0,0,56
tune-code-256,tune,code,256,4,separate_seed,existing_cost_gate,256,64,56,27,275,192,1332.3720964658282,393.39648642258936,1307.0626936682497,41.42039298169803,3074.251669538365,12.008795584134239,83.27229762501565,8.812500163912773e-05,8,0,0,0,0,56
tune-code-256,tune,code,256,4,separate_seed,fixed_1,256,136,135,15,131,120,2809.2643114139637,451.63014821387236,2297.043005964299,0.0,5557.937465592135,21.710693224969276,46.060251952245764,5.766702815890312e-05,1,135,0,0,0,0
tune-code-256,tune,code,256,4,separate_seed,fixed_2,256,100,99,27,194,156,2038.3004269559733,415.97886364360187,1744.2324789583854,23.434923920250053,4221.94669347821,16.49197927139926,60.63553582887539,4.2249972466379404e-05,1,0,99,0,0,0
tune-code-256,tune,code,256,4,separate_seed,fixed_3,256,78,78,28,227,178,1611.3612675613851,402.37460325196844,1569.9413366578779,38.83966527725131,3622.516872748483,14.150456534173761,70.66909803121695,3.366696182638407e-05,0,0,1,77,0,0
tune-code-256,tune,code,256,4,separate_seed,fixed_4,256,67,67,30,261,189,1373.3314878064018,401.6615581425865,1471.0687120367222,46.48726590549486,3292.5490238912053,12.86151962457502,77.75131004654068,2.8458016458898783e-05,0,1,0,0,66,0
tune-code-256,tune,code,256,4,separate_seed,fixed_5,256,59,59,29,289,197,1220.6721978158375,412.2263507986686,1356.7618344507046,43.39992584186531,3033.0603089070755,11.847891831668264,84.40320136339338,2.370803849771619e-05,0,0,0,0,1,58
tune-code-256,tune,code,256,4,separate_seed,candidate,256,74,64,27,249,182,1527.5162938574867,391.9332378972667,1394.2279214617386,38.53234504641954,3352.2097982629125,13.094569524464502,76.3675352696174,7.97079992480576e-05,10,3,2,5,35,19
tune-code-256,tune,code,256,5,separate_seed,ordinary,256,256,0,0,0,0,5206.862621801276,0.0,0.0,0.0,5206.862621801276,20.339307116411234,49.16588329565697,8.829199941828847e-05,256,0,0,0,0,0
tune-code-256,tune,code,256,5,separate_seed,default,256,70,66,45,330,186,1421.3164278545057,456.47443995031745,1483.651174570972,72.76548656557301,3434.207528941369,13.414873159927224,74.54412636469722,9.512499673292041e-05,4,0,0,0,0,66
tune-code-256,tune,code,256,5,separate_seed,existing_cost_gate,256,70,66,45,330,186,1421.3164278545057,456.47443995031745,1483.651174570972,72.76548656557301,3434.207528941369,13.414873159927224,74.54412636469722,9.533402044326067e-05,4,0,0,0,0,66
tune-code-256,tune,code,256,5,separate_seed,fixed_1,256,136,136,16,135,120,2766.5321848210747,448.1122667511028,2263.31319132238,0.0,5477.957642894552,21.398272042556844,46.73274542968712,5.570799112319946e-05,0,136,0,0,0,0
tune-code-256,tune,code,256,5,separate_seed,fixed_2,256,99,99,31,195,157,2024.130096025679,416.4776047166605,1866.0677411845131,45.49900956132771,4352.174451488181,17.000681451125708,58.821171543908,4.1041988879442215e-05,0,1,98,0,0,0
tune-code-256,tune,code,256,5,separate_seed,fixed_3,256,80,80,29,238,176,1642.8442705782672,409.47998836674935,1624.8405344536498,42.49528630425345,3719.66007970292,14.529922186339531,68.82349314576241,3.254198236390948e-05,0,1,0,79,0,0
tune-code-256,tune,code,256,5,separate_seed,fixed_4,256,69,69,33,269,187,1400.9687577177658,410.1410876558876,1515.6724701440985,53.65459252811166,3380.436908045863,13.204831672054153,75.72985592208153,2.8542010113596916e-05,0,1,0,0,68,0
tune-code-256,tune,code,256,5,separate_seed,fixed_5,256,68,68,46,334,188,1385.6874961439673,464.06592729136435,1523.0341581130115,74.43089921144214,3447.218480759786,13.465697190467914,74.2627719794471,2.666597720235586e-05,0,1,0,1,0,66
tune-code-256,tune,code,256,5,separate_seed,candidate,256,82,71,28,245,174,1678.8170536802625,393.010921439981,1464.7617152165021,40.420115056826575,3577.0098053935717,13.97269455231864,71.5681571836879,8.458399679511786e-05,11,3,4,40,6,18
tune-code-256,tune,code,256,6,separate_seed,ordinary,256,256,0,0,0,0,5215.481467142705,0.0,0.0,0.0,5215.481467142705,20.37297448102619,49.08463420161462,0.00010995904449373484,256,0,0,0,0,0
tune-code-256,tune,code,256,6,separate_seed,default,256,74,56,29,265,182,1514.4458016806918,389.2989151530164,1281.5916082222873,43.612013157481776,3228.9483382134786,12.6130794461464,79.28277977393729,9.970797691494226e-05,18,0,0,0,0,56
tune-code-256,tune,code,256,6,separate_seed,existing_cost_gate,256,74,56,29,265,182,1514.4458016806918,389.2989151530164,1281.5916082222873,43.612013157481776,3228.9483382134786,12.6130794461464,79.28277977393729,0.00010200001997873187,18,0,0,0,0,56
tune-code-256,tune,code,256,6,separate_seed,fixed_1,256,136,136,16,133,120,2749.867111005811,445.357810049803,2252.653027139586,0.0,5447.877948195198,21.28077323513749,46.990773735085064,6.141600897535682e-05,0,136,0,0,0,0
tune-code-256,tune,code,256,6,separate_seed,fixed_2,256,97,97,23,187,159,1991.5995045966395,409.7313109374021,1799.4065145582917,23.85067142748278,4224.5880015198145,16.502296880936775,60.59762511939693,4.2208004742860794e-05,0,1,96,0,0,0
tune-code-256,tune,code,256,6,separate_seed,fixed_3,256,76,76,21,223,180,1552.5398336364906,386.6460797996292,1578.426626835349,29.71662450536993,3547.329164776839,13.856754549909528,72.16697072883701,3.529200330376625e-05,0,1,0,75,0,0
tune-code-256,tune,code,256,6,separate_seed,fixed_4,256,68,67,30,254,188,1394.0582109888028,403.14037855926074,1467.7835041989897,46.732030734069774,3311.7141244811232,12.936383298754388,77.30135826265193,2.9291026294231415e-05,1,0,1,0,66,0
tune-code-256,tune,code,256,6,separate_seed,fixed_5,256,62,62,33,289,194,1274.6852607281405,426.0538472234065,1433.8111357996,50.97888036712938,3185.5291241182767,12.443473141087019,80.36341531514276,2.3833999875932932e-05,0,1,0,1,0,60
tune-code-256,tune,code,256,6,separate_seed,candidate,256,76,64,26,243,180,1560.0291211699437,383.08618732295724,1399.7930934546027,40.63309125156647,3383.541493199071,13.21695895780887,75.66036961998569,8.679198799654841e-05,12,3,5,4,33,19
tune-code-256,tune,code,256,7,separate_seed,ordinary,256,256,0,0,0,0,5223.002177980535,0.0,0.0,0.0,5223.002177980535,20.402352257736464,49.01395620305523,9.787501767277718e-05,256,0,0,0,0,0
tune-code-256,tune,code,256,7,separate_seed,default,256,67,59,33,290,189,1358.8112982285088,407.43922798994356,1401.9115108799294,55.71573995590457,3223.877777054286,12.593272566618305,79.40747686592253,8.862500544637442e-05,8,0,0,0,0,59
tune-code-256,tune,code,256,7,separate_seed,existing_cost_gate,256,67,59,33,290,189,1358.8112982285088,407.43922798994356,1401.9115108799294,55.71573995590457,3223.877777054286,12.593272566618305,79.40747686592253,9.037501877173781e-05,8,0,0,0,0,59
tune-code-256,tune,code,256,7,separate_seed,fixed_1,256,136,136,16,135,120,2770.6351859026104,448.93688994853693,2272.5673099826954,0.0,5492.139385833839,21.453669475913433,46.61207263972836,5.641597090288997e-05,0,136,0,0,0,0
tune-code-256,tune,code,256,7,separate_seed,fixed_2,256,99,99,31,194,157,2031.253985439676,418.80016873545304,1865.8998059624194,41.41018309229619,4357.3641432298455,17.020953684491584,58.75111456951656,4.1041988879442215e-05,0,0,99,0,0,0
tune-code-256,tune,code,256,7,separate_seed,fixed_3,256,83,83,41,244,173,1692.9432072116217,422.26962787335185,1653.720897434462,63.43001035871775,3832.363742878153,14.970170870617785,66.79950473796644,3.400002606213093e-05,0,1,0,82,0,0
tune-code-256,tune,code,256,7,separate_seed,fixed_4,256,72,72,39,269,184,1457.023501176344,426.5569804901031,1443.262385816442,52.67626833694634,3379.5191358198354,13.201246624296232,75.75042179422285,2.9707967769354582e-05,0,1,0,0,71,0
tune-code-256,tune,code,256,7,separate_seed,fixed_5,256,62,62,33,301,194,1256.2133393003455,422.50070059639427,1438.9831487757178,53.25527538464626,3170.9524640571035,12.38653306272306,80.73284065332803,2.4874985683709383e-05,0,1,0,0,0,61
tune-code-256,tune,code,256,7,separate_seed,candidate,256,83,71,41,282,173,1661.2857326244414,424.32964202361086,1471.675732119642,61.49324146360295,3618.784348231296,14.1358763602785,70.74198829369914,0.0001082909875549376,12,2,2,26,2,39
tune-code-256,tune,code,256,8,separate_seed,ordinary,256,256,0,0,0,0,5193.573946878118,0.0,0.0,0.0,5193.573946878118,20.287398229992647,49.29168287935572,8.616701234132051e-05,256,0,0,0,0,0
tune-code-256,tune,code,256,8,separate_seed,default,256,69,57,34,280,187,1397.6625454970872,386.3111907581253,1324.1579002721453,57.43484275821846,3165.566479285577,12.365494059709285,80.87020180279883,8.45409813337028e-05,12,0,0,0,0,57
tune-code-256,tune,code,256,8,separate_seed,existing_cost_gate,256,69,57,34,280,187,1397.6625454970872,386.3111907581253,1324.1579002721453,57.43484275821846,3165.566479285577,12.365494059709285,80.87020180279883,8.575001265853643e-05,12,0,0,0,0,57
tune-code-256,tune,code,256,8,separate_seed,fixed_1,256,137,136,17,134,119,2779.668315857717,446.98057440002896,2227.712936488196,0.0,5454.361826745943,21.30610088572634,46.93491340172584,6.133399438112974e-05,1,136,0,0,0,0
tune-code-256,tune,code,256,8,separate_seed,fixed_2,256,95,95,19,190,161,1928.7580063594876,397.55014151306904,1743.7686613952972,17.316945031106307,4087.3937542989584,15.966381852730306,62.63159739155284,4.1624996811151505e-05,0,0,95,0,0,0
tune-code-256,tune,code,256,8,separate_seed,fixed_3,256,83,83,35,242,173,1681.6423730286342,419.86129263460083,1505.6163888539024,39.094494614007424,3646.2145491311453,14.243025582543536,70.20980157654247,3.5624951124191284e-05,0,0,1,82,0,0
tune-code-256,tune,code,256,8,separate_seed,fixed_4,256,69,69,33,266,187,1379.1325745440208,403.121838333922,1412.5846549546425,47.42005127207835,3242.2591191046645,12.665074684002596,78.95729199789969,2.920802216976881e-05,0,0,1,1,67,0
tune-code-256,tune,code,256,8,separate_seed,fixed_5,256,59,59,31,287,197,1187.1655201831402,399.1974846274624,1349.1895088690196,49.72905717401428,2985.281570853636,11.661256136147015,85.75405499414826,2.31250305660069e-05,0,0,1,0,0,58
tune-code-256,tune,code,256,8,separate_seed,candidate,256,81,70,25,243,175,1642.1477539645568,383.3935215551295,1421.7560399815925,33.4904441062216,3480.787759607501,13.5968271859668,73.54656982270788,8.754100417718291e-05,11,3,11,9,44,3
tune-code-256,tune,code,256,9,separate_seed,ordinary,256,256,0,0,0,0,5177.997810008558,0.0,0.0,0.0,5177.997810008558,20.22655394534593,49.439959110291106,8.658302249386907e-05,256,0,0,0,0,0
tune-code-256,tune,code,256,9,separate_seed,default,256,68,60,36,300,188,1397.8863107296945,416.5093549116018,1416.8840335248278,59.868914236346136,3291.1486134024717,12.856049271103405,77.78439386100551,8.633302059024572e-05,8,0,0,0,0,60
tune-code-256,tune,code,256,9,separate_seed,existing_cost_gate,256,68,60,36,300,188,1397.8863107296945,416.5093549116018,1416.8840335248278,59.868914236346136,3291.1486134024717,12.856049271103405,77.78439386100551,9.674998000264168e-05,8,0,0,0,0,60
tune-code-256,tune,code,256,9,separate_seed,fixed_1,256,135,134,13,133,121,2741.11081113409,440.4920500692428,2281.0454806307,0.0,5462.64834183403,21.33847008528918,46.86371590854602,6.0999998822808266e-05,1,134,0,0,0,0
tune-code-256,tune,code,256,9,separate_seed,fixed_2,256,99,99,29,194,157,2023.686384160268,417.1654113888202,1803.7449061983186,35.39429188923387,4279.99099363664,16.718714818893126,59.81320997651934,4.0583021473139524e-05,0,0,99,0,0,0
tune-code-256,tune,code,256,9,separate_seed,fixed_3,256,81,81,32,233,175,1644.9840689430866,410.7473579702381,1573.7360066890033,42.253937040082,3671.7213706424095,14.342661604071912,69.72206607148131,3.3208983950316906e-05,0,0,1,80,0,0
tune-code-256,tune,code,256,9,separate_seed,fixed_4,256,67,67,28,262,189,1338.606189540535,391.613584695025,1359.1134703678085,35.8423621252563,3125.1756067286256,12.207717213783694,81.91539683364415,2.7875008527189493e-05,0,0,1,1,65,0
tune-code-256,tune,code,256,9,separate_seed,fixed_5,256,63,63,37,307,193,1294.3796824850353,433.84966888587564,1469.4102319055871,60.21704463869112,3257.8566279151896,12.72600245279371,78.57927135480571,2.458400558680296e-05,0,0,1,1,0,61
tune-code-256,tune,code,256,9,separate_seed,candidate,256,75,63,30,270,181,1536.7342781001848,394.1549950817089,1331.4361502861568,41.594941598684024,3303.9203650667355,12.905938926041935,77.48370775117913,7.720896974205971e-05,12,3,2,2,23,33
tune-code-256,tune,code,256,10,separate_seed,ordinary,256,256,0,0,0,0,5212.4965965424335,0.0,0.0,0.0,5212.4965965424335,20.36131483024388,49.112741899881634,9.879202116280794e-05,256,0,0,0,0,0
tune-code-256,tune,code,256,10,separate_seed,default,256,73,58,34,285,183,1479.1166300146897,398.5037024508189,1291.7481135553253,52.00903340569502,3221.3774794265296,12.583505779009881,79.46910960759966,8.824997348710895e-05,15,0,0,0,0,58
tune-code-256,tune,code,256,10,separate_seed,existing_cost_gate,256,78,58,35,280,178,1584.9686712966788,398.759146583669,1264.9784726067792,52.00903340569502,3300.7153238928227,12.893419233956338,77.55894552520112,9.483296889811754e-05,20,0,0,0,0,58
tune-code-256,tune,code,256,10,separate_seed,fixed_1,256,138,138,20,132,118,2807.892651220483,454.84289677149246,2226.670445909105,0.0,5489.405993901082,21.442992163676102,46.63528263065708,5.3458032198250294e-05,0,138,0,0,0,0
tune-code-256,tune,code,256,10,separate_seed,fixed_2,256,103,102,35,194,153,2099.5625384603804,428.4788324228396,1778.6405438038903,38.253862137940764,4344.935776825049,16.97240537822285,58.91916777353737,4.0624989196658134e-05,1,0,102,0,0,0
tune-code-256,tune,code,256,10,separate_seed,fixed_3,256,75,74,21,219,181,1506.3580483930682,371.9019813540384,1475.6278324538468,27.480817070150525,3381.3686792711046,13.208471403402752,75.70898777449608,2.9500050004571676e-05,1,0,0,74,0,0
tune-code-256,tune,code,256,10,separate_seed,fixed_4,256,71,71,34,266,185,1453.3435973119456,425.9284227047532,1386.3515343032077,39.990502919748025,3305.614057239656,12.912554911092407,77.44400754810805,2.879201201722026e-05,0,0,1,0,70,0
tune-code-256,tune,code,256,10,separate_seed,fixed_5,256,62,62,36,301,194,1263.7663399851006,423.9866319831137,1369.9511718744384,54.33351273037686,3112.0376565730303,12.1563970959884,82.26121539991476,2.3999949917197227e-05,0,1,0,0,0,61
tune-code-256,tune,code,256,10,separate_seed,candidate,256,98,79,35,226,158,2009.3631031641187,409.49027333765935,1470.4163093174045,41.65204978391435,3930.9217356030986,15.355163029699604,65.12467487748732,9.63329803198576e-05,19,3,31,24,2,19
tune-code-256,tune,code,256,11,separate_seed,ordinary,256,256,0,0,0,0,5149.687997217083,0.0,0.0,0.0,5149.687997217083,20.11596873912923,49.711749554214485,0.00014537497190758586,256,0,0,0,0,0
tune-code-256,tune,code,256,11,separate_seed,default,256,79,69,51,345,177,1586.1552795956432,466.28358469693046,1470.2029370303158,79.13524483537971,3601.777046158268,14.069441586555735,71.07602628348555,0.00012345798313617706,10,0,0,0,0,69
tune-code-256,tune,code,256,11,separate_seed,existing_cost_gate,256,80,65,46,325,176,1610.8766903591236,438.45727543292213,1391.565590690265,71.13028721834284,3512.0298437006527,13.718866576955675,72.89231908412567,0.00010841700714081526,15,0,0,0,0,65
tune-code-256,tune,code,256,11,separate_seed,fixed_1,256,136,136,16,134,120,2737.3355096338637,443.3468860514835,2244.2977468130143,0.0,5424.980142498363,21.191328681634232,47.18911282172997,5.820801015943289e-05,0,136,0,0,0,0
tune-code-256,tune,code,256,11,separate_seed,fixed_2,256,98,97,25,192,158,1967.5113282727489,400.3539284157078,1752.797513079916,27.099489696615258,4147.762259464987,16.202196326035107,61.720027326981125,3.966700751334429e-05,1,0,97,0,0,0
tune-code-256,tune,code,256,11,separate_seed,fixed_3,256,82,81,35,243,174,1650.9259463177673,407.1097177693419,1556.312215995254,47.077950282888466,3661.4258303652514,14.302444649864263,69.91811711080388,3.200001083314419e-05,1,0,0,81,0,0
tune-code-256,tune,code,256,11,separate_seed,fixed_4,256,71,71,42,274,185,1425.4265168210368,418.6459209390145,1505.910678136615,67.58031954169081,3417.5634354383583,13.349857169681087,74.90716846552516,2.8999987989664078e-05,0,0,1,0,70,0
tune-code-256,tune,code,256,11,separate_seed,fixed_5,256,68,68,46,340,188,1357.1389374324335,459.72678188498475,1474.6186136708127,70.88197456789088,3362.3663075561212,13.134243388891099,76.13685618509223,2.5040993932634592e-05,0,0,0,0,0,68
tune-code-256,tune,code,256,11,separate_seed,candidate,256,86,75,39,253,170,1759.4125218575318,409.9805256473321,1481.8372343245057,55.638222209906516,3706.868504039277,14.479955093903426,69.06098765603461,8.395896293222904e-05,11,3,15,6,49,2
tune-code-256,tune,code,256,12,separate_seed,ordinary,256,256,0,0,0,0,5233.8863066396,0.0,0.0,0.0,5233.8863066396,20.444868385310937,48.91202922678005,9.587500244379044e-05,256,0,0,0,0,0
tune-code-256,tune,code,256,12,separate_seed,default,256,73,60,37,285,183,1493.1502757572098,415.1309961609337,1300.6613956559506,53.32270119932174,3262.2653687734146,12.74322409677115,78.4730765468825,0.00010145799024030566,13,0,0,0,0,60
tune-code-256,tune,code,256,12,separate_seed,existing_cost_gate,256,73,60,37,285,183,1493.1502757572098,415.1309961609337,1300.6613956559506,53.32270119932174,3262.2653687734146,12.74322409677115,78.4730765468825,9.512499673292041e-05,13,0,0,0,0,60
tune-code-256,tune,code,256,12,separate_seed,fixed_1,256,138,138,20,134,118,2836.3301979712724,459.5020953782492,2252.3365094402075,0.0,5548.168802789727,21.67253438589737,46.14135025438992,5.58749889023602e-05,0,138,0,0,0,0
tune-code-256,tune,code,256,12,separate_seed,fixed_2,256,100,99,29,194,156,2050.7930804797043,418.93249983836756,1790.619394729214,32.85910209429665,4293.204077141584,16.770328426334313,59.629124402221485,4.04169550165534e-05,1,0,99,0,0,0
tune-code-256,tune,code,256,12,separate_seed,fixed_3,256,85,85,39,247,171,1751.8501587928565,436.6766801889769,1565.3892779191324,47.61713567802039,3801.5332525789836,14.849739267886655,67.34124969874406,3.329198807477951e-05,0,1,0,84,0,0
tune-code-256,tune,code,256,12,separate_seed,fixed_4,256,71,71,41,274,185,1457.4755829683288,427.6735604837656,1473.6691119709349,62.371657225802544,3421.189912648832,13.3640230962845,74.82776651875307,2.8292008209973574e-05,0,0,1,0,70,0
tune-code-256,tune,code,256,12,separate_seed,fixed_5,256,63,63,39,298,193,1290.688112960074,435.6892817041397,1379.853277670694,57.94727756996218,3164.1779499048703,12.3600701168159,80.90568989891878,2.358399797230959e-05,0,0,0,1,0,62
tune-code-256,tune,code,256,12,separate_seed,candidate,256,78,66,38,271,178,1600.0092997279248,410.65577048059527,1386.3151353611433,55.96255620546374,3452.942761775126,13.488057663184087,74.13965931725805,8.187501225620508e-05,12,3,2,2,29,30
tune-code-256,tune,code,256,13,separate_seed,ordinary,256,256,0,0,0,0,5173.95849450942,0.0,0.0,0.0,5173.95849450942,20.210775369177423,49.47855694468094,8.550001075491309e-05,256,0,0,0,0,0
tune-code-256,tune,code,256,13,separate_seed,default,256,70,60,33,295,186,1427.7074226439452,416.1268733065156,1345.0138306988617,49.6950336072188,3238.543160256541,12.650559219752113,79.04788892167211,8.587498450651765e-05,10,0,0,0,0,60
tune-code-256,tune,code,256,13,separate_seed,existing_cost_gate,256,70,60,33,295,186,1427.7074226439452,416.1268733065156,1345.0138306988617,49.6950336072188,3238.543160256541,12.650559219752113,79.04788892167211,8.812500163912773e-05,10,0,0,0,0,60
tune-code-256,tune,code,256,13,separate_seed,fixed_1,256,135,135,14,132,121,2723.632076391787,441.2707717088034,2252.8313897717917,0.0,5417.734237872377,21.163024366688973,47.252225517162856,5.4374977480620146e-05,0,135,0,0,0,0
tune-code-256,tune,code,256,13,separate_seed,fixed_2,256,99,99,27,195,157,1996.214079178427,410.80560240169694,1762.670283618493,27.932096181677878,4197.622061380295,16.39696117726678,60.98691026886305,3.8707978092134e-05,0,1,98,0,0,0
tune-code-256,tune,code,256,13,separate_seed,fixed_3,256,83,83,35,237,173,1692.2209167622511,423.8507013317154,1590.1263392537319,47.354389994576074,3753.552347342273,14.662313856805754,68.20205935885308,3.1916017178446054e-05,0,0,0,83,0,0
tune-code-256,tune,code,256,13,separate_seed,fixed_4,256,67,67,29,266,189,1381.5144731139328,405.5561925825314,1479.6562177069322,45.7362669201178,3312.463150323516,12.939309180951234,77.28387860707143,2.624996704980731e-05,0,0,1,0,66,0
tune-code-256,tune,code,256,13,separate_seed,fixed_5,256,63,63,35,306,193,1285.9371172657188,432.87646283383106,1414.993934871474,53.6881236258767,3187.4956385969,12.45115483826914,80.31383538227784,2.3083004634827375e-05,0,1,0,0,0,62
tune-code-256,tune,code,256,13,separate_seed,candidate,256,73,63,30,273,183,1465.0337426344875,395.1110583656077,1377.0472910359986,48.490659492775706,3285.6827515288683,12.834698248159642,77.91379124502512,7.083301898092031e-05,10,3,3,4,9,44
tune-code-256,tune,code,256,14,separate_seed,ordinary,256,256,0,0,0,0,5254.60037959331,0.0,0.0,0.0,5254.60037959331,20.525782732786368,48.71921392808441,0.00011208298383280635,256,0,0,0,0,0
tune-code-256,tune,code,256,14,separate_seed,default,256,64,56,31,275,192,1317.2621355969154,388.7815688306765,1383.7593918635946,56.50097296445374,3146.3040692556406,12.290250270529846,81.36530810913169,0.00010304100578650832,8,0,0,0,0,56
tune-code-256,tune,code,256,14,separate_seed,existing_cost_gate,256,64,56,31,275,192,1317.2621355969154,388.7815688306765,1383.7593918635946,56.50097296445374,3146.3040692556406,12.290250270529846,81.36530810913169,8.587504271417856e-05,8,0,0,0,0,56
tune-code-256,tune,code,256,14,separate_seed,fixed_1,256,139,139,22,132,117,2852.3067550466712,461.96271162197576,2233.9814216367126,0.0,5548.250888305359,21.672855032442808,46.1406676002339,5.625002086162567e-05,0,139,0,0,0,0
tune-code-256,tune,code,256,14,separate_seed,fixed_2,256,101,100,31,190,155,2059.0347172884035,420.19025872222414,1781.9669756296246,33.518109241140415,4294.710060881393,16.77621117531794,59.60821484360268,4.0000013541430235e-05,1,0,100,0,0,0
tune-code-256,tune,code,256,14,separate_seed,fixed_3,256,85,85,38,237,171,1736.426154725994,434.741549918317,1512.2385028423812,40.60179061185478,3724.0079980985474,14.546906242572451,68.74313914758288,6.079103332012892e-05,0,0,0,85,0,0
tune-code-256,tune,code,256,14,separate_seed,fixed_4,256,71,71,37,279,185,1453.029488762133,427.3909853749971,1524.5095906868823,58.932369564730564,3463.8624343887423,13.530712634331024,73.90593733124842,3.1582952942699194e-05,0,0,0,1,70,0
tune-code-256,tune,code,256,14,separate_seed,fixed_5,256,59,59,33,283,197,1208.8487088325128,407.0468713144081,1431.0039091958422,58.44350062920864,3105.342989971972,12.130246054578016,82.4385585832857,2.345896791666746e-05,0,0,0,1,1,57
tune-code-256,tune,code,256,14,separate_seed,candidate,256,89,81,28,221,167,1818.5961403570057,400.06760937075614,1665.7382348084318,45.14784598587717,3929.5498305220704,15.349804025476837,65.14741154611811,8.845800766721368e-05,8,3,48,9,2,19
tune-code-256,tune,code,256,15,separate_seed,ordinary,256,256,0,0,0,0,5210.483409035716,0.0,0.0,0.0,5210.483409035716,20.353450816545767,49.13171771280564,9.645801037549973e-05,256,0,0,0,0,0
tune-code-256,tune,code,256,15,separate_seed,default,256,72,61,36,300,184,1464.7131434391413,417.34009759488356,1327.8993390737119,52.71958765074931,3262.672167758487,12.74481315530659,78.4632923067709,9.14589618332684e-05,11,0,0,0,0,61
tune-code-256,tune,code,256,15,separate_seed,existing_cost_gate,256,72,61,36,300,184,1464.7131434391413,417.34009759488356,1327.8993390737119,52.71958765074931,3262.672167758487,12.74481315530659,78.4632923067709,0.00010404200293123722,11,0,0,0,0,61
tune-code-256,tune,code,256,15,separate_seed,fixed_1,256,136,135,15,134,120,2764.364111875843,444.507226302997,2255.6867404815202,0.0,5464.55807866036,21.34592999476703,46.84733812230953,6.341602420434356e-05,1,135,0,0,0,0
tune-code-256,tune,code,256,15,separate_seed,fixed_2,256,98,97,23,190,158,1998.0029636052943,407.65227489337565,1735.1349824794922,19.934148967221404,4160.724369945385,16.25282957009916,61.52774787226782,5.062500713393092e-05,1,0,97,0,0,0
tune-code-256,tune,code,256,15,separate_seed,fixed_3,256,77,76,22,225,179,1555.4132466404694,384.23196674068384,1468.8954243497317,23.865299828278907,3432.405937559163,13.40783569359048,74.58325287190407,3.629102138802409e-05,1,0,0,76,0,0
tune-code-256,tune,code,256,15,separate_seed,fixed_4,256,68,68,33,269,188,1375.866713384159,402.829227117708,1490.8547310001625,54.0878785388023,3323.6385500408323,12.982963086097001,77.02401935278279,3.529200330376625e-05,0,1,0,0,67,0
tune-code-256,tune,code,256,15,separate_seed,fixed_5,256,65,65,39,311,191,1315.9660390780912,442.2122189967011,1434.4089889538038,59.0271398047247,3251.6143868333197,12.701618698567655,78.7301228081086,2.3708969820290804e-05,0,1,0,0,0,64
tune-code-256,tune,code,256,15,separate_seed,candidate,256,79,69,35,258,177,1594.6513973469025,396.07303720805913,1410.4155346384525,51.65613695056797,3452.7961061439814,13.487484789624927,74.14280835884516,0.00011020898818969727,10,3,2,3,59,2
tune-code-256,tune,code,256,16,separate_seed,ordinary,256,256,0,0,0,0,5254.891359335138,0.0,0.0,0.0,5254.891359335138,20.526919372402883,48.716516193094,8.408300345763564e-05,256,0,0,0,0,0
tune-code-256,tune,code,256,16,separate_seed,default,256,74,59,32,285,182,1512.8365801532345,408.71984558532586,1328.56666179919,48.184646338114,3298.307733875863,12.88401458545259,77.61555944907927,8.695904398337007e-05,15,0,0,0,0,59
tune-code-256,tune,code,256,16,separate_seed,existing_cost_gate,256,74,59,32,285,182,1512.8365801532345,408.71984558532586,1328.56666179919,48.184646338114,3298.307733875863,12.88401458545259,77.61555944907927,8.979201084002852e-05,15,0,0,0,0,59
tune-code-256,tune,code,256,16,separate_seed,fixed_1,256,135,134,13,132,121,2757.753822628918,443.49944514837205,2296.471625922248,0.0,5497.72489369954,21.47548786601383,46.56471630535371,5.220901221036911e-05,1,134,0,0,0,0
tune-code-256,tune,code,256,16,separate_seed,fixed_2,256,97,97,26,190,159,2007.3141649085412,413.93915059941924,1846.9067296165852,33.677868000842516,4301.837913125388,16.804054348146046,59.50944809401475,3.741704858839512e-05,0,0,97,0,0,0
tune-code-256,tune,code,256,16,separate_seed,fixed_3,256,79,79,32,230,177,1594.458371023742,398.4499254235269,1620.4767630834751,50.9178995489897,3664.3029590797323,14.313683433905204,69.86321896928874,3.229198046028614e-05,0,0,1,78,0,0
tune-code-256,tune,code,256,16,separate_seed,fixed_4,256,72,71,39,276,184,1464.636297595889,425.5463630062302,1570.8440779851423,65.55591286825039,3526.5826514555115,13.775713482248092,72.59152139659685,2.779200440272689e-05,1,0,0,0,71,0
tune-code-256,tune,code,256,16,separate_seed,fixed_5,256,65,65,37,312,191,1325.3384594609583,446.34915374760556,1453.00902766171,56.3558382562355,3281.052479126509,12.816611246587925,78.02374440172107,2.420798409730196e-05,0,0,1,0,0,64
tune-code-256,tune,code,256,16,separate_seed,candidate,256,86,75,43,280,170,1763.7054199565716,439.05384765311584,1586.07049709912,67.88124591431315,3856.7110106231207,15.065277385246565,66.37780204294815,9.44170169532299e-05,11,3,10,12,22,28
tune-code-256,tune,code,256,17,separate_seed,ordinary,256,256,0,0,0,0,5203.982651230493,0.0,0.0,0.0,5203.982651230493,20.32805723136911,49.193092513378815,0.00010170805035158992,256,0,0,0,0,0
tune-code-256,tune,code,256,17,separate_seed,default,256,72,59,32,285,184,1469.777132304103,405.06832279714536,1228.5600747271842,40.86810299211518,3144.2736328205474,12.282318878205263,81.41785031933023,8.866703137755394e-05,13,0,0,0,0,59
tune-code-256,tune,code,256,17,separate_seed,existing_cost_gate,256,75,60,35,295,181,1527.9554359091132,412.76519601091314,1237.8181425020707,45.458551377480205,3223.997325799577,12.593739553904598,79.40453236465075,0.00010320899309590459,15,0,0,0,0,60
tune-code-256,tune,code,256,17,separate_seed,fixed_1,256,138,137,19,133,118,2831.236301339966,455.1982193705324,2237.7018169831927,0.0,5524.13633769369,21.578657569115975,46.34208577605078,5.5791984777897596e-05,1,137,0,0,0,0
tune-code-256,tune,code,256,17,separate_seed,fixed_2,256,101,101,32,194,155,2060.5434425067187,424.75131514691714,1771.9277824846974,33.77407908311706,4290.9966192214515,16.761705543833795,59.65979997589652,3.9624981582164764e-05,0,0,101,0,0,0
tune-code-256,tune,code,256,17,separate_seed,fixed_3,256,83,83,33,236,173,1696.3397183437244,423.64005014132664,1503.990596253481,33.30805054542984,3657.278415283961,14.286243809702972,69.99740542862759,3.241602098569274e-05,0,0,1,82,0,0
tune-code-256,tune,code,256,17,separate_seed,fixed_4,256,69,69,34,271,187,1396.390234037348,410.40443030375695,1406.5745676184831,46.50884234634563,3259.878074305932,12.733898727757547,78.53054444513405,2.6999972760677338e-05,0,0,0,1,68,0
tune-code-256,tune,code,256,17,separate_seed,fixed_5,256,64,63,37,306,192,1300.7392633633322,430.4977368825232,1316.0922631648543,49.461947917543334,3096.791211328252,12.096840669250984,82.66621238898391,2.341595245525241e-05,1,1,0,0,0,62
tune-code-256,tune,code,256,17,separate_seed,candidate,256,88,79,33,234,168,1805.1414652304613,411.11416813828146,1489.0177694706786,39.83911024479464,3745.1125130842156,14.629345754235217,68.35575676448131,9.674998000264168e-05,9,3,7,52,15,2
tune-code-256,tune,code,256,18,separate_seed,ordinary,256,256,0,0,0,0,5223.088049478711,0.0,0.0,0.0,5223.088049478711,20.402687693276214,49.013150376729726,9.350001346319914e-05,256,0,0,0,0,0
tune-code-256,tune,code,256,18,separate_seed,default,256,62,55,24,275,194,1265.9807303728646,381.61012846743745,1279.3631202669053,36.755041626670206,2963.7090207338774,11.576988362241709,86.37825043182173,9.187503019347787e-05,7,0,0,0,0,55
tune-code-256,tune,code,256,18,separate_seed,existing_cost_gate,256,62,55,24,275,194,1265.9807303728646,381.61012846743745,1279.3631202669053,36.755041626670206,2963.7090207338774,11.576988362241709,86.37825043182173,9.312498150393367e-05,7,0,0,0,0,55
tune-code-256,tune,code,256,18,separate_seed,fixed_1,256,137,137,18,134,119,2801.93288000796,453.80812653982014,2259.6680332182464,0.0,5515.409039766029,21.544566561586052,46.4154150950987,5.9582991525530815e-05,0,137,0,0,0,0
tune-code-256,tune,code,256,18,separate_seed,fixed_2,256,98,97,24,188,158,1993.0009641909282,406.61865111542926,1752.2171375124205,23.611621403602516,4175.448374222383,16.310345211806183,61.31078079672732,4.408304812386632e-05,1,0,97,0,0,0
tune-code-256,tune,code,256,18,separate_seed,fixed_3,256,81,81,30,235,175,1651.9842278098645,410.93353703642686,1571.5006541642713,38.99144667854222,3673.409865689104,14.349257287848063,69.69001809221643,4.4042011722922325e-05,0,1,1,79,0,0
tune-code-256,tune,code,256,18,separate_seed,fixed_4,256,68,68,33,263,188,1380.7882538876586,406.1546819400126,1495.1325715740272,54.37827028159708,3336.4537776832926,13.033022569075362,76.72817220257033,3.224995452910662e-05,0,0,0,1,67,0
tune-code-256,tune,code,256,18,separate_seed,fixed_5,256,58,58,26,281,198,1187.0473034663441,395.39834757451473,1324.935972733784,38.57304346469867,2945.954667239342,11.50763541890368,86.89882531013212,2.8959009796380997e-05,0,1,1,0,0,56
tune-code-256,tune,code,256,18,separate_seed,candidate,256,74,64,32,279,182,1497.2462600879735,403.3332504566573,1335.2378306181952,45.00459554601446,3280.8219367088404,12.815710690268908,78.02922710788951,7.716595428064466e-05,10,3,3,4,11,43
tune-code-256,tune,code,256,19,separate_seed,ordinary,256,256,0,0,0,0,5177.034064626573,0.0,0.0,0.0,5177.034064626573,20.22278931494755,49.44916274536155,0.0001022910000756383,256,0,0,0,0,0
tune-code-256,tune,code,256,19,separate_seed,default,256,70,58,31,285,186,1391.8387961486096,387.94264952070176,1225.8551971313166,42.257960795700505,3047.8946035963286,11.905838295298159,83.9924056750308,9.91669949144125e-05,12,0,0,0,0,58
tune-code-256,tune,code,256,19,separate_seed,existing_cost_gate,256,70,58,31,285,186,1391.8387961486096,387.94264952070176,1225.8551971313166,42.257960795700505,3047.8946035963286,11.905838295298159,83.9924056750308,9.27080400288105e-05,12,0,0,0,0,58
tune-code-256,tune,code,256,19,separate_seed,fixed_1,256,136,135,15,133,120,2739.7568480586638,440.42217200665,2237.3303762274977,0.0,5417.50939629281,21.16214607926879,47.25418661482714,7.258402183651924e-05,1,135,0,0,0,0
tune-code-256,tune,code,256,19,separate_seed,fixed_2,256,101,100,30,191,155,2067.716254835582,420.9778190064995,1764.0161435067907,30.546475986239788,4283.256693335112,16.73147145834028,59.76760636324795,5.229096859693527e-05,1,1,99,0,0,0
tune-code-256,tune,code,256,19,separate_seed,fixed_3,256,80,79,29,231,176,1633.1621843202431,403.587779828666,1483.8991846989447,31.363856479580658,3552.0130053274356,13.875050802060295,72.0718081876508,3.875000402331352e-05,1,0,0,79,0,0
tune-code-256,tune,code,256,19,separate_seed,fixed_4,256,65,65,25,243,191,1296.6674142532565,380.84341720842195,1348.7955254875792,33.610215588508176,3059.9165725377657,11.952799111475647,83.66241168061795,3.1291041523218155e-05,0,0,0,1,64,0
tune-code-256,tune,code,256,19,separate_seed,fixed_5,256,60,60,31,292,196,1185.752481010185,399.0300062650399,1274.1462363029998,42.14544493472761,2901.0741685129524,11.33232097075372,88.24317653733817,2.4374981876462698e-05,0,0,1,0,0,59
tune-code-256,tune,code,256,19,separate_seed,candidate,256,77,66,26,248,179,1541.6583744661452,381.122089077259,1361.9309663342706,35.29304892598409,3320.0044788036585,12.96876749532679,77.10832971293095,8.504197467118502e-05,11,3,2,27,4,30
tune-code-2048,tune,code,2048,0,separate_seed,ordinary,256,256,0,0,0,0,6568.655437376214,0.0,0.0,0.0,6568.655437376214,25.658810302250835,38.97296827952613,0.00022250000620260835,256,0,0,0,0,0
tune-code-2048,tune,code,2048,0,separate_seed,default,256,62,55,29,275,194,1594.4052947258076,381.0297002644517,2191.4024817232225,53.688213138250944,4220.525689851732,16.486428475983328,60.65595113318534,0.00011733395513147116,7,0,0,0,0,55
tune-code-2048,tune,code,2048,0,separate_seed,existing_cost_gate,256,63,54,28,270,193,1618.0051853038267,373.5531718537844,2146.72522466809,51.52110345399956,4189.8046852797,16.366424551873827,61.100700206723396,0.00012375001097097993,9,0,0,0,0,54
tune-code-2048,tune,code,2048,0,separate_seed,fixed_1,256,135,135,14,133,121,3481.665658200757,448.35183636791623,3652.1485969899513,0.0,7582.166091558629,29.617836295150894,33.76343869399138,0.00012645800597965717,0,135,0,0,0,0
tune-code-2048,tune,code,2048,0,separate_seed,fixed_2,256,97,97,24,191,159,2480.451310862903,405.57994970448436,2834.9840783415284,27.865543723228996,5748.880882632141,22.4565659477818,44.5304060436176,9.341695113107562e-05,0,1,96,0,0,0
tune-code-2048,tune,code,2048,0,separate_seed,fixed_3,256,75,75,23,225,181,1908.427413678072,379.9268891855266,2502.614134745866,37.115902546154565,4828.084340155618,18.85970445373288,53.02310025341203,6.933294935151935e-05,0,0,0,75,0,0
tune-code-2048,tune,code,2048,0,separate_seed,fixed_4,256,68,68,33,266,188,1745.602381231371,406.90354540716265,2325.821039264766,50.61194583278389,4528.938911736081,17.691167623969065,56.525381549442756,6.312498589977622e-05,0,0,1,0,67,0
tune-code-2048,tune,code,2048,0,separate_seed,fixed_5,256,57,57,30,280,199,1462.1183287602719,389.14516667164577,2254.7139594011737,55.300262720671284,4161.277717553762,16.254991084194383,61.51956619480122,5.0292001105844975e-05,0,1,0,0,1,55
tune-code-2048,tune,code,2048,0,separate_seed,candidate,256,80,68,34,250,176,2079.276139449549,396.595489485733,2291.7795321793783,52.06643772795867,4819.717598842617,18.827021870478973,53.11514518225602,0.00012495799455791712,12,3,2,7,54,2
tune-code-2048,tune,code,2048,1,separate_seed,ordinary,256,256,0,0,0,0,6604.102028404906,0.0,0.0,0.0,6604.102028404906,25.797273548456666,38.7637863405075,8.691701805219054e-05,256,0,0,0,0,0
tune-code-2048,tune,code,2048,1,separate_seed,default,256,69,60,39,300,187,1773.054221170807,413.9483163841015,2092.061714289081,59.65205918956497,4338.716311033553,16.948110589974817,59.00362725928412,8.487497689202428e-05,9,0,0,0,0,60
tune-code-2048,tune,code,2048,1,separate_seed,existing_cost_gate,256,69,60,39,300,187,1773.054221170807,413.9483163841015,2092.061714289081,59.65205918956497,4338.716311033553,16.948110589974817,59.00362725928412,8.633302059024572e-05,9,0,0,0,0,60
tune-code-2048,tune,code,2048,1,separate_seed,fixed_1,256,136,136,16,134,120,3502.799522426935,451.1192587606511,3606.394886537295,0.0,7560.313667724879,29.53247526455031,33.86102895345054,5.224999040365219e-05,0,136,0,0,0,0
tune-code-2048,tune,code,2048,1,separate_seed,fixed_2,256,99,98,24,192,157,2545.216259805721,413.17426191008906,2724.224656107243,18.74110782966478,5701.356285652718,22.27092299083093,44.90159659802631,3.8041966035962105e-05,1,0,98,0,0,0
tune-code-2048,tune,code,2048,1,separate_seed,fixed_3,256,77,76,21,225,179,1997.0577183441608,392.6560341061821,2323.54463039202,20.09347139966012,4733.351854242022,18.489655680632897,54.08429541754291,2.879102248698473e-05,1,0,0,76,0,0
tune-code-2048,tune,code,2048,1,separate_seed,fixed_4,256,65,65,26,259,191,1654.98107572787,386.63444848095605,2257.211485468608,39.628424558402806,4338.455434235838,16.94709153998374,59.007175221817405,2.420798409730196e-05,0,0,0,1,64,0
tune-code-2048,tune,code,2048,1,separate_seed,fixed_5,256,62,62,39,307,194,1589.0326790157862,425.16017710318266,2168.9154753609964,59.65205918956497,4242.760390669529,16.57328277605285,60.33807625879195,2.274999860674143e-05,0,0,1,0,0,61
tune-code-2048,tune,code,2048,1,separate_seed,candidate,256,87,75,25,233,169,2219.0084710522024,389.437504163862,2268.899464520344,27.64586601761598,4904.991305754024,19.160122288101658,52.191733693735095,9.32919792830944e-05,12,3,28,3,37,4
tune-code-2048,tune,code,2048,2,separate_seed,ordinary,256,256,0,0,0,0,6561.017658467948,0.0,0.0,0.0,6561.017658467948,25.628975228390424,39.0183372955253,0.00010812497930601239,256,0,0,0,0,0
tune-code-2048,tune,code,2048,2,separate_seed,default,256,75,64,40,315,181,1900.29039288637,434.6691840244139,2274.3724248119925,62.602112893745044,4671.9341146165225,18.24974263522079,54.79529328101682,9.650003630667925e-05,11,0,0,0,0,64
tune-code-2048,tune,code,2048,2,separate_seed,existing_cost_gate,256,79,62,39,305,177,2008.4230821987953,420.1034773578881,2268.992318875971,64.2088852601454,4761.727763692801,18.600499076925004,53.761998313290306,9.920896263793111e-05,17,0,0,0,0,62
tune-code-2048,tune,code,2048,2,separate_seed,fixed_1,256,138,137,19,135,118,3523.498885656664,450.1190187386785,3514.5013201842557,0.0,7488.119224579597,29.250465721014052,34.18748985188233,5.47499512322247e-05,1,137,0,0,0,0
tune-code-2048,tune,code,2048,2,separate_seed,fixed_2,256,101,101,33,196,155,2573.723403564226,421.7858588475757,2823.9883396182945,37.422701690132286,5856.92030372023,22.878594936407147,43.70897787996066,3.870896762236953e-05,0,0,101,0,0,0
tune-code-2048,tune,code,2048,2,separate_seed,fixed_3,256,82,82,34,239,174,2080.718114199145,413.4017628608102,2480.852836904886,44.66020807284044,5019.632922037682,19.607941101709695,50.999745195726135,3.229198046028614e-05,0,0,1,81,0,0
tune-code-2048,tune,code,2048,2,separate_seed,fixed_4,256,74,74,39,281,182,1874.3075644783335,436.6680700170011,2264.221294691655,48.79360846406578,4623.990537651056,18.062463037699438,55.363435092591175,3.0500057619065046e-05,0,0,1,1,72,0
tune-code-2048,tune,code,2048,2,separate_seed,fixed_5,256,68,68,41,324,188,1711.3566487187334,455.861754769164,2293.679489478519,58.075147784931204,4518.973040751348,17.652238440434953,56.65003922161839,2.4958979338407516e-05,0,0,1,1,1,65
tune-code-2048,tune,code,2048,2,separate_seed,candidate,256,76,67,32,259,180,1964.1148105575894,405.19086260160054,2325.7402232978907,50.49116217324471,4745.537058630328,18.53725413527472,53.94542215921237,7.795903366059065e-05,9,3,2,3,44,15
tune-code-2048,tune,code,2048,3,separate_seed,ordinary,256,256,0,0,0,0,6551.373051371825,0.0,0.0,0.0,6551.373051371825,25.59130098192119,39.07577816018199,9.870802750810981e-05,256,0,0,0,0,0
tune-code-2048,tune,code,2048,3,separate_seed,default,256,75,60,37,290,181,1906.980261024014,410.0064648048297,2079.370407669798,55.29515420037392,4451.6522876990175,17.389266748824287,57.50673760109013,9.541696636006236e-05,15,0,0,0,0,60
tune-code-2048,tune,code,2048,3,separate_seed,existing_cost_gate,256,75,60,37,290,181,1906.980261024014,410.0064648048297,2079.370407669798,55.29515420037392,4451.6522876990175,17.389266748824287,57.50673760109013,0.00010070897405967116,15,0,0,0,0,60
tune-code-2048,tune,code,2048,3,separate_seed,fixed_1,256,138,137,19,135,118,3534.795965506076,452.0571601289816,3536.5124527633907,0.0,7523.365578398446,29.38814679061893,34.02732425166778,6.691704038530588e-05,1,137,0,0,0,0
tune-code-2048,tune,code,2048,3,separate_seed,fixed_2,256,96,96,23,182,160,2476.780170787372,406.05511818851284,2876.317101446873,27.464142633205505,5786.616533055963,22.603970832249857,44.24001461607205,4.779198206961155e-05,0,0,96,0,0,0
tune-code-2048,tune,code,2048,3,separate_seed,fixed_3,256,83,83,35,239,173,2109.7653173562426,419.1158197903097,2488.350035168344,43.84267461234732,5061.0738469272455,19.769819714559553,50.582150694249705,3.579101758077741e-05,0,0,1,82,0,0
tune-code-2048,tune,code,2048,3,separate_seed,fixed_4,256,76,76,45,297,180,1950.0671073192182,453.8282984049031,2443.505403089839,64.1415571945394,4911.5423660085,19.185712367220702,52.122119880652775,3.749999450519681e-05,0,1,0,0,75,0
tune-code-2048,tune,code,2048,3,separate_seed,fixed_5,256,62,61,35,295,194,1577.3595705241387,418.1312377810157,2216.235432980971,55.45136837584342,4267.17760966197,16.66866253774207,59.99281572446181,2.8416980057954788e-05,1,0,0,0,0,61
tune-code-2048,tune,code,2048,3,separate_seed,candidate,256,101,89,26,198,155,2574.6257580299193,396.6094555389646,2664.1338629084235,31.68501542319264,5667.054091900499,22.136930046486324,45.17338212209442,0.00012562499614432454,12,3,61,21,2,2
tune-code-2048,tune,code,2048,4,separate_seed,ordinary,256,256,0,0,0,0,6524.311523036461,0.0,0.0,0.0,6524.311523036461,25.485591886861176,39.23785660695364,0.00010133400792255998,256,0,0,0,0,0
tune-code-2048,tune,code,2048,4,separate_seed,default,256,65,53,23,260,191,1682.9146599008,372.80197785299146,2016.7907044713306,36.397727488726325,4108.905069713847,16.050410428569716,62.30370272775087,8.620804874226451e-05,12,0,0,0,0,53
tune-code-2048,tune,code,2048,4,separate_seed,existing_cost_gate,256,65,53,23,260,191,1682.9146599008,372.80197785299146,2016.7907044713306,36.397727488726325,4108.905069713847,16.050410428569716,62.30370272775087,8.683302439749241e-05,12,0,0,0,0,53
tune-code-2048,tune,code,2048,4,separate_seed,fixed_1,256,133,132,9,131,123,3388.7374167610187,433.42170239406585,3674.572656607753,0.0,7496.73177576284,29.284108499073593,34.14821386936315,6.312498589977622e-05,1,132,0,0,0,0
tune-code-2048,tune,code,2048,4,separate_seed,fixed_2,256,95,95,19,185,161,2431.370451337819,397.64223497780836,2813.3938842565676,19.81342040052126,5662.219990972714,22.118046839737165,45.211948742391,4.525005351752043e-05,0,1,94,0,0,0
tune-code-2048,tune,code,2048,4,separate_seed,fixed_3,256,71,70,13,207,185,1808.8151882823943,355.3587429225083,2413.3323576491475,21.21501126182844,4598.721300115879,17.963755078577652,55.667648307704425,3.558304160833359e-05,1,0,0,70,0,0
tune-code-2048,tune,code,2048,4,separate_seed,fixed_4,256,64,64,24,255,192,1646.289675996456,384.8966289373422,2162.097857073115,31.31370590670705,4224.597867913622,16.502335421537587,60.59748359585979,3.408297197893262e-05,0,0,0,1,63,0
tune-code-2048,tune,code,2048,4,separate_seed,fixed_5,256,56,56,24,273,200,1457.3114202867007,390.96937593475167,2132.626812031523,38.44974541575963,4019.3573536687354,15.700614662768498,63.69177395145812,2.6374997105449438e-05,0,0,0,1,0,55
tune-code-2048,tune,code,2048,4,separate_seed,candidate,256,82,70,13,199,174,2076.0591163822414,345.9230190425502,2293.781279972681,16.95513300805039,4732.718548405523,18.487181829709073,54.091532674438824,0.00010066700633615255,12,3,31,10,24,2
tune-code-2048,tune,code,2048,5,separate_seed,ordinary,256,256,0,0,0,0,6577.810764623335,0.0,0.0,0.0,6577.810764623335,25.6945732993099,38.91872374572018,9.624997619539499e-05,256,0,0,0,0,0
tune-code-2048,tune,code,2048,5,separate_seed,default,256,74,57,28,275,182,1931.1276654776104,398.275678728953,1971.2673994083648,36.784057705094234,4337.454801320021,16.943182817656332,59.02078793353451,9.300000965595245e-05,17,0,0,0,0,57
tune-code-2048,tune,code,2048,5,separate_seed,existing_cost_gate,256,75,56,28,270,181,1960.3050093461065,392.3743284775117,1981.6687172632558,39.0861941794516,4373.4342492663245,17.08372753619658,58.53523464836493,9.704200783744454e-05,19,0,0,0,0,56
tune-code-2048,tune,code,2048,5,separate_seed,fixed_1,256,139,138,21,135,117,3541.0177763997954,451.96780668984434,3495.6665679186367,0.0,7488.652151008281,29.2525474648761,34.18505691515286,5.891598993912339e-05,1,138,0,0,0,0
tune-code-2048,tune,code,2048,5,separate_seed,fixed_2,256,100,100,30,195,156,2553.304754688948,417.5236328346606,2849.9874081623648,34.926896553631515,5855.742692239601,22.87399489156094,43.717767916829295,4.3083971831947565e-05,0,1,99,0,0,0
tune-code-2048,tune,code,2048,5,separate_seed,fixed_3,256,79,78,29,234,177,2026.207389677853,396.9851572694187,2521.77876935117,43.98722081290289,4988.958537111346,19.488119285591196,51.31331481223863,3.250001464039087e-05,1,0,0,78,0,0
tune-code-2048,tune,code,2048,5,separate_seed,fixed_4,256,70,70,33,280,186,1797.7073319137892,420.67667838541286,2321.2383788619945,47.70190257434363,4587.32429173554,17.919235514591954,55.80595216719386,2.8875016141682863e-05,0,0,0,0,70,0
tune-code-2048,tune,code,2048,5,separate_seed,fixed_5,256,64,64,34,309,192,1671.8355476848988,449.22004266988415,2205.658225117111,45.281013227146666,4371.99482869904,17.078104799605626,58.55450658805492,2.5291985366493464e-05,0,0,0,0,1,63
tune-code-2048,tune,code,2048,5,separate_seed,candidate,256,86,74,34,252,170,2203.69805514801,407.0610344295705,2197.0445160517047,39.62060030508747,4847.4242059343715,18.93525080443114,52.811552924663914,8.962501306086779e-05,12,3,2,34,24,11
tune-code-2048,tune,code,2048,6,separate_seed,ordinary,256,256,0,0,0,0,6561.218310187353,0.0,0.0,0.0,6561.218310187353,25.62975902416935,39.017144057303895,8.687499212101102e-05,256,0,0,0,0,0
tune-code-2048,tune,code,2048,6,separate_seed,default,256,69,58,32,280,187,1792.8611457546324,406.1204449129709,2211.8955609090203,54.938609976568216,4465.815761553191,17.444592818567152,57.324353190729106,8.525000885128975e-05,11,0,0,0,0,58
tune-code-2048,tune,code,2048,6,separate_seed,existing_cost_gate,256,69,58,32,280,187,1792.8611457546324,406.1204449129709,2211.8955609090203,54.938609976568216,4465.815761553191,17.444592818567152,57.324353190729106,9.020802099257708e-05,11,0,0,0,0,58
tune-code-2048,tune,code,2048,6,separate_seed,fixed_1,256,136,135,15,133,120,3461.5227868210163,442.06590803641984,3579.7236063748333,0.0,7483.3123012322685,29.23168867668855,34.20945026680829,5.324999801814556e-05,1,135,0,0,0,0
tune-code-2048,tune,code,2048,6,separate_seed,fixed_2,256,97,97,23,190,159,2499.597817172607,409.8516252734752,2799.8865934505325,21.988139283757445,5731.324175180373,22.38798505929833,44.666815586634186,3.7624966353178024e-05,0,0,97,0,0,0
tune-code-2048,tune,code,2048,6,separate_seed,fixed_3,256,82,82,36,244,174,2087.183579175211,413.9214675395119,2536.2321388389887,51.40880341461588,5088.745988968325,19.87791401940752,50.30708951772627,3.21249826811254e-05,0,1,0,81,0,0
tune-code-2048,tune,code,2048,6,separate_seed,fixed_4,256,71,71,36,281,185,1806.4555364203484,420.9641058006413,2387.3669293688586,55.470624131695445,4670.257195721544,18.24319217078728,54.81496827081031,2.8916983865201473e-05,0,1,0,0,70,0
tune-code-2048,tune,code,2048,6,separate_seed,fixed_5,256,65,65,39,311,191,1686.5868980685896,450.76650091450426,2411.555498021345,65.24023932326514,4614.149136327702,18.024020063780085,55.48151835502757,2.5250017642974854e-05,0,0,1,0,1,63
tune-code-2048,tune,code,2048,6,separate_seed,candidate,256,84,71,36,263,172,2152.84393098527,410.96277741099965,2289.762714422825,51.90637555296657,4905.475798372063,19.16201483739087,52.18657894203789,9.116699220612645e-05,13,3,2,9,53,4
tune-code-2048,tune,code,2048,7,separate_seed,ordinary,256,256,0,0,0,0,6575.462953359705,0.0,0.0,0.0,6575.462953359705,25.68540216156135,38.932619925901626,0.00015129102393984795,256,0,0,0,0,0
tune-code-2048,tune,code,2048,7,separate_seed,default,256,67,52,22,250,189,1717.398294755877,359.4018487972567,1931.310154997085,34.402605941638846,4042.5129044918585,15.791066033171322,63.32694688878898,8.533295476809144e-05,15,0,0,0,0,52
tune-code-2048,tune,code,2048,7,separate_seed,existing_cost_gate,256,67,52,22,250,189,1717.398294755877,359.4018487972567,1931.310154997085,34.402605941638846,4042.5129044918585,15.791066033171322,63.32694688878898,8.179200813174248e-05,15,0,0,0,0,52
tune-code-2048,tune,code,2048,7,separate_seed,fixed_1,256,135,135,14,134,121,3446.4134157577464,443.90740599937516,3603.5440784854663,0.0,7493.864900242584,29.272909766572592,34.161277712881244,6.208301056176424e-05,0,135,0,0,0,0
tune-code-2048,tune,code,2048,7,separate_seed,fixed_2,256,100,100,28,194,156,2574.274096755663,422.0583150959146,2748.9480444202595,23.977771799005637,5769.25822807084,22.53616495340172,44.3731221380262,3.929203376173973e-05,0,0,100,0,0,0
tune-code-2048,tune,code,2048,7,separate_seed,fixed_3,256,79,79,28,235,177,2021.6315083256804,400.67268268676094,2518.586906127595,40.33290618196835,4981.224003322005,19.457906262976582,51.392990925377426,3.3750024158507586e-05,0,1,0,78,0,0
tune-code-2048,tune,code,2048,7,separate_seed,fixed_4,256,69,69,31,274,187,1760.4981390140945,410.4247174785026,2192.4631984033335,40.09398212016273,4403.480037016093,17.201093894594113,58.13583753032566,2.7749978471547365e-05,0,0,1,0,68,0
tune-code-2048,tune,code,2048,7,separate_seed,fixed_5,256,55,55,22,267,201,1408.953848399643,376.9283125046832,2048.8949370864075,34.402605941638846,3869.1797039323733,15.113983218485833,66.16389508603564,1.9915984012186527e-05,0,0,1,0,0,54
tune-code-2048,tune,code,2048,7,separate_seed,candidate,256,84,73,29,249,172,2193.0603080373717,413.42864587456,2405.1093914258486,41.13930085859299,5052.737646196374,19.737256430454586,50.665603070191665,8.358398918062449e-05,11,3,15,26,2,27
tune-code-2048,tune,code,2048,8,separate_seed,ordinary,256,256,0,0,0,0,6500.392329604029,0.0,0.0,0.0,6500.392329604029,25.39215753751574,39.38223833569661,8.429097943007946e-05,256,0,0,0,0,0
tune-code-2048,tune,code,2048,8,separate_seed,default,256,73,61,37,300,183,1862.209221868124,418.57428819652534,2161.4047228793575,56.896825476780705,4499.08505842079,17.57455100945621,56.900457909959535,9.304098784923553e-05,12,0,0,0,0,61
tune-code-2048,tune,code,2048,8,separate_seed,existing_cost_gate,256,75,57,32,280,181,1919.390914162567,392.19939594086856,2006.009841980826,47.08877058040444,4364.688922664669,17.049566104158863,58.652519007863326,9.612500434741378e-05,18,0,0,0,0,57
tune-code-2048,tune,code,2048,8,separate_seed,fixed_1,256,136,135,15,133,120,3469.9659483682444,443.5773172418844,3562.835011236221,0.0,7476.378276846351,29.204602643931057,34.241178083886986,5.662499461323023e-05,1,135,0,0,0,0
tune-code-2048,tune,code,2048,8,separate_seed,fixed_2,256,96,96,23,188,160,2457.7415230591005,402.93340016640326,2839.5160873722257,28.077666901806975,5728.2686774995345,22.376049521482557,44.69064117148699,3.9666949305683374e-05,0,0,96,0,0,0
tune-code-2048,tune,code,2048,8,separate_seed,fixed_3,256,80,79,32,234,176,2018.8295744285751,396.7992609366129,2519.6101493020974,49.79614298723964,4985.0351276545225,19.47279346740048,51.35370031393318,3.400002606213093e-05,1,0,0,79,0,0
tune-code-2048,tune,code,2048,8,separate_seed,fixed_4,256,65,65,29,256,191,1660.3069560114545,388.90439461316527,2247.176169550439,45.41212338492665,4341.799643559984,16.96015485765619,58.96172578569222,2.6916968636214733e-05,0,0,0,0,65,0
tune-code-2048,tune,code,2048,8,separate_seed,fixed_5,256,63,63,37,309,193,1604.2862472571583,430.963710135162,2239.7691065758927,56.80944267454157,4331.828506642755,16.921205104073263,59.097445710842464,2.4084001779556274e-05,0,0,0,0,1,62
tune-code-2048,tune,code,2048,8,separate_seed,candidate,256,71,61,28,251,185,1804.959598368197,371.9341060416174,2136.8046411333466,44.144168051654425,4357.842513594816,17.02282231872975,58.74466532495772,7.429096149280667e-05,10,2,2,2,32,23
tune-code-2048,tune,code,2048,9,separate_seed,ordinary,256,256,0,0,0,0,6548.187556578182,0.0,0.0,0.0,6548.187556578182,25.578857642883523,39.09478734200693,8.541700663045049e-05,256,0,0,0,0,0
tune-code-2048,tune,code,2048,9,separate_seed,default,256,70,58,34,280,186,1785.8453989430352,398.49712656227445,2244.699782134613,60.81572145632122,4489.858029096244,17.5385079261572,57.01739305363511,8.55419784784317e-05,12,0,0,0,0,58
tune-code-2048,tune,code,2048,9,separate_seed,existing_cost_gate,256,77,58,35,280,179,1966.2711641673532,398.5347831131988,2204.483358658762,61.04263276016143,4630.3319386994735,18.08723413554482,55.287612937724504,9.379198309034109e-05,19,0,0,0,0,58
tune-code-2048,tune,code,2048,9,separate_seed,fixed_1,256,134,134,12,131,122,3450.4112344158625,444.4000337308802,3674.6453035038494,0.0,7569.456571650587,29.568189733010104,33.82012930211936,5.2332994528114796e-05,0,134,0,0,0,0
tune-code-2048,tune,code,2048,9,separate_seed,fixed_2,256,98,97,28,192,158,2524.546438429109,409.36379996794943,2923.2489386866973,39.69296967452194,5896.852146758278,23.034578698274522,43.41299283563229,3.7416000850498676e-05,1,0,97,0,0,0
tune-code-2048,tune,code,2048,9,separate_seed,fixed_3,256,83,83,39,244,173,2107.7385681781957,417.50555416193265,2562.4957227488735,56.75080819578785,5144.49065328479,20.09566661439371,49.76197203051431,3.195804310962558e-05,0,1,0,82,0,0
tune-code-2048,tune,code,2048,9,separate_seed,fixed_4,256,65,64,25,252,191,1647.8418616230979,379.79425909747033,2273.243577195064,40.91025020674443,4341.789948122376,16.96011698485303,58.961857450222396,2.5916029699146748e-05,1,0,0,0,64,0
tune-code-2048,tune,code,2048,9,separate_seed,fixed_5,256,61,61,36,295,195,1553.1266966674975,418.24621732017846,2364.566265865615,64.61472382124883,4400.55390367454,17.189663686228673,58.174494757633916,2.2292020730674267e-05,0,0,0,0,0,61
tune-code-2048,tune,code,2048,9,separate_seed,candidate,256,80,70,25,236,176,2025.6913924196658,376.9691977630264,2280.75107314518,36.17234448973947,4719.584007817611,18.43587503053754,54.24206870265613,7.804099004715681e-05,10,3,3,39,11,14
tune-code-2048,tune,code,2048,10,separate_seed,ordinary,256,256,0,0,0,0,6550.784788416604,0.0,0.0,0.0,6550.784788416604,25.58900307975236,39.07928717986139,9.287503780797124e-05,256,0,0,0,0,0
tune-code-2048,tune,code,2048,10,separate_seed,default,256,62,53,24,260,194,1599.2891745207642,366.18921051079354,2017.7590411292078,40.62492282793468,4023.8623489886986,15.718212300737104,63.620466556053906,8.916598744690418e-05,9,0,0,0,0,53
tune-code-2048,tune,code,2048,10,separate_seed,existing_cost_gate,256,62,53,24,260,194,1599.2891745207642,366.18921051079354,2017.7590411292078,40.62492282793468,4023.8623489886986,15.718212300737104,63.620466556053906,8.37499974295497e-05,9,0,0,0,0,53
tune-code-2048,tune,code,2048,10,separate_seed,fixed_1,256,136,135,15,133,120,3465.9267583963997,443.1085044290242,3583.8137346513695,0.0,7492.84899747679,29.26894139639371,34.165909400577505,5.620805313810706e-05,1,135,0,0,0,0
tune-code-2048,tune,code,2048,10,separate_seed,fixed_2,256,98,98,26,194,158,2526.156788828988,414.0948164476973,2827.275549720064,28.700585773317503,5796.22774077007,22.641514612383087,44.166656565152245,4.091695882380009e-05,0,0,98,0,0,0
tune-code-2048,tune,code,2048,10,separate_seed,fixed_3,256,80,79,31,235,176,2032.3023762336327,397.8326769138879,2451.0250225286813,42.38801922468757,4923.54809490089,19.2326097457066,51.9950237238727,3.220798680558801e-05,1,1,0,78,0,0
tune-code-2048,tune,code,2048,10,separate_seed,fixed_4,256,68,67,34,264,188,1722.0952251050455,394.1285858552953,2385.5604269778564,58.45573501909678,4560.239972957294,17.81343739436443,56.137396610289606,2.6374997105449438e-05,1,1,0,1,65,0
tune-code-2048,tune,code,2048,10,separate_seed,fixed_5,256,56,56,27,275,200,1442.0802671477618,388.4428655624525,2152.7652884148597,46.943398093263134,4030.2318192183366,15.743093043821627,63.519919320584194,2.0625011529773474e-05,0,0,0,0,0,56
tune-code-2048,tune,code,2048,10,separate_seed,candidate,256,95,85,31,215,161,2439.5414191704444,402.4507866719252,2550.6869899129924,41.0996693534296,5433.778865108789,21.22569869183121,47.11270118918883,0.00012691604206338525,10,3,39,37,4,2
tune-code-2048,tune,code,2048,11,separate_seed,ordinary,256,256,0,0,0,0,6575.44983114011,0.0,0.0,0.0,6575.44983114011,25.685350902891056,38.932697621329496,9.133398998528719e-05,256,0,0,0,0,0
tune-code-2048,tune,code,2048,11,separate_seed,default,256,65,59,32,295,191,1660.3269366544014,404.6357332384401,2162.107324295875,51.594058966479786,4278.664053155196,16.713531457637483,59.831759824943276,8.650001836940646e-05,6,0,0,0,0,59
tune-code-2048,tune,code,2048,11,separate_seed,existing_cost_gate,256,68,60,34,300,188,1741.146124560803,412.9971739259509,2134.3967197996226,51.71035963249927,4340.2503779188755,16.954103038745608,58.982772353965096,9.541702456772327e-05,8,0,0,0,0,60
tune-code-2048,tune,code,2048,11,separate_seed,fixed_1,256,137,136,17,135,119,3471.2351474003003,443.8836321931771,3522.6844553560045,0.0,7437.803234949482,29.053918886521416,34.41876477682039,6.004201713949442e-05,1,136,0,0,0,0
tune-code-2048,tune,code,2048,11,separate_seed,fixed_2,256,99,98,26,194,157,2558.2865167973127,415.3346083625227,2803.2000070557187,26.045958778046042,5802.867090993598,22.667449574193743,44.116123286250605,3.925000783056021e-05,1,0,98,0,0,0
tune-code-2048,tune,code,2048,11,separate_seed,fixed_3,256,77,76,24,225,179,1946.9863694964001,382.771054180969,2358.280524985217,29.372355473752112,4717.410304136339,18.427384000532573,54.26706253970172,3.504200140014291e-05,1,0,0,76,0,0
tune-code-2048,tune,code,2048,11,separate_seed,fixed_4,256,73,73,39,287,183,1844.2627116546003,431.08314409407245,2338.5027508540966,54.52941695176431,4668.378023554531,18.235851654509887,54.837033056950276,2.9124959837645292e-05,0,0,0,1,72,0
tune-code-2048,tune,code,2048,11,separate_seed,fixed_5,256,62,62,35,308,194,1583.4580563179045,424.6948376958729,2209.5699377651013,53.69796356491382,4271.420795343793,16.68523748181169,59.933219475604346,2.2957974579185247e-05,0,0,0,1,0,61
tune-code-2048,tune,code,2048,11,separate_seed,candidate,256,71,64,36,288,185,1808.2725494801548,415.17281797647934,2228.9796659554036,56.1067936365139,4508.53182704855,17.6114524494084,56.781233851816225,7.204199209809303e-05,7,3,2,3,3,53
tune-code-2048,tune,code,2048,12,separate_seed,ordinary,256,256,0,0,0,0,6552.614765541018,0.0,0.0,0.0,6552.614765541018,25.5961514278946,39.06837333796218,8.354202145710588e-05,256,0,0,0,0,0
tune-code-2048,tune,code,2048,12,separate_seed,default,256,67,59,35,295,189,1724.6041221768926,410.8892567146655,2203.1026742356335,57.93384096800225,4396.529894095191,17.17394489880934,58.227740096530155,8.337502367794514e-05,8,0,0,0,0,59
tune-code-2048,tune,code,2048,12,separate_seed,existing_cost_gate,256,67,59,35,295,189,1724.6041221768926,410.8892567146655,2203.1026742356335,57.93384096800225,4396.529894095191,17.17394489880934,58.227740096530155,8.37499974295497e-05,8,0,0,0,0,59
tune-code-2048,tune,code,2048,12,separate_seed,fixed_1,256,138,137,19,134,118,3495.25614365353,447.32121811123176,3505.89783186283,0.0,7448.475193627594,29.09560622510779,34.369450571442606,5.216698627918959e-05,1,137,0,0,0,0
tune-code-2048,tune,code,2048,12,separate_seed,fixed_2,256,97,96,23,189,159,2501.8875327967326,405.6661075666744,2846.4359821172534,25.911450175111256,5779.901072655771,22.577738565061605,44.29141550728517,3.708299482241273e-05,1,1,95,0,0,0
tune-code-2048,tune,code,2048,12,separate_seed,fixed_3,256,77,76,24,223,179,1934.8338277715031,378.970345726235,2342.484227080312,30.04303285549376,4686.331433433545,18.305982161849784,54.62695151555594,3.549997927621007e-05,1,1,0,75,0,0
tune-code-2048,tune,code,2048,12,separate_seed,fixed_4,256,63,63,28,250,193,1600.9350171494473,373.1619083526191,2244.755376840801,47.291681687285205,4266.143984030154,16.664624937617788,60.00735112511631,2.4084001779556274e-05,0,0,1,0,62,0
tune-code-2048,tune,code,2048,12,separate_seed,fixed_5,256,62,61,36,301,194,1597.1931677046516,420.8349018173368,2244.1388671163177,57.93384096800225,4320.100777606307,16.875393662524637,59.25787688264188,2.3500004317611456e-05,1,1,0,0,0,60
tune-code-2048,tune,code,2048,12,separate_seed,candidate,256,75,64,33,269,181,1908.3261950235662,392.8741327223276,2263.09573828129,53.59514714372939,4617.89121317091,18.03863755144887,55.43655928269814,9.429099736735225e-05,11,3,2,15,3,41
tune-code-2048,tune,code,2048,13,separate_seed,ordinary,256,256,0,0,0,0,6585.670180462547,0.0,0.0,0.0,6585.670180462547,25.725274142431825,38.87227768549134,8.762499783188105e-05,256,0,0,0,0,0
tune-code-2048,tune,code,2048,13,separate_seed,default,256,69,58,34,280,187,1779.0744866974987,401.59509665531675,2144.445226365703,57.068997483600555,4382.183807202121,17.117905496883285,58.418362000074914,9.341700933873653e-05,11,0,0,0,0,58
tune-code-2048,tune,code,2048,13,separate_seed,existing_cost_gate,256,69,58,34,280,187,1779.0744866974987,401.59509665531675,2144.445226365703,57.068997483600555,4382.183807202121,17.117905496883285,58.418362000074914,8.879200322553515e-05,11,0,0,0,0,58
tune-code-2048,tune,code,2048,13,separate_seed,fixed_1,256,135,134,13,133,121,3439.4443318077297,439.6337024721404,3606.709422784329,0.0,7485.787457064196,29.241357254157016,34.19813900251972,5.358300404623151e-05,1,134,0,0,0,0
tune-code-2048,tune,code,2048,13,separate_seed,fixed_2,256,98,98,23,189,158,2523.003754070916,412.7529234534233,2768.8526872012103,18.715457410510513,5723.324822136059,22.35673758646898,44.72924531731464,4.541699308902025e-05,0,1,97,0,0,0
tune-code-2048,tune,code,2048,13,separate_seed,fixed_3,256,76,76,20,223,180,1936.1971485758072,383.8046786186125,2370.1901537856725,21.332630120451515,4711.5246111005445,18.404393012111502,54.33485360489332,3.225001273676753e-05,0,1,0,75,0,0
tune-code-2048,tune,code,2048,13,separate_seed,fixed_4,256,63,62,23,248,193,1624.2156746472886,374.40571877977817,2122.1139184295926,32.318214753337664,4153.053526609997,16.2228653383203,61.64139189628131,2.5334011297672987e-05,1,0,0,0,62,0
tune-code-2048,tune,code,2048,13,separate_seed,fixed_5,256,60,60,33,286,196,1544.0339710215806,412.59272904693483,2221.4255276116364,54.81459109657414,4232.866818776725,16.534636010846583,60.47910575981282,2.2042018827050924e-05,0,1,0,0,0,59
tune-code-2048,tune,code,2048,13,separate_seed,candidate,256,145,53,21,155,111,3714.006903326671,268.9324830242118,1539.852624714402,22.090178413434693,5544.882189478721,21.659696052651253,46.16869957773923,0.00013879098696634173,92,3,2,43,3,2
tune-code-2048,tune,code,2048,14,separate_seed,ordinary,256,256,0,0,0,0,6497.33839192489,0.0,0.0,0.0,6497.33839192489,25.3802280934566,39.40074913108503,0.00010833301348611712,256,0,0,0,0,0
tune-code-2048,tune,code,2048,14,separate_seed,default,256,73,64,41,320,183,1856.3153939938654,437.6556021492057,2255.1857160784994,64.38003670092169,4613.536748922491,18.02162792547848,55.48888280987244,0.0001087500131689012,9,0,0,0,0,64
tune-code-2048,tune,code,2048,14,separate_seed,existing_cost_gate,256,79,64,42,320,177,2001.3842592761973,435.53184901101224,2244.571345890207,65.7461497798067,4747.233603957221,18.543881265457895,53.926143383085744,0.00010958395432680845,15,0,0,0,0,64
tune-code-2048,tune,code,2048,14,separate_seed,fixed_1,256,137,137,18,132,119,3470.156047196103,447.00088627038417,3518.6519872923577,0.0,7435.808920758844,29.046128596714233,34.42799602949917,7.362500764429569e-05,0,137,0,0,0,0
tune-code-2048,tune,code,2048,14,separate_seed,fixed_2,256,98,98,27,192,158,2488.8649204063254,408.0855602858837,2836.507120190728,30.729882425134022,5764.187483308075,22.516357356672167,44.41215708915166,4.274997627362609e-05,0,0,98,0,0,0
tune-code-2048,tune,code,2048,14,separate_seed,fixed_3,256,82,82,33,236,174,2083.2539168846474,413.85888366194854,2426.7919682016777,40.19117640590269,4964.095945154174,19.390999785758492,51.570316695812615,4.0457991417497396e-05,0,0,1,81,0,0
tune-code-2048,tune,code,2048,14,separate_seed,fixed_4,256,68,68,31,258,188,1726.4450845061249,402.4527603954237,2283.669535250061,45.16060461560589,4457.727984767217,17.41299994049694,57.428358319483316,3.100000321865082e-05,0,0,1,0,67,0
tune-code-2048,tune,code,2048,14,separate_seed,fixed_5,256,65,64,39,320,191,1644.554825844191,436.12348978171116,2291.817948336587,62.09539069298917,4434.591654655478,17.32262365099796,57.72797586250104,2.400000812485814e-05,1,0,0,0,0,64
tune-code-2048,tune,code,2048,14,separate_seed,candidate,256,88,69,33,260,168,2237.890592385252,405.9348494277151,2291.763449392466,47.51128437242757,4983.10017557786,19.465235060851015,51.373641102913055,0.00011274998541921377,19,2,18,2,11,36
tune-code-2048,tune,code,2048,15,separate_seed,ordinary,256,256,0,0,0,0,6557.186262154335,0.0,0.0,0.0,6557.186262154335,25.61400883654037,39.04113590268707,0.00010825000936165452,256,0,0,0,0,0
tune-code-2048,tune,code,2048,15,separate_seed,default,256,69,56,29,275,187,1764.4694153790729,388.5095190241824,1977.7694383835812,42.890772732450884,4173.639145519287,16.303277912184715,61.33735837580379,9.241700172424316e-05,13,0,0,0,0,56
tune-code-2048,tune,code,2048,15,separate_seed,existing_cost_gate,256,69,56,29,275,187,1764.4694153790729,388.5095190241824,1977.7694383835812,42.890772732450884,4173.639145519287,16.303277912184715,61.33735837580379,0.00011987501056864858,13,0,0,0,0,56
tune-code-2048,tune,code,2048,15,separate_seed,fixed_1,256,140,139,23,136,116,3587.064203638963,458.81665532282057,3468.992360738039,0.0,7514.873219699824,29.35497351445244,34.06577762734708,8.31250217743218e-05,1,139,0,0,0,0
tune-code-2048,tune,code,2048,15,separate_seed,fixed_2,256,101,101,28,196,155,2588.3111149941024,424.16625817091403,2667.049559546083,17.750981357790664,5697.277914068888,22.254991851831594,44.93373921040998,5.425000563263893e-05,0,0,101,0,0,0
tune-code-2048,tune,code,2048,15,separate_seed,fixed_3,256,76,76,26,224,180,1933.2110605387109,383.87260366775007,2418.6247962496755,36.70106647151819,4772.409526927654,18.64222471456115,53.641666448689236,3.795797238126397e-05,0,0,1,75,0,0
tune-code-2048,tune,code,2048,15,separate_seed,fixed_4,256,68,68,30,263,188,1750.5276199432667,409.0698717994128,2178.4194608717507,38.05207799041622,4376.069030604847,17.094019650800185,58.49999125005038,3.220798680558801e-05,0,0,0,1,67,0
tune-code-2048,tune,code,2048,15,separate_seed,fixed_5,256,57,57,27,283,199,1456.912565674834,390.39433549522425,2030.5235311295612,40.42744777996437,3918.2578800795836,15.305694844060874,65.33515859216504,2.7125002816319466e-05,0,0,0,1,0,56
tune-code-2048,tune,code,2048,15,separate_seed,candidate,256,86,75,25,223,170,2187.3365009054423,382.2904999179009,2360.403096213962,33.886816268772456,4963.916913306079,19.39030044260187,51.57217666431454,0.00010300002759322524,11,3,6,58,3,5
tune-code-2048,tune,code,2048,16,separate_seed,ordinary,256,256,0,0,0,0,6541.922712037442,0.0,0.0,0.0,6541.922712037442,25.554385593896257,39.13222629930313,9.833398507907987e-05,256,0,0,0,0,0
tune-code-2048,tune,code,2048,16,separate_seed,default,256,70,56,26,265,186,1759.3928335270666,377.6678416183693,2010.6175136207887,39.483202840977484,4187.161391607202,16.356099185965633,61.13927218404563,9.487499482929707e-05,14,0,0,0,0,56
tune-code-2048,tune,code,2048,16,separate_seed,existing_cost_gate,256,70,56,26,265,186,1759.3928335270666,377.6678416183693,2010.6175136207887,39.483202840977484,4187.161391607202,16.356099185965633,61.13927218404563,9.595800656825304e-05,14,0,0,0,0,56
tune-code-2048,tune,code,2048,16,separate_seed,fixed_1,256,135,134,13,131,121,3468.108485531145,443.3812520588288,3626.935516410225,0.0,7538.425254000203,29.44697364843829,33.95934712812278,5.704199429601431e-05,1,134,0,0,0,0
tune-code-2048,tune,code,2048,16,separate_seed,fixed_2,256,100,99,29,192,156,2544.8938014951837,413.1940723262076,2786.1822264752905,32.09147771323541,5776.361578009913,22.56391241410122,44.318555295182506,4.9667025450617075e-05,1,0,99,0,0,0
tune-code-2048,tune,code,2048,16,separate_seed,fixed_3,256,77,77,24,224,179,1982.3438535216046,393.7680978556037,2411.1431806129835,29.826422076474348,4817.081554066666,18.816724820572915,53.14421130858377,3.2791984267532825e-05,0,0,1,76,0,0
tune-code-2048,tune,code,2048,16,separate_seed,fixed_4,256,65,65,27,247,191,1662.368394264563,388.8535677931321,2215.2593748483405,39.29108064209776,4305.772417548133,16.819423506047393,59.45506988634015,2.7582980692386627e-05,0,0,0,1,64,0
tune-code-2048,tune,code,2048,16,separate_seed,fixed_5,256,59,59,27,277,197,1474.313487993751,394.57868946135767,2083.6578013124263,39.14710425970977,3991.6970830272444,15.592566730575173,64.13312299886577,2.4541979655623436e-05,0,0,1,0,0,58
tune-code-2048,tune,code,2048,16,separate_seed,candidate,256,85,68,30,251,171,2167.273061051759,396.03101066552546,2202.90188738937,39.89169307289469,4806.09765217955,18.773818953826368,53.265667601220045,9.0167042799294e-05,17,2,17,5,15,29
tune-code-2048,tune,code,2048,17,separate_seed,ordinary,256,256,0,0,0,0,6573.625615804619,0.0,0.0,0.0,6573.625615804619,25.678225061736793,38.94350164763153,9.658298222348094e-05,256,0,0,0,0,0
tune-code-2048,tune,code,2048,17,separate_seed,default,256,72,58,34,280,184,1837.6179579739219,397.4194582405399,2020.7782199258286,51.602478103421696,4307.418114243711,16.825852008764496,59.432354419800276,9.758298983797431e-05,14,0,0,0,0,58
tune-code-2048,tune,code,2048,17,separate_seed,existing_cost_gate,256,72,58,34,280,184,1837.6179579739219,397.4194582405399,2020.7782199258286,51.602478103421696,4307.418114243711,16.825852008764496,59.432354419800276,8.916697697713971e-05,14,0,0,0,0,58
tune-code-2048,tune,code,2048,17,separate_seed,fixed_1,256,136,136,16,133,120,3500.292406058475,450.8353130873346,3628.4534639070985,0.0,7579.581183052908,29.607738996300423,33.77495323519817,5.316699389368296e-05,0,136,0,0,0,0
tune-code-2048,tune,code,2048,17,separate_seed,fixed_2,256,99,99,24,191,157,2547.1126722950803,416.8510690741657,2726.8361328807678,15.635251333369878,5706.435125583386,22.290762209310103,44.86163329050873,3.833399387076497e-05,0,1,98,0,0,0
tune-code-2048,tune,code,2048,17,separate_seed,fixed_3,256,80,80,33,235,176,2033.821407184659,403.160001235277,2472.604851706265,44.85483767743768,4954.4410978036385,19.353285538295463,51.67081310412345,3.0750001315027475e-05,0,1,0,79,0,0
tune-code-2048,tune,code,2048,17,separate_seed,fixed_4,256,71,71,39,276,185,1808.7803233961333,423.5693137927228,2370.8580988005665,58.76159518969293,4661.969331179115,18.21081769991842,54.912416151663514,2.758303890004754e-05,0,0,0,0,71,0
tune-code-2048,tune,code,2048,17,separate_seed,fixed_5,256,61,61,32,291,195,1548.939611384599,413.9286774929733,2102.164272510576,45.59110898048611,4110.6236703686345,16.05712371237748,62.277654324177604,2.2041029296815395e-05,0,1,0,0,0,60
tune-code-2048,tune,code,2048,17,separate_seed,candidate,256,83,72,42,286,173,2129.7378754009674,435.26724361143863,2218.948337664373,56.23547727820443,4840.188933954981,18.906988023261643,52.890497353131025,8.02499707788229e-05,11,3,3,19,10,37
tune-code-2048,tune,code,2048,18,separate_seed,ordinary,256,256,0,0,0,0,6628.843866433965,0.0,0.0,0.0,6628.843866433965,25.893921353257674,38.61910238922509,9.662500815466046e-05,256,0,0,0,0,0
tune-code-2048,tune,code,2048,18,separate_seed,default,256,75,63,43,310,181,1937.3653715872538,438.8693023442461,2288.8906878877424,70.5755020878126,4735.700863907056,18.49883149963694,54.05746844170272,9.479199070483446e-05,12,0,0,0,0,63
tune-code-2048,tune,code,2048,18,separate_seed,existing_cost_gate,256,74,63,43,310,182,1911.0334479849275,437.9597017966595,2296.618712719279,70.74430422790297,4716.3561667287695,18.423266276284256,54.279191594124185,9.579199831932783e-05,11,0,0,0,0,63
tune-code-2048,tune,code,2048,18,separate_seed,fixed_1,256,136,135,15,132,120,3535.579716016854,452.06703652981577,3643.272047460034,0.0,7630.918800006703,29.808276562526185,33.547729534191234,6.708299042657018e-05,1,135,0,0,0,0
tune-code-2048,tune,code,2048,18,separate_seed,fixed_2,256,101,101,34,200,155,2614.762269060327,428.71716864672726,2925.7234783173294,42.277763639680636,6011.480679664064,23.48234640493775,42.58518219413223,5.400000372901559e-05,0,0,101,0,0,0
tune-code-2048,tune,code,2048,18,separate_seed,fixed_3,256,78,78,25,227,178,2005.7557887345322,398.67869967818666,2461.339889171498,32.18017083321885,4897.954548417437,19.132634954755613,52.26671613004563,3.32500203512609e-05,0,0,1,77,0,0
tune-code-2048,tune,code,2048,18,separate_seed,fixed_4,256,66,65,29,256,190,1737.081129880535,400.9848982881445,2369.6124514198896,48.01855143341211,4555.69703102198,17.79569152742961,56.19337683273716,2.8416980057954788e-05,1,0,0,0,65,0
tune-code-2048,tune,code,2048,18,separate_seed,fixed_5,256,66,65,44,319,190,1704.8441502377996,451.40079956695934,2380.491818826002,72.77480269957019,4609.511571330331,18.005904575509106,55.53733753316448,2.420798409730196e-05,1,0,0,0,1,64
tune-code-2048,tune,code,2048,18,separate_seed,candidate,256,75,65,42,296,181,1936.9152555494657,432.9526913518681,2332.5306694293367,69.92132056344104,4772.319936894111,18.641874753492623,53.64267345550353,7.916701724752784e-05,10,3,2,2,2,56
tune-code-2048,tune,code,2048,19,separate_seed,ordinary,256,256,0,0,0,0,6568.017377620876,0.0,0.0,0.0,6568.017377620876,25.656317881331546,38.97675436612967,9.416695684194565e-05,256,0,0,0,0,0
tune-code-2048,tune,code,2048,19,separate_seed,default,256,68,58,33,285,188,1734.0849637601216,396.18813106484356,2122.984191414325,53.452434948913826,4306.709721188204,16.82308484839142,59.44213020453365,8.999998681247234e-05,10,0,0,0,0,58
tune-code-2048,tune,code,2048,19,separate_seed,existing_cost_gate,256,77,60,37,290,179,1981.0789005593283,414.74725336141194,2189.992533736782,59.990249280778386,4645.808936938302,18.147691159915244,55.103428374889226,0.00010429095709696412,17,0,0,0,0,60
tune-code-2048,tune,code,2048,19,separate_seed,fixed_1,256,137,136,17,132,119,3505.2604063306567,447.7785091858077,3549.4109275169167,0.0,7502.449843033379,29.306444699349136,34.122187466233626,5.7375000324100256e-05,1,136,0,0,0,0
tune-code-2048,tune,code,2048,19,separate_seed,fixed_2,256,97,96,24,186,159,2503.2367554125876,405.72544182124807,2880.086929850521,29.981780785675348,5819.030907870028,22.7305894838673,43.99357969619465,4.050001734867692e-05,1,0,96,0,0,0
tune-code-2048,tune,code,2048,19,separate_seed,fixed_3,256,80,79,30,231,176,2046.364207956309,401.8555186731212,2426.4876757846214,37.49375894445821,4912.201161358508,19.188285786556673,52.11512957038615,3.3374992199242115e-05,1,0,0,79,0,0
tune-code-2048,tune,code,2048,19,separate_seed,fixed_4,256,71,71,34,268,185,1797.4908302723215,420.77004820537945,2198.099643891193,41.59393720894135,4457.954459577834,17.413884607725915,57.42544082073083,3.045797348022461e-05,0,0,0,0,71,0
tune-code-2048,tune,code,2048,19,separate_seed,fixed_5,256,60,60,32,288,196,1527.8682713220248,409.21834632657965,2090.3293046695085,45.39343366255468,4072.809355980668,15.909411546799484,62.85587603654462,2.337503246963024e-05,0,0,0,1,0,59
tune-code-2048,tune,code,2048,19,separate_seed,candidate,256,81,70,35,251,175,2079.230707299578,404.38147394050395,2161.7569625957813,45.80405229928161,4691.173196135143,18.324895297402904,54.57057100575767,8.408399298787117e-05,11,3,2,5,58,2
tune-prose-256,tune,prose,256,0,separate_seed,ordinary,256,256,0,0,0,0,5168.511427303119,0.0,0.0,0.0,5168.511427303119,20.189497762902807,49.53070213749695,0.00022141699446365237,256,0,0,0,0,0
tune-prose-256,tune,prose,256,0,separate_seed,default,256,204,114,114,520,52,4104.428709024986,1168.3296571282729,1092.2007037274966,101.41649195208944,6466.375561832844,25.259279538409547,39.58941103127619,0.00034320802660658956,90,0,0,0,0,114
tune-prose-256,tune,prose,256,0,separate_seed,existing_cost_gate,256,215,100,100,450,41,4337.184568318875,1024.357317212557,870.0640507655439,80.88010186091925,6312.486038157892,24.658148586554265,40.55454514315343,0.0003830839996226132,115,0,0,0,0,100
tune-prose-256,tune,prose,256,0,separate_seed,fixed_1,256,198,197,139,177,58,3992.4763803973756,1092.269867344412,1292.8390496065358,0.0,6377.585297348324,24.91244256776689,40.14058425944374,0.00019754201639443636,1,197,0,0,0,0
tune-prose-256,tune,prose,256,0,separate_seed,fixed_2,256,181,180,157,320,75,3630.220119949193,1205.6202100526561,1306.0968623357712,90.32173098521388,6232.258923322832,24.344761419229812,41.07659889449994,0.00018045800970867276,1,0,180,0,0,0
tune-prose-256,tune,prose,256,0,separate_seed,fixed_3,256,176,175,167,473,80,3536.5610134376548,1380.6613242668293,1401.6150705258394,132.19109223872374,6451.028500469042,25.199330079957196,39.683594636326085,0.00017779198242351413,1,0,1,174,0,0
tune-prose-256,tune,prose,256,0,separate_seed,fixed_4,256,174,173,171,622,82,3494.717631400398,1567.7144387354635,1542.0906278594664,150.9087294032352,6755.431427398561,26.38840401327563,37.89543314165246,0.0001967909629456699,1,0,1,0,172,0
tune-prose-256,tune,prose,256,0,separate_seed,fixed_5,256,174,173,172,776,82,3494.5416339734375,1770.1400375217527,1679.5579414127947,153.64082570553032,7097.8804386135125,27.726095463334033,36.06710513286789,0.00016837497241795063,1,0,1,0,1,171
tune-prose-256,tune,prose,256,0,separate_seed,candidate,256,250,15,12,39,6,5051.222171314593,114.52449449950353,99.98031930633095,3.6980500673783845,5269.425035187804,20.583691543702358,48.58215047951168,0.000548332987818867,235,3,3,5,2,2
tune-prose-256,tune,prose,256,1,separate_seed,ordinary,256,256,0,0,0,0,5256.446362189944,0.0,0.0,0.0,5256.446362189944,20.53299360230447,48.70210449428901,0.00010329199722036719,256,0,0,0,0,0
tune-prose-256,tune,prose,256,1,separate_seed,default,256,205,119,119,565,51,4211.58803893142,1245.1682138878562,1152.2570197139275,107.30730657491938,6716.320579108122,26.2356272621411,38.116107917230316,0.0002625829656608403,86,0,0,0,0,119
tune-prose-256,tune,prose,256,1,separate_seed,existing_cost_gate,256,209,107,106,505,47,4291.810724562278,1113.951223802565,982.98174642182,88.26034202352747,6477.004036810191,25.300797018789808,39.524446572072144,0.0002679580356925726,102,0,0,0,0,107
tune-prose-256,tune,prose,256,1,separate_seed,fixed_1,256,199,198,141,184,57,4081.550013014006,1115.8341596585094,1328.9241640153193,0.0,6526.308336687836,25.49339194018686,39.225851245931544,8.537498069927096e-05,1,198,0,0,0,0
tune-prose-256,tune,prose,256,1,separate_seed,fixed_2,256,180,179,156,335,76,3695.165830874039,1224.6511855915307,1395.4135837655333,98.53311028371535,6413.763710514817,25.053764494198504,39.91416141201303,7.429200923070312e-05,1,1,178,0,0,0
tune-prose-256,tune,prose,256,1,separate_seed,fixed_3,256,177,176,169,493,79,3638.7340482966456,1416.353036867821,1497.576931416354,145.1040673016114,6697.768083882435,26.163156577665763,38.22168770161519,7.254199590533972e-05,1,1,1,174,0,0
tune-prose-256,tune,prose,256,1,separate_seed,fixed_4,256,176,175,173,652,80,3619.855400607988,1617.5466673959309,1652.9887368596749,161.0974101674873,7051.48821503108,27.544875839965155,36.304393086030515,7.079099304974079e-05,1,1,1,1,172,0
tune-prose-256,tune,prose,256,1,separate_seed,fixed_5,256,176,175,174,813,80,3615.848820541969,1822.7513159765463,1767.7107080132039,161.07808357146348,7367.388928103186,28.77886300040307,34.747724397103326,6.966694490984082e-05,1,1,1,1,1,171
tune-prose-256,tune,prose,256,1,separate_seed,candidate,256,255,12,12,29,1,5235.984729300294,92.20981665964229,26.43866998154218,2.797623598851342,5357.4308395403295,20.927464216954412,47.78409795057008,0.00028670800384134054,243,3,3,2,2,2
tune-prose-256,tune,prose,256,2,separate_seed,ordinary,256,256,0,0,0,0,5222.001922589532,0.0,0.0,0.0,5222.001922589532,20.39844501011536,49.02334464730578,8.470797911286354e-05,256,0,0,0,0,0
tune-prose-256,tune,prose,256,2,separate_seed,default,256,199,117,114,545,57,4063.504450706478,1214.1916166008107,1162.8928462978417,98.44978158870578,6539.038695193836,25.543119903100923,39.14948541108326,0.00024100003065541387,82,0,0,0,0,117
tune-prose-256,tune,prose,256,2,separate_seed,existing_cost_gate,256,212,104,103,490,44,4333.078504904361,1084.2767507549665,988.197648864053,88.34527533435165,6493.898179857734,25.366789765069274,39.42162209965669,0.00027050002245232463,108,0,0,0,0,104
tune-prose-256,tune,prose,256,2,separate_seed,fixed_1,256,200,200,144,186,56,4066.7459300199193,1117.6122765685036,1270.5120158899674,0.0,6454.870222478388,25.214336806556204,39.65997629332774,8.504098514094949e-05,0,200,0,0,0,0
tune-prose-256,tune,prose,256,2,separate_seed,fixed_2,256,181,180,157,336,75,3697.90991347281,1225.6741180229567,1335.047414929985,92.68220757540436,6351.313654001156,24.809818960942014,40.306622211725745,7.741601439192891e-05,1,0,180,0,0,0
tune-prose-256,tune,prose,256,2,separate_seed,fixed_3,256,176,175,169,495,80,3598.4186648977607,1402.7126549259842,1461.5937857807096,144.3333772170896,6607.058482821546,25.808822198521664,38.74644074448621,7.504102541133761e-05,1,0,0,175,0,0
tune-prose-256,tune,prose,256,2,separate_seed,fixed_4,256,173,172,168,647,83,3538.10210494368,1584.426517771049,1572.9144109578613,146.81795247405307,6842.260986146642,26.72758197713532,37.414533078804936,7.162499241530895e-05,1,0,0,1,171,0
tune-prose-256,tune,prose,256,2,separate_seed,fixed_5,256,170,169,166,793,86,3474.8349823371623,1757.5289326799498,1715.8518648325055,150.29892832549262,7098.514708175112,27.72857307880903,36.06388244926417,7.291696965694427e-05,1,0,0,1,0,168
tune-prose-256,tune,prose,256,2,separate_seed,candidate,256,247,13,12,38,9,5038.738935474448,104.04012943684997,203.93571168389195,19.752937156996722,5366.4677137521885,20.962764506844486,47.70363182172338,0.00025924999499693513,234,3,3,2,2,3
tune-prose-256,tune,prose,256,3,separate_seed,ordinary,256,256,0,0,0,0,5219.6042337798735,0.0,0.0,0.0,5219.6042337798735,20.38907903820263,49.045864118056485,9.633402805775404e-05,256,0,0,0,0,0
tune-prose-256,tune,prose,256,3,separate_seed,default,256,196,117,115,530,60,4007.8203691306708,1221.4648143920779,1062.3033712885522,92.72199890219159,6384.31055371349,24.93871310044332,40.09830001942737,0.0002532079815864563,79,0,0,0,0,117
tune-prose-256,tune,prose,256,3,separate_seed,existing_cost_gate,256,210,100,99,455,46,4296.24575957648,1053.1198355143529,1011.0286311563501,90.72778808911622,6451.122014336297,25.19969536850116,39.683019392764926,0.00026649999199435115,110,0,0,0,0,100
tune-prose-256,tune,prose,256,3,separate_seed,fixed_1,256,205,204,153,185,51,4186.990297245606,1144.9332114765866,1169.7015971756598,0.0,6501.625105897849,25.39697306991347,39.37477105035994,8.887494914233685e-05,1,204,0,0,0,0
tune-prose-256,tune,prose,256,3,separate_seed,fixed_2,256,186,186,163,342,70,3805.151671532613,1269.852254521794,1214.3131598227076,78.37974471268113,6367.696830589791,24.87381574449137,40.202919016213386,7.799995364621282e-05,0,0,186,0,0,0
tune-prose-256,tune,prose,256,3,separate_seed,fixed_3,256,181,181,173,497,75,3699.4043937120537,1451.270240579747,1288.3739969156204,118.73154842642907,6557.780179633853,25.616328826694737,39.03760007007333,7.358402945101261e-05,0,0,1,180,0,0
tune-prose-256,tune,prose,256,3,separate_seed,fixed_4,256,177,177,172,646,79,3617.30171815138,1630.669311300221,1416.7913696754686,128.29569546266293,6793.058094589731,26.535383181991136,37.68553079266154,7.416598964482546e-05,0,0,1,0,176,0
tune-prose-256,tune,prose,256,3,separate_seed,fixed_5,256,176,176,173,802,80,3603.5991533421093,1835.2614611612516,1549.6807400046057,134.84379416434317,7123.385148672313,27.825723237001224,35.937969751321724,6.941601168364286e-05,0,0,1,0,0,175
tune-prose-256,tune,prose,256,3,separate_seed,candidate,256,247,13,10,36,9,5040.736089567503,103.4749789797176,180.93883912228733,12.716223767727252,5337.866131437232,20.851039575926688,47.959239459433846,0.0002514169900678098,234,3,3,3,2,2
tune-prose-256,tune,prose,256,4,separate_seed,ordinary,256,256,0,0,0,0,5226.666304609505,0.0,0.0,0.0,5226.666304609505,20.416665252380877,48.97959522960713,0.00011033302871510386,256,0,0,0,0,0
tune-prose-256,tune,prose,256,4,separate_seed,default,256,193,112,111,520,63,3938.451058252322,1179.2268225586577,1216.7023413974812,110.31285360356352,6444.693075812025,25.174582327390723,39.72260540394226,0.000291750009637326,81,0,0,0,0,112
tune-prose-256,tune,prose,256,4,separate_seed,existing_cost_gate,256,202,98,97,455,54,4136.43635290169,1026.8463623988296,1100.7327535028599,99.98520063650653,6364.000669439886,24.859377614999556,40.22626855294333,0.000277582963462919,104,0,0,0,0,98
tune-prose-256,tune,prose,256,4,separate_seed,fixed_1,256,198,197,139,182,58,4060.437240706513,1110.5174106216054,1323.5490326765275,0.0,6494.503684004643,25.369155015643138,39.417946690907904,9.795796358957887e-05,1,197,0,0,0,0
tune-prose-256,tune,prose,256,4,separate_seed,fixed_2,256,175,174,147,321,81,3593.201332131136,1191.4564110208235,1391.9544478095354,86.05449232280354,6262.666683284292,24.463541731579266,40.87715552278881,8.566700853407383e-05,1,1,173,0,0,0
tune-prose-256,tune,prose,256,4,separate_seed,fixed_3,256,172,171,159,468,84,3519.7467828431563,1370.6492531149063,1366.5590906214484,114.81368557182859,6371.768812151341,24.889721922466176,40.177226692812965,8.587504271417856e-05,1,1,1,169,0,0
tune-prose-256,tune,prose,256,4,separate_seed,fixed_4,256,170,169,167,615,86,3476.7834619614327,1555.037892136317,1506.2074648455377,146.66505322943902,6684.6938721727265,26.112085438174713,38.296443321912705,8.529104525223374e-05,1,1,1,0,167,0
tune-prose-256,tune,prose,256,4,separate_seed,fixed_5,256,169,168,167,763,87,3454.7092818120977,1744.9489322235613,1643.4215270790353,149.8607006253103,6992.940441740008,27.316173600546907,36.60834839547142,7.437501335516572e-05,1,1,1,0,0,166
tune-prose-256,tune,prose,256,4,separate_seed,candidate,256,249,14,11,34,7,5086.428959381992,106.2922354973868,130.71205110520017,6.249170177787971,5329.682416162363,20.81907193813423,48.032880762965384,0.00027366599533706903,235,3,5,2,2,2
tune-prose-256,tune,prose,256,5,separate_seed,ordinary,256,256,0,0,0,0,5237.027150187557,0.0,0.0,0.0,5237.027150187557,20.457137305420144,48.88269483018275,0.00011670798994600773,256,0,0,0,0,0
tune-prose-256,tune,prose,256,5,separate_seed,default,256,199,119,118,570,57,4069.9809801500246,1250.64878396663,1324.735401095665,120.30923664333926,6765.674401855657,26.42841563224866,37.83806089305532,0.0002668329980224371,80,0,0,0,0,119
tune-prose-256,tune,prose,256,5,separate_seed,existing_cost_gate,256,203,103,102,495,53,4135.288904821344,1072.1679676706196,1045.4812045246956,94.07019507436476,6347.008272091025,24.793001062855566,40.33396350303805,0.00025833299150690436,100,0,0,0,0,103
tune-prose-256,tune,prose,256,5,separate_seed,fixed_1,256,199,199,142,189,57,4075.1578779603346,1120.1452471668442,1301.6385663844753,0.0,6496.941691511651,25.378678482467386,39.40315492356469,9.300000965595245e-05,0,199,0,0,0,0
tune-prose-256,tune,prose,256,5,separate_seed,fixed_2,256,184,184,163,351,72,3767.392461348086,1256.4214545063282,1339.5206728693597,100.620648356259,6463.955237080033,25.24982514484388,39.604234653648845,8.195801638066769e-05,0,1,183,0,0,0
tune-prose-256,tune,prose,256,5,separate_seed,fixed_3,256,175,175,165,499,81,3580.658449890929,1403.8513656685425,1486.332705646398,136.38487917733832,6607.227400383207,25.809482032746903,38.74545016948448,7.850001566112041e-05,0,1,0,174,0,0
tune-prose-256,tune,prose,256,5,separate_seed,fixed_4,256,173,173,170,656,83,3538.4679379708855,1593.5362301438674,1633.123285223226,157.34531727281134,6922.47277061079,27.040909260198397,36.98100497944066,7.775000995025039e-05,0,1,0,1,171,0
tune-prose-256,tune,prose,256,5,separate_seed,fixed_5,256,172,172,170,813,84,3517.9939592674896,1788.1910760766668,1779.913864800054,161.07629544339764,7247.175195587607,28.30927810776409,35.324108096057046,7.050001295283437e-05,0,1,0,1,1,169
tune-prose-256,tune,prose,256,5,separate_seed,candidate,256,251,12,10,33,5,5138.868556952805,95.65311380552873,141.05922765408144,9.729005637866102,5385.309904050279,21.036366812696404,47.53672575230313,0.0002538749831728637,239,3,3,2,2,2
tune-prose-256,tune,prose,256,6,separate_seed,ordinary,256,256,0,0,0,0,5210.54811762536,0.0,0.0,0.0,5210.54811762536,20.35370358447406,49.13110755738855,0.00013058300828561187,256,0,0,0,0,0
tune-prose-256,tune,prose,256,6,separate_seed,default,256,186,112,110,520,70,3788.304520713139,1159.521724808923,1302.2012549336096,114.24226521811298,6364.269765673784,24.860428772163218,40.22456769207949,0.00023499998496845365,74,0,0,0,0,112
tune-prose-256,tune,prose,256,6,separate_seed,existing_cost_gate,256,189,96,94,460,67,3839.6392392327116,995.7311814676077,1182.9618346606583,102.58886488177744,6120.921120242757,23.90984812594827,41.823770470325385,0.00023075001081451774,93,0,0,0,0,96
tune-prose-256,tune,prose,256,6,separate_seed,fixed_1,256,190,189,123,177,66,3875.968324422736,1060.4662017381038,1482.1905817304496,0.0,6418.625107891292,25.07275432770036,39.88393085697812,8.404196705669165e-05,1,189,0,0,0,0
tune-prose-256,tune,prose,256,6,separate_seed,fixed_2,256,168,167,139,314,88,3422.6856713133106,1136.0438070065202,1525.5918880799861,101.84053732273382,6186.16190372256,24.16469493641625,41.382686710147446,7.304101018235087e-05,1,0,167,0,0,0
tune-prose-256,tune,prose,256,6,separate_seed,fixed_3,256,162,161,149,449,94,3298.0351125253437,1286.4669503037376,1648.9803215004804,145.37448495213533,6378.856869281701,24.917409645631643,40.13258256864246,6.495800334960222e-05,1,0,1,160,0,0
tune-prose-256,tune,prose,256,6,separate_seed,fixed_4,256,160,159,155,590,96,3258.3875807115064,1459.2214126296274,1749.7660003460614,164.37859703170312,6631.7535907189,25.905287463745704,38.602158011158686,6.749999010935426e-05,1,0,1,1,157,0
tune-prose-256,tune,prose,256,6,separate_seed,fixed_5,256,155,154,151,716,101,3152.6441280110103,1592.6938046552823,1909.122417026421,167.81668275215821,6822.277032444873,26.649519657987785,37.52412849588699,6.216700421646237e-05,1,0,1,1,1,151
tune-prose-256,tune,prose,256,6,separate_seed,candidate,256,249,15,13,35,7,5074.309163920976,116.71380994939456,113.10639931218664,6.640104611893829,5310.7694777944525,20.74519327263458,48.203937502916446,0.0002514999941922724,234,3,3,5,2,2
tune-prose-256,tune,prose,256,7,separate_seed,ordinary,256,256,0,0,0,0,5187.959698999303,0.0,0.0,0.0,5187.959698999303,20.26546757421603,49.345024798357514,0.0001248330227099359,256,0,0,0,0,0
tune-prose-256,tune,prose,256,7,separate_seed,default,256,196,126,125,605,60,3960.7352439312076,1303.793283996495,1275.0026446533964,115.36489613709934,6654.896068718201,25.99568776843047,38.46791856049349,0.0002602919703349471,70,0,0,0,0,126
tune-prose-256,tune,prose,256,7,separate_seed,existing_cost_gate,256,219,110,109,510,37,4425.512435895204,1140.3487735980857,779.7950836840421,69.67931434922413,6415.335607526554,25.0599047169006,39.90438157275163,0.00028454099083319306,109,0,0,0,0,110
tune-prose-256,tune,prose,256,7,separate_seed,fixed_1,256,200,200,144,186,56,4031.3847382238123,1108.478851227963,1265.600481427784,0.0,6405.464070879563,25.021344026873294,39.96587868845036,9.783398127183318e-05,0,200,0,0,0,0
tune-prose-256,tune,prose,256,7,separate_seed,fixed_2,256,183,182,161,340,73,3684.2376304557833,1223.9544664881128,1324.885358651036,98.28310757134753,6331.360563166281,24.731877199868286,40.433647309445874,8.283299393951893e-05,1,0,182,0,0,0
tune-prose-256,tune,prose,256,7,separate_seed,fixed_3,256,176,175,168,489,80,3546.533069248752,1385.6888716684953,1475.6853181722915,141.43934023483968,6549.3465993243835,25.583385153610873,39.08786870836984,7.958296919241548e-05,1,0,0,175,0,0
tune-prose-256,tune,prose,256,7,separate_seed,fixed_4,256,174,173,171,647,82,3505.4199177526016,1573.7877711520991,1623.6377562789282,158.35439342616505,6861.199838609799,26.80156186956953,37.31125838361678,7.741700392216444e-05,1,0,0,1,172,0
tune-prose-256,tune,prose,256,7,separate_seed,fixed_5,256,173,172,171,802,83,3484.592439055535,1766.1655096870832,1771.5901943855633,161.84199332241886,7184.190136450607,28.063242720510182,35.63380076776175,7.250002818182111e-05,1,0,0,1,1,170
tune-prose-256,tune,prose,256,7,separate_seed,candidate,256,255,12,12,33,1,5168.985605752727,89.54050776281112,27.353046861515868,3.0930264900772166,5288.972186867131,20.66004760494973,48.40259902210584,0.00026658299611881375,243,3,3,2,2,2
tune-prose-256,tune,prose,256,8,separate_seed,ordinary,256,256,0,0,0,0,5202.180141741953,0.0,0.0,0.0,5202.180141741953,20.321016178679503,49.21013748560392,0.0001295000547543168,256,0,0,0,0,0
tune-prose-256,tune,prose,256,8,separate_seed,default,256,212,121,121,560,44,4307.761103082723,1252.7174296071885,877.3917987097169,81.41234442224244,6519.282675821875,25.4659479524292,39.268123922502944,0.0002727920073084533,91,0,0,0,0,121
tune-prose-256,tune,prose,256,8,separate_seed,existing_cost_gate,256,211,108,107,510,45,4301.553446347665,1107.2899921863357,932.3594615879634,83.41857774133501,6424.621477863304,25.09617764790353,39.84670550351868,0.00026291696121916175,103,0,0,0,0,108
tune-prose-256,tune,prose,256,8,separate_seed,fixed_1,256,206,206,156,190,50,4177.740131103446,1148.5358774065369,1116.9859537880816,0.0,6443.261962298071,25.16899204022684,39.73142819552449,9.950000094249845e-05,0,206,0,0,0,0
tune-prose-256,tune,prose,256,8,separate_seed,fixed_2,256,191,191,173,353,65,3870.417747639056,1290.5760750144723,1205.408874759319,92.88847164672202,6459.291169059575,25.231606129138964,39.63283173024568,8.545903256163001e-05,0,1,190,0,0,0
tune-prose-256,tune,prose,256,8,separate_seed,fixed_3,256,186,186,176,513,70,3774.424805103856,1478.0231242464097,1277.669998718453,111.32283393193134,6641.440762000653,25.94312797656505,38.54585310234449,8.183298632502556e-05,0,1,1,184,0,0
tune-prose-256,tune,prose,256,8,separate_seed,fixed_4,256,182,182,177,666,74,3693.3878241622183,1659.8990856472337,1405.7393990841051,127.40474571307408,6886.431054606632,26.900121307057155,37.17455354885903,7.966702105477452e-05,0,1,1,1,179,0
tune-prose-256,tune,prose,256,8,separate_seed,fixed_5,256,180,180,177,820,76,3651.1285132107087,1850.9272772916272,1536.5210579436985,133.56264713113967,7172.139495577176,28.016169904598343,35.693672739893984,7.37080117687583e-05,0,1,1,1,1,176
tune-prose-256,tune,prose,256,8,separate_seed,candidate,256,252,13,11,30,4,5122.250945781886,94.51290733612102,96.00927624188549,5.950704326731355,5318.723833686623,20.77626497533837,48.131846661900475,0.0002565000322647393,239,4,3,2,2,2
tune-prose-256,tune,prose,256,9,separate_seed,ordinary,256,256,0,0,0,0,5202.504154296796,0.0,0.0,0.0,5202.504154296796,20.322281852721858,49.20707267260273,0.00012495799455791712,256,0,0,0,0,0
tune-prose-256,tune,prose,256,9,separate_seed,default,256,195,124,124,605,61,3964.406934500921,1288.5801313219633,1248.0640443396528,116.08720876394322,6617.138318926482,25.84819655830657,38.68741858815061,0.0002811669837683439,71,0,0,0,0,124
tune-prose-256,tune,prose,256,9,separate_seed,existing_cost_gate,256,200,104,103,495,56,4069.5958899679026,1080.3150797943633,1112.3240666329518,100.55534829558934,6362.790384690808,24.85464994019847,40.233920107748446,0.0002650420065037906,96,0,0,0,0,104
tune-prose-256,tune,prose,256,9,separate_seed,fixed_1,256,201,200,145,185,55,4086.699349989715,1118.2185212688985,1251.0691318132338,0.0,6455.987003071843,25.218699230749387,39.65311576342887,9.78340394794941e-05,1,200,0,0,0,0
tune-prose-256,tune,prose,256,9,separate_seed,fixed_2,256,183,182,162,342,73,3729.802126881272,1239.0163277074398,1369.5567179002508,107.84850451954708,6446.22367700851,25.180561238314493,39.71317360783881,8.312496356666088e-05,1,0,182,0,0,0
tune-prose-256,tune,prose,256,9,separate_seed,fixed_3,256,174,173,163,488,82,3538.695728802129,1381.1692545751448,1488.6800563360987,135.60637667168382,6544.151416385061,25.563091470254143,39.118899260037665,8.26249597594142e-05,1,0,1,172,0,0
tune-prose-256,tune,prose,256,9,separate_seed,fixed_4,256,173,172,170,645,83,3520.20429927154,1577.522113569515,1607.581344300466,157.7781854677338,6863.0859426092575,26.808929463317412,37.30100455403478,7.9666031524539e-05,1,0,1,1,170,0
tune-prose-256,tune,prose,256,9,separate_seed,fixed_5,256,172,171,170,800,84,3498.719464040048,1770.157863205357,1753.9825001938639,160.4470755522656,7183.306902991531,28.05979258981067,35.63818217113726,7.262500002980232e-05,1,0,1,1,0,169
tune-prose-256,tune,prose,256,9,separate_seed,candidate,256,252,12,12,33,4,5116.3706959232295,91.36205625784105,108.16212128127717,12.295484871732954,5328.190358334079,20.813243587242496,48.046331452775156,0.00026220898143947124,240,3,3,2,2,2
tune-prose-256,tune,prose,256,10,separate_seed,ordinary,256,256,0,0,0,0,5223.93934805401,0.0,0.0,0.0,5223.93934805401,20.406013078335977,49.005163142899725,0.00012162496568635106,256,0,0,0,0,0
tune-prose-256,tune,prose,256,10,separate_seed,default,256,208,115,115,525,48,4254.976853810084,1197.4058903036603,1057.8927683869153,98.70836701570897,6608.9838795163705,25.816343279360822,38.73515273557203,0.00027608301024883986,93,0,0,0,0,115
tune-prose-256,tune,prose,256,10,separate_seed,existing_cost_gate,256,214,101,100,470,42,4374.124004746821,1054.116749510244,926.7252683502396,83.30405094272746,6438.27007355003,25.149492474804806,39.762233810555706,0.0002773340092971921,113,0,0,0,0,101
tune-prose-256,tune,prose,256,10,separate_seed,fixed_1,256,200,199,143,187,56,4090.150697433228,1117.951842527222,1284.9980152279315,0.0,6493.1005551883845,25.363674043704627,39.426464725768085,9.899999713525176e-05,1,199,0,0,0,0
tune-prose-256,tune,prose,256,10,separate_seed,fixed_2,256,189,188,173,352,67,3861.7723158424774,1281.057954352787,1338.5387025092562,118.050160113422,6599.419132817941,25.778980987570083,38.79129281650708,9.0167042799294e-05,1,0,188,0,0,0
tune-prose-256,tune,prose,256,10,separate_seed,fixed_3,256,185,184,176,515,71,3785.1634200979665,1475.8313057319315,1433.786715304764,134.82694166767212,6829.6083828023375,26.67815774532163,37.483847630946826,8.604198228567839e-05,1,0,1,183,0,0
tune-prose-256,tune,prose,256,10,separate_seed,fixed_4,256,183,182,178,677,73,3734.6104414330216,1671.8733032751816,1539.5771708914265,144.26833310667064,7090.329248706302,27.69659862775899,36.10551654518859,9.020796278491616e-05,1,0,1,1,180,0
tune-prose-256,tune,prose,256,10,separate_seed,fixed_5,256,182,181,180,839,74,3714.908527916708,1876.6594705612247,1679.7469243908865,153.59368698956806,7424.908609858389,29.003549257259333,34.478538855023366,7.837498560547829e-05,1,0,1,1,1,178
tune-prose-256,tune,prose,256,10,separate_seed,candidate,256,252,12,11,33,4,5149.745914111733,93.41211510525245,113.01908785100235,9.410164127410123,5365.587281195398,20.959325317169522,47.71145945145558,0.00025908404495567083,240,3,3,2,2,2
tune-prose-256,tune,prose,256,11,separate_seed,ordinary,256,256,0,0,0,0,5218.535581700256,0.0,0.0,0.0,5218.535581700256,20.384904616016627,49.055907733524045,0.0001329589867964387,256,0,0,0,0,0
tune-prose-256,tune,prose,256,11,separate_seed,default,256,208,114,113,510,48,4231.769251653522,1181.5882430526174,1007.183340686221,90.20515584209244,6510.745991234447,25.432601528259557,39.31961104682292,0.0002713339636102319,94,0,0,0,0,114
tune-prose-256,tune,prose,256,11,separate_seed,existing_cost_gate,256,216,102,101,455,40,4394.863544777657,1059.0608631434084,738.1376825119364,65.44499693533291,6257.507087368331,24.443387060032542,40.910860575255676,0.00030625000363215804,114,0,0,0,0,102
tune-prose-256,tune,prose,256,11,separate_seed,fixed_1,256,205,204,153,185,51,4186.578405408367,1145.2175440944402,1184.758163695408,0.0,6516.55411319821,25.455289504680508,39.28456597659706,0.000108207983430475,1,204,0,0,0,0
tune-prose-256,tune,prose,256,11,separate_seed,fixed_2,256,192,191,172,341,64,3908.199391812262,1297.0395277277078,1170.1890554619451,83.58851228831082,6459.016487290224,25.230533153477438,39.634517190619626,8.583301678299904e-05,1,1,190,0,0,0
tune-prose-256,tune,prose,256,11,separate_seed,fixed_3,256,182,181,170,484,74,3702.9977089916597,1444.6790925552446,1275.7812761652547,105.33413000207729,6528.792207714234,25.503094561383726,39.21092781870401,8.787499973550439e-05,1,1,0,180,0,0
tune-prose-256,tune,prose,256,11,separate_seed,fixed_4,256,182,181,175,645,74,3699.008273848816,1658.4716452223702,1338.6655737995995,115.4770396357366,6811.622532506522,26.6079005176036,37.582822415410305,8.370797149837017e-05,1,1,0,0,180,0
tune-prose-256,tune,prose,256,11,separate_seed,fixed_5,256,180,179,177,800,76,3659.2196583583805,1852.5385929765482,1459.3047804254065,129.47811595858715,7100.541147718919,27.736488858277028,36.0535900960508,7.712497608736157e-05,1,1,0,0,1,177
tune-prose-256,tune,prose,256,11,separate_seed,candidate,256,251,13,12,27,5,5122.829776053918,101.12002909323661,113.73733559052334,9.310143928126104,5346.997284665803,20.886708143225793,47.877338695151494,0.00026291602989658713,238,3,4,2,2,2
tune-prose-256,tune,prose,256,12,separate_seed,ordinary,256,256,0,0,0,0,5252.588012617848,0.0,0.0,0.0,5252.588012617848,20.51792192428847,48.7378791911783,0.00013233302161097527,256,0,0,0,0,0
tune-prose-256,tune,prose,256,12,separate_seed,default,256,215,118,118,520,41,4411.239678327399,1237.5232026881074,1123.1343235427494,104.1602541888291,6876.057458747082,26.85959944823079,37.230637110854936,0.0002906250301748514,97,0,0,0,0,118
tune-prose-256,tune,prose,256,12,separate_seed,existing_cost_gate,256,214,100,99,465,42,4387.669578834627,1049.7781647507509,965.3552328931372,86.56797065157669,6489.370947130092,25.34910526222692,39.44912412707974,0.0002792910090647638,114,0,0,0,0,100
tune-prose-256,tune,prose,256,12,separate_seed,fixed_1,256,202,201,147,179,54,4149.787244353493,1135.643699592452,1246.8384671705599,0.0,6532.269411116507,25.516677387173857,39.190055383255235,0.00010795798152685165,1,201,0,0,0,0
tune-prose-256,tune,prose,256,12,separate_seed,fixed_2,256,186,185,167,335,70,3816.9412001307983,1266.6040663502629,1352.9643738635946,110.2733318068996,6546.782972151554,25.573370984967006,39.103174962262024,9.166699601337314e-05,1,1,184,0,0,0
tune-prose-256,tune,prose,256,12,separate_seed,fixed_3,256,183,182,178,492,73,3755.0493247327813,1463.715397893898,1478.8742028203912,151.93320704335065,6849.572132490424,26.75614114254072,37.37459728114746,8.916697697713971e-05,1,1,1,180,0,0
tune-prose-256,tune,prose,256,12,separate_seed,fixed_4,256,181,180,178,646,75,3714.749175351585,1661.9610684053432,1599.1224259240712,155.34951845063878,7131.182188131645,27.856180422389237,35.89867615864004,8.525000885128975e-05,1,1,1,1,177,0
tune-prose-256,tune,prose,256,12,separate_seed,fixed_5,256,180,179,178,800,76,3691.6471003898514,1862.9396985903668,1747.3854323011367,158.619221603248,7460.591452884604,29.142935362830485,34.31363339176263,7.516599725931883e-05,1,1,1,1,1,175
tune-prose-256,tune,prose,256,12,separate_seed,candidate,256,253,14,12,30,3,5191.772326357207,107.3276790995887,47.30602636199393,0.0,5346.4060318187885,20.884398561792143,47.882633394551895,0.0002581659937277436,239,3,5,2,2,2
tune-prose-256,tune,prose,256,13,separate_seed,ordinary,256,256,0,0,0,0,5188.297714015153,0.0,0.0,0.0,5188.297714015153,20.266787945371693,49.34180999453192,0.00011412502499297261,256,0,0,0,0,0
tune-prose-256,tune,prose,256,13,separate_seed,default,256,195,116,115,535,61,3947.6187346930374,1194.1357173865956,1078.9983801481874,97.02335015019136,6317.77618237801,24.678813212414102,40.52058708791447,0.00023958302335813642,79,0,0,0,0,116
tune-prose-256,tune,prose,256,13,separate_seed,existing_cost_gate,256,203,102,101,485,53,4113.879816449234,1053.6235398169329,992.8467176578989,89.02794335623918,6249.378017280306,24.411632880001196,40.9640766316469,0.0002579170395620167,101,0,0,0,0,102
tune-prose-256,tune,prose,256,13,separate_seed,fixed_1,256,201,200,145,181,55,4070.398685611063,1113.8461261483528,1242.4467141789148,0.0,6426.691525938333,25.104263773196614,39.83387081311991,9.56250005401671e-05,1,200,0,0,0,0
tune-prose-256,tune,prose,256,13,separate_seed,fixed_2,256,183,182,160,332,73,3726.222481278536,1237.7876098294703,1303.3470065977435,92.9259989920326,6360.283096697781,24.844855846475706,40.24978072641351,8.441595127806067e-05,1,0,182,0,0,0
tune-prose-256,tune,prose,256,13,separate_seed,fixed_3,256,177,177,168,483,79,3602.3031280968053,1414.8906144056723,1390.430045918841,127.82891791908347,6535.452706340404,25.529112134142203,39.170966649585004,7.449998520314693e-05,0,0,0,177,0,0
tune-prose-256,tune,prose,256,13,separate_seed,fixed_4,256,172,172,166,623,84,3493.5797538022694,1577.0341642883623,1529.571035223609,136.75587198376593,6736.940825298004,26.316175098820327,37.99944316546316,7.06670107319951e-05,0,0,0,1,171,0
tune-prose-256,tune,prose,256,13,separate_seed,fixed_5,256,171,171,169,777,85,3472.6344107113086,1770.0729734373404,1668.7120245283766,149.08507799186202,7060.504486668885,27.580095651050332,36.25803233796678,6.450002547353506e-05,0,0,0,1,1,169
tune-prose-256,tune,prose,256,13,separate_seed,candidate,256,254,13,12,33,2,5148.871782765189,97.19290929402666,45.8259399210946,2.9474681693904663,5294.838100149701,20.68296132870977,48.34897595693476,0.0002661669859662652,241,4,3,2,2,2
tune-prose-256,tune,prose,256,14,separate_seed,ordinary,256,256,0,0,0,0,5173.779305563691,0.0,0.0,0.0,5173.779305563691,20.21007541235817,49.48027058763544,0.00012912502279505134,256,0,0,0,0,0
tune-prose-256,tune,prose,256,14,separate_seed,default,256,209,120,120,555,47,4218.309999224476,1236.6676621110466,940.9527422374247,87.71540969222313,6483.645813265168,25.326741458067062,39.483958157652395,0.00029187503969296813,89,0,0,0,0,120
tune-prose-256,tune,prose,256,14,separate_seed,existing_cost_gate,256,217,108,108,500,39,4373.373407886794,1114.001536340424,867.8028607903644,81.03720674818155,6436.215011765761,25.141464889710004,39.77492975794278,0.0002768749836832285,109,0,0,0,0,108
tune-prose-256,tune,prose,256,14,separate_seed,fixed_1,256,203,202,149,184,53,4088.7820790787537,1118.496385136532,1183.1028445531128,0.0,6390.3813087683975,24.962426987376553,40.060207306993746,9.395804954692721e-05,1,202,0,0,0,0
tune-prose-256,tune,prose,256,14,separate_seed,fixed_2,256,189,188,171,343,67,3814.1416643519237,1265.4628677107282,1266.4701671536031,104.8459980959203,6450.920697312179,25.1989089738757,39.684257800078704,9.200000204145908e-05,1,1,187,0,0,0
tune-prose-256,tune,prose,256,14,separate_seed,fixed_3,256,185,184,179,502,71,3729.20842705758,1454.5835443716949,1378.1819925733146,138.54935763993723,6700.523321642528,26.173919225166124,38.20597104305662,7.387495134025812e-05,1,1,0,183,0,0
tune-prose-256,tune,prose,256,14,separate_seed,fixed_4,256,185,184,184,669,71,3729.20842705758,1671.9648257888277,1519.018108602704,154.47214778534382,7074.663509234457,27.635404332947097,36.18546658308863,8.304201764985919e-05,1,1,0,0,183,0
tune-prose-256,tune,prose,256,14,separate_seed,fixed_5,256,185,184,184,835,71,3729.20842705758,1888.1921687213974,1656.930707207467,154.47214778534382,7428.803450771784,29.01876347957728,34.460462131812626,7.541599916294217e-05,1,1,0,0,1,182
tune-prose-256,tune,prose,256,14,separate_seed,candidate,256,252,12,12,33,4,5091.5309303770655,93.35384951997577,127.21806841219981,13.100300252050785,5325.20314856129,20.801574799067538,48.07328337683484,0.0002553749945946038,240,3,3,2,2,2
tune-prose-256,tune,prose,256,15,separate_seed,ordinary,256,256,0,0,0,0,5236.778950347961,0.0,0.0,0.0,5236.778950347961,20.45616777479672,48.88501165071899,0.0001354169799014926,256,0,0,0,0,0
tune-prose-256,tune,prose,256,15,separate_seed,default,256,201,109,108,485,55,4135.757093381097,1138.1827915855986,1206.3140837624082,109.17304732903908,6589.427016058139,25.739949281477106,38.85011540095056,0.0002804169780574739,92,0,0,0,0,109
tune-prose-256,tune,prose,256,15,separate_seed,existing_cost_gate,256,204,88,87,385,52,4182.182605962308,917.3133557215648,978.9461756419311,88.03289683788789,6166.47503416369,24.087793102201914,41.51480360849612,0.00026483298279345036,116,0,0,0,0,88
tune-prose-256,tune,prose,256,15,separate_seed,fixed_1,256,196,195,135,178,60,4020.2086745231813,1099.3274830235598,1360.4517982335885,0.0,6479.987955780329,25.31245295226691,39.50624626881303,9.691697778180242e-05,1,195,0,0,0,0
tune-prose-256,tune,prose,256,15,separate_seed,fixed_2,256,174,173,147,312,82,3569.278152519466,1184.0790953174142,1434.1490902558683,95.7934037014059,6283.299741794158,24.54413961638343,40.74292338740166,7.43329874239862e-05,1,0,173,0,0,0
tune-prose-256,tune,prose,256,15,separate_seed,fixed_3,256,167,166,155,455,89,3431.7804166599562,1338.004951136102,1506.9025131059266,134.53871446627414,6411.226595368259,25.043853888157262,39.929956645885085,7.212499622255564e-05,1,0,1,165,0,0
tune-prose-256,tune,prose,256,15,separate_seed,fixed_4,256,164,163,159,598,92,3364.7870703371605,1507.5524305099557,1660.1615448764394,156.82852422563624,6689.329569949191,26.130193632614027,38.26990393028945,7.133401231840253e-05,1,0,1,0,162,0
tune-prose-256,tune,prose,256,15,separate_seed,fixed_5,256,163,162,161,742,93,3344.321640261891,1692.8716952643651,1811.8210608968393,166.3851302693224,7015.399526692416,27.40390440114225,36.4911505076743,6.833299994468689e-05,1,0,1,0,0,161
tune-prose-256,tune,prose,256,15,separate_seed,candidate,256,251,14,12,30,5,5139.632413223832,110.55129402285368,87.60566775807585,3.9295618481580137,5341.718936852921,20.86608959708172,47.92464804425346,0.0002716669696383178,237,3,5,2,2,2
tune-prose-256,tune,prose,256,16,separate_seed,ordinary,256,256,0,0,0,0,5215.418528746602,0.0,0.0,0.0,5215.418528746602,20.372728627916413,49.08522654298338,0.00013270799536257982,256,0,0,0,0,0
tune-prose-256,tune,prose,256,16,separate_seed,default,256,215,117,117,530,41,4362.336536252493,1216.925826000804,860.5256692942743,79.63389507356808,6519.421926621142,25.466491900863836,39.26728517978872,0.00030449999030679464,98,0,0,0,0,117
tune-prose-256,tune,prose,256,16,separate_seed,existing_cost_gate,256,208,104,103,480,48,4229.049015181168,1073.1518607552262,813.9980730342332,72.57979707659108,6188.778746047219,24.17491697674695,41.365188594519964,0.0002621249877847731,104,0,0,0,0,104
tune-prose-256,tune,prose,256,16,separate_seed,fixed_1,256,210,209,163,188,46,4278.833802488538,1170.98541133401,1046.475207519718,0.0,6496.294421342267,25.37615008336823,39.40708092893136,0.00010720896534621716,1,209,0,0,0,0
tune-prose-256,tune,prose,256,16,separate_seed,fixed_2,256,190,190,168,340,66,3867.3456016136784,1291.5833731040082,1132.2196492514938,70.42567963334044,6361.574303602524,24.84989962344736,40.24161124000841,8.945801528170705e-05,0,0,190,0,0,0
tune-prose-256,tune,prose,256,16,separate_seed,fixed_3,256,184,184,175,494,72,3732.964810959347,1465.833513752093,1223.7091378710986,109.18022128570863,6531.687683868251,25.514405015110356,39.19354574044629,8.529104525223374e-05,0,0,1,183,0,0
tune-prose-256,tune,prose,256,16,separate_seed,fixed_4,256,181,181,177,645,75,3671.3313504036514,1655.9673090737058,1346.3424476629182,124.95076409710354,6798.591871237382,26.556999497021025,37.65485630679674,7.983297109603882e-05,0,0,1,1,179,0
tune-prose-256,tune,prose,256,16,separate_seed,fixed_5,256,180,180,178,799,76,3653.3169464798866,1859.8705939361846,1468.9757574547368,130.7850281799431,7112.9483260507495,27.78495439863574,35.99070150171276,8.000002708286047e-05,0,0,1,1,1,177
tune-prose-256,tune,prose,256,16,separate_seed,candidate,256,255,12,12,28,1,5196.199371012625,91.3247182259497,36.84242044865535,3.387352506345507,5327.753862193573,20.811538524193644,48.05026782798826,0.00026837497716769576,243,3,3,2,2,2
tune-prose-256,tune,prose,256,17,separate_seed,ordinary,256,256,0,0,0,0,5224.435493555554,0.0,0.0,0.0,5224.435493555554,20.407951146701382,49.00050930206357,0.00014225003542378545,256,0,0,0,0,0
tune-prose-256,tune,prose,256,17,separate_seed,default,256,193,111,110,510,63,3953.705579470143,1173.3595782730438,1351.4775028141987,121.65253589880506,6600.195196456193,25.782012486157004,38.78673166173217,0.00026825000531971455,82,0,0,0,0,111
tune-prose-256,tune,prose,256,17,separate_seed,existing_cost_gate,256,201,93,92,420,55,4102.656224131594,965.0921707879779,1115.9904575004311,99.92473378418961,6283.6635862041985,24.54556088361015,40.74056424058868,0.0002710000262595713,108,0,0,0,0,93
tune-prose-256,tune,prose,256,17,separate_seed,fixed_1,256,196,195,135,182,60,4026.287677475815,1101.7643374249474,1392.1866374673614,0.0,6520.238652368122,25.469682235812975,39.262366555712184,8.204201003536582e-05,1,195,0,0,0,0
tune-prose-256,tune,prose,256,17,separate_seed,fixed_2,256,177,176,152,328,79,3631.684553229257,1206.8399286559693,1440.9966622269735,101.782026682006,6381.303170794206,24.92696551091487,40.11719756109608,8.224998600780964e-05,1,0,176,0,0,0
tune-prose-256,tune,prose,256,17,separate_seed,fixed_3,256,170,169,158,470,86,3483.1319746776835,1360.3862948138233,1541.6790387003664,137.58409807024194,6522.781406262119,25.479614868211403,39.24706103967093,7.012503920122981e-05,1,0,1,168,0,0
tune-prose-256,tune,prose,256,17,separate_seed,fixed_4,256,171,170,167,629,85,3496.6004683311703,1567.8901897520097,1634.3516019737324,156.86586122418387,6855.708121281099,26.780109848754293,37.341146307751835,7.229199400171638e-05,1,0,1,1,168,0
tune-prose-256,tune,prose,256,17,separate_seed,fixed_5,256,168,167,164,769,88,3439.335371566988,1740.417712663693,1783.2769212259316,156.86586122418387,7119.895866680803,27.812093229221887,35.95558204692447,7.062498480081558e-05,1,0,1,1,1,164
tune-prose-256,tune,prose,256,17,separate_seed,candidate,256,248,14,12,37,8,5066.238543664959,109.79355771906418,152.93847031200445,10.327118264510842,5339.297689960542,20.856631601408367,47.94638075366273,0.0002637499710544944,234,3,4,3,2,2
tune-prose-256,tune,prose,256,18,separate_seed,ordinary,256,256,0,0,0,0,5221.644287634566,0.0,0.0,0.0,5221.644287634566,20.397047998572525,49.026702298782865,0.00013475003652274609,256,0,0,0,0,0
tune-prose-256,tune,prose,256,18,separate_seed,default,256,200,108,105,465,56,4076.3479841666554,1122.3222137455905,1108.8432416521507,93.08595190953281,6400.59939147393,25.00234137294504,39.996254154104825,0.0002934999647550285,92,0,0,0,0,108
tune-prose-256,tune,prose,256,18,separate_seed,existing_cost_gate,256,211,88,87,380,45,4316.715460714162,912.2895112303493,924.1781312556631,83.31000662719333,6236.493109827374,24.36130121026318,41.04871046784273,0.000278000021353364,123,0,0,0,0,88
tune-prose-256,tune,prose,256,18,separate_seed,fixed_1,256,196,195,135,175,60,4013.8207191177,1096.9902463807396,1362.553201791741,0.0,6473.3641672901795,25.286578778477264,39.54667053856857,0.00010874995496124029,1,195,0,0,0,0
tune-prose-256,tune,prose,256,18,separate_seed,fixed_2,256,179,178,155,315,77,3665.657860862268,1214.5559238391922,1387.940973518046,101.11182916252642,6369.2665873820315,24.87994760696106,40.19301068464525,8.829199941828847e-05,1,1,177,0,0,0
tune-prose-256,tune,prose,256,18,separate_seed,fixed_3,256,172,171,159,454,84,3521.5735262098656,1370.1729898108251,1432.515287213692,123.2796406173376,6447.541443851715,25.18570876504576,39.70505691655818,8.366699330508709e-05,1,1,1,169,0,0
tune-prose-256,tune,prose,256,18,separate_seed,fixed_4,256,167,166,161,589,89,3422.8218554053683,1529.3859062019371,1578.9037107245802,145.07845713617235,6676.189929468058,26.0788669119846,38.34522425283929,8.804199751466513e-05,1,1,1,0,164,0
tune-prose-256,tune,prose,256,18,separate_seed,fixed_5,256,164,163,160,721,92,3362.7680881281885,1696.7858155638985,1725.2921342354682,151.18742555738393,6936.033463484938,27.093880716738038,36.908703129493766,7.53339845687151e-05,1,1,1,0,0,161
tune-prose-256,tune,prose,256,18,separate_seed,candidate,256,246,16,15,47,10,5030.702551793317,133.53415933435772,148.17235817395868,13.66616953185876,5326.075238833491,20.804981401693325,48.06541186903487,0.00025824998738244176,230,3,4,2,2,5
tune-prose-256,tune,prose,256,19,separate_seed,ordinary,256,256,0,0,0,0,5199.35756829582,0.0,0.0,0.0,5199.35756829582,20.309990501155546,49.236852175933045,0.000127042003441602,256,0,0,0,0,0
tune-prose-256,tune,prose,256,19,separate_seed,default,256,208,112,111,500,48,4200.073078172774,1173.8151965711595,1077.9133278713184,96.23395024053492,6548.035552855787,25.578263878342916,39.09569487422087,0.00028387497877702117,96,0,0,0,0,112
tune-prose-256,tune,prose,256,19,separate_seed,existing_cost_gate,256,205,96,95,450,51,4161.969526409496,999.8655413722286,998.8025858846572,88.6400194327712,6249.277673099151,24.411240910543558,40.96473438874162,0.0002502080169506371,109,0,0,0,0,96
tune-prose-256,tune,prose,256,19,separate_seed,fixed_1,256,198,198,140,182,58,3997.279266338343,1099.0201115032473,1347.5115167989811,0.0,6443.810894640573,25.171136307189737,39.72804357324011,9.641697397455573e-05,0,198,0,0,0,0
tune-prose-256,tune,prose,256,19,separate_seed,fixed_2,256,183,183,161,333,73,3689.359032074502,1231.0903057397009,1361.2110354637618,98.33447692667716,6379.994850204643,24.921854883611886,40.125424237887685,8.099997648969293e-05,0,1,182,0,0,0
tune-prose-256,tune,prose,256,19,separate_seed,fixed_3,256,174,174,161,475,82,3517.7403133805146,1380.4549768537756,1456.9717453834187,120.5459829844217,6475.713018602135,25.29575397891459,39.532326288180826,7.316697156056762e-05,0,1,0,173,0,0
tune-prose-256,tune,prose,256,19,separate_seed,fixed_4,256,173,173,168,624,83,3495.499893812947,1575.3361322798373,1569.4567905350875,142.9583745031728,6783.251191131048,26.497074965355655,37.74001474907997,7.26659782230854e-05,0,1,0,1,171,0
tune-prose-256,tune,prose,256,19,separate_seed,fixed_5,256,172,172,170,774,84,3475.803960963461,1769.0332178949416,1710.188459555914,153.19666303679185,7108.222301451104,27.766493365043374,36.01463054239863,6.962503539398313e-05,0,1,0,1,0,170
tune-prose-256,tune,prose,256,19,separate_seed,candidate,256,254,12,12,33,2,5153.146490023078,89.0775034306119,55.74154065337361,6.771837772685987,5304.737371879747,20.721630358905262,48.25875100943701,0.0002656250144354999,242,3,3,2,2,2
tune-prose-2048,tune,prose,2048,0,separate_seed,ordinary,256,256,0,0,0,0,6564.820261016095,0.0,0.0,0.0,6564.820261016095,25.64382914459412,38.995736337246896,0.0002382500097155571,256,0,0,0,0,0
tune-prose-2048,tune,prose,2048,0,separate_seed,default,256,191,108,106,495,65,4910.67519615078,1129.853120942769,1933.7579953202337,106.82154038311769,8081.107852796906,31.566827549987913,31.6788248174905,0.0004094999749213457,83,0,0,0,0,108
tune-prose-2048,tune,prose,2048,0,separate_seed,existing_cost_gate,256,205,103,102,500,51,5265.1797671241,1082.4335287941503,1681.585064440971,95.27370798222158,8124.472068341448,31.73621901695878,31.509739690970534,0.00040799996349960566,102,0,0,0,0,103
tune-prose-2048,tune,prose,2048,0,separate_seed,fixed_1,256,202,201,147,189,54,5186.7497207556125,1128.3852511910372,1966.9692326769643,0.0,8282.104204623614,32.351969549310994,30.91001920225587,0.00020483299158513546,1,201,0,0,0,0
tune-prose-2048,tune,prose,2048,0,separate_seed,fixed_2,256,184,183,160,346,72,4715.274338752066,1245.3351034660798,2014.5397766160575,82.62082543506624,8057.770044269269,31.475664235426834,31.77057654829311,0.00017912499606609344,1,0,183,0,0,0
tune-prose-2048,tune,prose,2048,0,separate_seed,fixed_3,256,176,175,165,492,80,4508.825329099056,1400.4487459592663,2199.935454888058,122.6233946653785,8231.83292461176,32.155597361764684,31.098784723218106,0.00017629098147153854,1,0,0,175,0,0
tune-prose-2048,tune,prose,2048,0,separate_seed,fixed_4,256,172,171,166,643,84,4416.382491134203,1575.8540413701767,2382.8353011417644,136.59855123132616,8511.670384877467,33.248712440927605,30.076352634005968,0.0001727920025587082,1,0,0,1,170,0
tune-prose-2048,tune,prose,2048,0,separate_seed,fixed_5,256,169,168,165,787,87,4339.02226035139,1747.491098970131,2599.1499866588633,142.78920157612617,8828.452547556513,34.48614276389263,28.997154214852088,0.00016583403339609504,1,0,0,1,1,166
tune-prose-2048,tune,prose,2048,0,separate_seed,candidate,256,252,13,12,35,4,6468.280063357231,101.06941653685246,117.85672165640005,6.002119411884635,6693.208320962368,26.14534500375925,38.24772631060012,0.0004056670004501939,239,3,4,2,2,2
tune-prose-2048,tune,prose,2048,1,separate_seed,ordinary,256,256,0,0,0,0,6562.684364569502,0.0,0.0,0.0,6562.684364569502,25.635485799099616,39.00842792045402,0.00011729198740795255,256,0,0,0,0,0
tune-prose-2048,tune,prose,2048,1,separate_seed,default,256,209,111,111,480,47,5383.017847967682,1157.7526799617822,1638.0313290099364,96.09453717006829,8274.89639410947,32.32381403949012,30.93694323257449,0.0002654999843798578,98,0,0,0,0,111
tune-prose-2048,tune,prose,2048,1,separate_seed,existing_cost_gate,256,216,103,103,460,40,5557.5958965295395,1067.5104076463524,1435.6024767759814,84.28800565150729,8144.996786603383,31.816393697669465,31.4303377529946,0.0002899579703807831,113,0,0,0,0,103
tune-prose-2048,tune,prose,2048,1,separate_seed,fixed_1,256,197,196,137,175,59,5084.118042478211,1105.9518331715985,2157.6740342311423,0.0,8347.743909880946,32.60837464797245,30.666968556256418,9.179196786135435e-05,1,196,0,0,0,0
tune-prose-2048,tune,prose,2048,1,separate_seed,fixed_2,256,185,184,164,325,71,4755.74824371913,1254.1643142286193,2091.7077716207637,100.2300958875441,8201.850425456054,32.03847822443771,31.21246873820738,8.312496356666088e-05,1,1,183,0,0,0
tune-prose-2048,tune,prose,2048,1,separate_seed,fixed_3,256,179,178,172,468,77,4601.3787902731465,1424.669807657716,2335.4661683016275,145.20515557169165,8506.719921804182,33.22937469454759,30.09385548756908,7.683399599045515e-05,1,1,1,176,0,0
tune-prose-2048,tune,prose,2048,1,separate_seed,fixed_4,256,178,177,175,618,78,4574.188710105642,1625.2155286075229,2525.848458455893,154.9799987321368,8880.232695901193,34.68840896836404,28.82807340377023,7.983297109603882e-05,1,1,1,1,174,0
tune-prose-2048,tune,prose,2048,1,separate_seed,fixed_5,256,177,176,175,765,79,4551.987795320646,1824.1520553121147,2760.033083743194,158.05867740262764,9294.231611778581,36.30559223351008,27.54396605261818,7.30419997125864e-05,1,1,1,1,1,172
tune-prose-2048,tune,prose,2048,1,separate_seed,candidate,256,252,12,12,29,4,6458.143607974392,88.29216408665535,137.78564923990132,9.579711820257181,6693.8011331212065,26.147660676254713,38.24433903978733,0.00026520900428295135,240,3,3,2,2,2
tune-prose-2048,tune,prose,2048,2,separate_seed,ordinary,256,256,0,0,0,0,6519.537789129002,0.0,0.0,0.0,6519.537789129002,25.466944488785163,39.26658733796543,0.00012816599337384105,256,0,0,0,0,0
tune-prose-2048,tune,prose,2048,2,separate_seed,default,256,199,120,120,570,57,5066.353237867487,1245.3900751279798,1918.5418862116155,112.5161917023924,8342.801390909472,32.58906793324012,30.685136563234515,0.00024454196682199836,79,0,0,0,0,120
tune-prose-2048,tune,prose,2048,2,separate_seed,existing_cost_gate,256,212,104,104,505,44,5407.35852870086,1084.2414301098374,1684.4126513966498,98.64950045071939,8274.662110658068,32.32289886975808,30.93781916125163,0.0002776249893940985,108,0,0,0,0,104
tune-prose-2048,tune,prose,2048,2,separate_seed,fixed_1,256,196,196,136,188,60,4983.861867593612,1089.3508136268822,2142.805100290999,0.0,8216.017781511497,32.093819459029284,31.158647267789117,8.845899719744921e-05,0,196,0,0,0,0
tune-prose-2048,tune,prose,2048,2,separate_seed,fixed_2,256,183,183,162,349,73,4655.373470490524,1234.7520693681208,2129.5747803654535,101.44737962158493,8121.147699845678,31.72323320252218,31.522638112451105,7.845798972994089e-05,0,1,182,0,0,0
tune-prose-2048,tune,prose,2048,2,separate_seed,fixed_3,256,175,175,166,502,81,4442.871849440479,1385.62939078626,2367.885788842222,139.2301839388141,8335.617213007772,32.56100473831161,30.711583012774476,6.937503349035978e-05,0,1,0,174,0,0
tune-prose-2048,tune,prose,2048,2,separate_seed,fixed_4,256,172,172,168,657,84,4369.633014939082,1566.4711490637387,2606.1967973189903,154.73036888506647,8697.031330206883,33.972778633620635,29.435331468894496,7.470801938325167e-05,0,1,0,0,171,0
tune-prose-2048,tune,prose,2048,2,separate_seed,fixed_5,256,172,172,171,820,84,4369.633014939082,1768.7865205828957,2839.3554012179575,164.49130061461636,9142.266237354552,35.71197748966622,28.001809765067325,6.925000343471766e-05,0,1,0,0,1,170
tune-prose-2048,tune,prose,2048,2,separate_seed,candidate,256,254,13,11,34,2,6469.123169536249,93.76083712223651,71.60967469892694,0.0,6634.493681357414,25.9159909428024,38.58621505953752,0.0002589580253697932,241,4,3,2,2,2
tune-prose-2048,tune,prose,2048,3,separate_seed,ordinary,256,256,0,0,0,0,6551.45930458929,0.0,0.0,0.0,6551.45930458929,25.591637908551913,39.07526370814397,0.00013979198411107063,256,0,0,0,0,0
tune-prose-2048,tune,prose,2048,3,separate_seed,default,256,205,122,121,570,51,5241.356954647465,1267.2096742605581,1729.0759475126943,97.69237763650736,8335.334954057224,32.55990216428603,30.712622997278835,0.00025987497065216303,83,0,0,0,0,122
tune-prose-2048,tune,prose,2048,3,separate_seed,existing_cost_gate,256,215,100,99,460,41,5491.306417398287,1034.7921727420978,1361.1024338535153,76.3631182281577,7963.564142222056,31.107672430554906,32.146410254010824,0.00027795898495242,115,0,0,0,0,100
tune-prose-2048,tune,prose,2048,3,separate_seed,fixed_1,256,202,201,147,185,54,5170.7235597827985,1125.0416630634058,1957.6120347117562,0.0,8253.377257557957,32.23975491233577,31.017605522099487,0.00010329100769013166,1,201,0,0,0,0
tune-prose-2048,tune,prose,2048,3,separate_seed,fixed_2,256,187,186,166,342,69,4790.487705981273,1265.145259867855,2011.9464975168528,95.01823606181893,8162.597699427804,31.88514726338986,31.362564887639326,8.42920271679759e-05,1,0,186,0,0,0
tune-prose-2048,tune,prose,2048,3,separate_seed,fixed_3,256,187,186,179,513,69,4780.999985202326,1485.5584011329533,2066.6256288042036,123.18506146437498,8456.369076603856,33.03269170548381,30.273040081501694,8.229201193898916e-05,1,0,0,186,0,0
tune-prose-2048,tune,prose,2048,3,separate_seed,fixed_4,256,182,181,176,663,74,4649.645917058528,1660.041078890647,2272.928327213762,129.0381849261051,8711.653508089043,34.02989651597282,29.385925388595403,8.287501987069845e-05,1,0,0,1,180,0
tune-prose-2048,tune,prose,2048,3,separate_seed,fixed_5,256,180,179,177,817,76,4598.90522089868,1854.0257490969605,2479.231025623321,139.05981327964827,9071.221808898603,35.43446019101017,28.22111567692805,7.299997378140688e-05,1,0,0,1,1,177
tune-prose-2048,tune,prose,2048,3,separate_seed,candidate,256,252,12,11,32,4,6446.840418507224,91.81149741209988,181.96821220213934,9.934356820483547,6730.554484941945,26.291228456804472,38.035499240477236,0.000271458993665874,240,3,3,2,2,2
tune-prose-2048,tune,prose,2048,4,separate_seed,ordinary,256,256,0,0,0,0,6557.065835101753,0.0,0.0,0.0,6557.065835101753,25.613538418366222,39.04185293207863,0.00013966701226308942,256,0,0,0,0,0
tune-prose-2048,tune,prose,2048,4,separate_seed,default,256,213,115,114,520,43,5453.007976165008,1190.5648100790906,1355.041318989226,76.39328860263595,8075.007393835961,31.542997632171723,31.70275734922757,0.00028325000312179327,98,0,0,0,0,115
tune-prose-2048,tune,prose,2048,4,separate_seed,existing_cost_gate,256,224,103,103,450,32,5742.215182886618,1083.224108151965,1168.6992813598174,68.47440898226388,8062.612981380665,31.49458195851822,31.75149304464839,0.0002979160053655505,121,0,0,0,0,103
tune-prose-2048,tune,prose,2048,4,separate_seed,fixed_1,256,210,209,163,188,46,5386.524251141618,1171.030577288511,1637.8408162279368,0.0,8195.395644658072,32.013264236945595,31.23705201064528,0.00011154200183227658,1,209,0,0,0,0
tune-prose-2048,tune,prose,2048,4,separate_seed,fixed_2,256,193,192,171,345,63,4963.638668700783,1308.1807056208202,1693.851173893502,66.06750891672458,8031.738057131827,31.3739767856712,31.873549433386135,9.762495756149292e-05,1,1,191,0,0,0
tune-prose-2048,tune,prose,2048,4,separate_seed,fixed_3,256,185,184,174,499,71,4760.295328093663,1474.415791645625,1799.2523520149882,95.25885276238465,8129.222324516668,31.754774705143234,31.49132718734209,8.074997458606958e-05,1,1,0,183,0,0
tune-prose-2048,tune,prose,2048,4,separate_seed,fixed_4,256,182,181,178,652,74,4683.570751866147,1665.9206252620595,1978.6423897963505,117.72252555360718,8445.856292478167,32.99162614249284,30.31072174741976,7.916695903986692e-05,1,1,0,1,179,0
tune-prose-2048,tune,prose,2048,4,separate_seed,fixed_5,256,181,180,179,808,75,4658.059319617512,1869.8771453174036,2158.032427577712,123.9730924012607,8809.941984913889,34.41383587856988,29.058080114304207,7.208302849903703e-05,1,1,0,1,1,177
tune-prose-2048,tune,prose,2048,4,separate_seed,candidate,256,252,12,11,33,4,6450.984810632427,95.37907363919099,155.08942051535647,6.854190435338676,6708.307495222315,26.20432615321217,38.16163766826793,0.000251874967943877,240,3,3,2,2,2
tune-prose-2048,tune,prose,2048,5,separate_seed,ordinary,256,256,0,0,0,0,6549.72003768808,0.0,0.0,0.0,6549.72003768808,25.584843897219063,39.08564007727617,0.0001415410079061985,256,0,0,0,0,0
tune-prose-2048,tune,prose,2048,5,separate_seed,default,256,204,120,118,565,52,5220.565523005868,1250.394186668594,1383.5957347612934,74.00954174682657,7928.564986182583,30.970956977275716,32.28831452427281,0.0002747909747995436,84,0,0,0,0,120
tune-prose-2048,tune,prose,2048,5,separate_seed,existing_cost_gate,256,216,108,107,500,40,5534.59374712281,1117.8656252223168,1220.2221500329183,67.9132764484954,7940.594798826543,31.017948432916185,32.23939849415708,0.00027487496845424175,108,0,0,0,0,108
tune-prose-2048,tune,prose,2048,5,separate_seed,fixed_1,256,204,204,152,189,52,5226.935725601599,1142.563523330104,1884.4340705122497,0.0,8253.933319443951,32.241927029077935,31.01551588706633,9.366602171212435e-05,0,204,0,0,0,0
tune-prose-2048,tune,prose,2048,5,separate_seed,fixed_2,256,186,186,164,341,70,4765.718415501319,1264.4184171557595,2009.1307960340264,86.36557117850903,8125.63319986961,31.740754686990662,31.50523703237158,8.383399108424783e-05,0,1,185,0,0,0
tune-prose-2048,tune,prose,2048,5,separate_seed,fixed_3,256,181,181,170,496,75,4632.242054904681,1444.7842935355704,2052.7288582897927,109.65754801371982,8239.412754743762,32.18520607321782,31.070175462761043,7.379200542345643e-05,0,1,0,180,0,0
tune-prose-2048,tune,prose,2048,5,separate_seed,fixed_4,256,177,177,172,645,79,4533.768039673868,1625.5361038435592,2259.010776507689,128.3622312384739,8546.677151263591,33.385457622123404,29.953161382976944,7.337500574067235e-05,0,1,0,0,176,0
tune-prose-2048,tune,prose,2048,5,separate_seed,fixed_5,256,175,175,172,800,81,4483.27004912278,1815.3078217625782,2460.7682808889676,135.20059389580882,8894.546745670135,34.744323225273966,28.781680204741267,7.108296267688274e-05,0,1,0,0,1,173
tune-prose-2048,tune,prose,2048,5,separate_seed,candidate,256,256,12,12,31,0,6549.72003768808,89.0361559234274,0.0,0.0,6638.756193611509,25.932641381294957,38.56144020567428,0.00026033399626612663,244,3,3,2,2,2
tune-prose-2048,tune,prose,2048,6,separate_seed,ordinary,256,256,0,0,0,0,6523.692995911606,0.0,0.0,0.0,6523.692995911606,25.48317576527971,39.241576843121685,0.000120124954264611,256,0,0,0,0,0
tune-prose-2048,tune,prose,2048,6,separate_seed,default,256,202,113,112,520,54,5135.307148593605,1163.0206830883778,1791.3939235192051,101.46145110689415,8191.183206308079,31.996809399640934,31.253116131360958,0.0002701670164242387,89,0,0,0,0,113
tune-prose-2048,tune,prose,2048,6,separate_seed,existing_cost_gate,256,218,100,99,450,38,5549.881930464288,1035.4877095421778,1471.4586811264946,82.77218104003468,8139.600502172995,31.795314461613263,31.45117502163119,0.00028745800955221057,118,0,0,0,0,100
tune-prose-2048,tune,prose,2048,6,separate_seed,fixed_1,256,192,191,127,173,64,4890.362267127558,1063.9394759442357,2284.783400919115,0.0,8239.085143990904,32.18392634371447,31.071410906186728,8.754199370741844e-05,1,191,0,0,0,0
tune-prose-2048,tune,prose,2048,6,separate_seed,fixed_2,256,180,179,158,326,76,4572.049959752524,1207.4725650453236,2211.1926739591436,107.03051443403679,8097.74571319103,31.63181919215246,31.613736596221127,7.341697346419096e-05,1,0,179,0,0,0
tune-prose-2048,tune,prose,2048,6,separate_seed,fixed_3,256,175,174,168,470,81,4440.40941994086,1378.0037574299647,2414.1640824530673,151.91699902681782,8384.49425885071,32.75193069863558,30.532551170843163,7.079198257997632e-05,1,0,1,173,0,0
tune-prose-2048,tune,prose,2048,6,separate_seed,fixed_4,256,174,173,169,629,82,4410.85755064341,1571.9565397895105,2607.321393678093,154.68274986644363,8744.81823397745,34.159446226474415,29.274479257364987,7.625005673617125e-05,1,0,1,1,171,0
tune-prose-2048,tune,prose,2048,6,separate_seed,fixed_5,256,172,171,169,777,84,4360.471921529608,1757.1183112025485,2844.95210153008,161.28428545765306,9123.82661971989,35.63994773328082,28.058402539861003,7.754197577014565e-05,1,0,1,0,0,170
tune-prose-2048,tune,prose,2048,6,separate_seed,candidate,256,252,12,11,30,4,6420.662842837612,95.23652108528277,135.77807598394276,6.6985989562537664,6658.376038863089,26.00928140180894,38.44781347670952,0.00026520900428295135,240,3,3,2,2,2
tune-prose-2048,tune,prose,2048,7,separate_seed,ordinary,256,256,0,0,0,0,6559.8377448712135,0.0,0.0,0.0,6559.8377448712135,25.624366190903178,39.02535549757351,0.00014516699593514204,256,0,0,0,0,0
tune-prose-2048,tune,prose,2048,7,separate_seed,default,256,200,113,113,520,56,5124.99510003326,1179.8763248994537,2143.375251081223,125.46533493658379,8573.71201095052,33.49106254277547,29.858712267572272,0.00027595896972343326,87,0,0,0,0,113
tune-prose-2048,tune,prose,2048,7,separate_seed,existing_cost_gate,256,209,101,100,485,47,5340.441742015866,1045.2858639001681,1735.1283988126645,98.35197719791206,8219.20798192661,32.10628117940082,31.146553361701496,0.000286291993688792,108,0,0,0,0,101
tune-prose-2048,tune,prose,2048,7,separate_seed,fixed_1,256,196,195,135,178,60,5009.266929087589,1089.8034905696718,2161.5475872887496,0.0,8260.61800694601,32.26803908963285,30.990417397916264,9.579199831932783e-05,1,195,0,0,0,0
tune-prose-2048,tune,prose,2048,7,separate_seed,fixed_2,256,180,180,160,330,76,4595.616563356656,1219.8416769121498,2276.456544806941,114.79325938957186,8206.708044465318,32.05745329869265,31.193993817368565,7.491698488593102e-05,0,0,180,0,0,0
tune-prose-2048,tune,prose,2048,7,separate_seed,fixed_3,256,173,173,163,479,83,4424.3583495604535,1380.525842878251,2447.6942648411987,140.4358546285651,8393.014311908471,32.78521215589247,30.501556471406595,7.1291986387223e-05,0,0,1,172,0,0
tune-prose-2048,tune,prose,2048,7,separate_seed,fixed_4,256,172,172,167,629,84,4403.3091464041945,1577.4783767871677,2648.6914332514916,153.81928159849937,8783.298238041352,34.30975874234903,29.14622651559731,7.429200923070312e-05,0,1,0,0,171,0
tune-prose-2048,tune,prose,2048,7,separate_seed,fixed_5,256,167,167,164,771,89,4276.271183863817,1730.394593834021,2831.73619820025,156.5463653965544,8994.94834129464,35.136516958182185,28.460419147126977,6.970803951844573e-05,0,1,0,0,0,166
tune-prose-2048,tune,prose,2048,7,separate_seed,candidate,256,249,12,9,29,7,6370.685443287811,90.60607535328842,257.47026104891796,9.671943867137209,6728.433723557153,26.28294423264513,38.047487798491574,0.0002662499900907278,237,3,3,2,2,2
tune-prose-2048,tune,prose,2048,8,separate_seed,ordinary,256,256,0,0,0,0,6557.124742042459,0.0,0.0,0.0,6557.124742042459,25.613768523603355,39.041502193575674,0.00013741699513047934,256,0,0,0,0,0
tune-prose-2048,tune,prose,2048,8,separate_seed,default,256,203,123,122,585,53,5221.3259639937705,1289.277898180246,1827.3846322699233,103.69022434003858,8441.678718783982,32.97530749524993,30.325721758441503,0.0002942080027423799,80,0,0,0,0,123
tune-prose-2048,tune,prose,2048,8,separate_seed,existing_cost_gate,256,203,97,96,445,53,5192.157578073428,1006.1925152416773,1610.0873363212536,90.82013531483051,7899.2575649511855,30.85647486309057,32.40810897670508,0.00028604199178516865,106,0,0,0,0,97
tune-prose-2048,tune,prose,2048,8,separate_seed,fixed_1,256,206,205,155,192,50,5284.7875480187,1149.808346818492,1815.6414415922197,0.0,8250.237336429416,32.22748959542741,31.02941037461028,0.00010958302300423384,1,205,0,0,0,0
tune-prose-2048,tune,prose,2048,8,separate_seed,fixed_2,256,190,189,170,351,66,4873.160093554893,1286.0825410715377,1930.14205184393,89.78498211699916,8179.169668587362,31.949881517919383,31.299020606356265,8.808303391560912e-05,1,1,188,0,0,0
tune-prose-2048,tune,prose,2048,8,separate_seed,fixed_3,256,182,181,171,508,74,4664.709659142783,1447.344673172815,2057.8790946020963,111.70994083145231,8281.643367749148,32.35016940527011,30.911739208298915,9.791698539629579e-05,1,1,0,180,0,0
tune-prose-2048,tune,prose,2048,8,separate_seed,fixed_4,256,177,176,170,660,79,4537.775931473593,1621.93792288339,2265.3323266877437,124.95990958037714,8550.00609062511,33.39846129150433,29.94149913889515,8.187501225620508e-05,1,0,0,0,176,0
tune-prose-2048,tune,prose,2048,8,separate_seed,fixed_5,256,176,175,174,820,80,4511.064963245769,1822.74170361711,2479.531088659018,141.7600149771204,8955.097770499024,34.98085066601181,28.587069238188157,7.349997758865356e-05,1,0,0,0,0,175
tune-prose-2048,tune,prose,2048,8,separate_seed,candidate,256,254,12,12,28,2,6505.586098063992,94.0329485160184,50.86939255866456,3.6108343890637458,6654.099273527736,25.99257528721772,38.47252490182328,0.00027258298359811306,242,3,3,2,2,2
tune-prose-2048,tune,prose,2048,9,separate_seed,ordinary,256,256,0,0,0,0,6584.882981306712,0.0,0.0,0.0,6584.882981306712,25.722199145729345,38.87692472694466,0.00013637501979246736,256,0,0,0,0,0
tune-prose-2048,tune,prose,2048,9,separate_seed,default,256,206,118,117,555,50,5273.4389129596975,1223.9031692314863,1436.047744773427,81.12295522790869,8014.512782192517,31.30669055543952,31.942053990955955,0.00026995805092155933,88,0,0,0,0,118
tune-prose-2048,tune,prose,2048,9,separate_seed,existing_cost_gate,256,221,106,105,490,35,5682.17062049439,1109.9531492335404,1196.0349965463442,66.85270198680183,8055.011468261077,31.464888547894834,31.78145692389256,0.0003167089889757335,115,0,0,0,0,106
tune-prose-2048,tune,prose,2048,9,separate_seed,fixed_1,256,206,205,155,193,50,5301.151328969517,1153.0622729017048,1803.572733526864,0.0,8257.786335398081,32.256977872648754,31.001044299562768,8.987495675683022e-05,1,205,0,0,0,0
tune-prose-2048,tune,prose,2048,9,separate_seed,fixed_2,256,192,191,176,359,64,4936.543694153178,1302.0760164015308,1991.4956538601207,108.84950735955107,8338.964871774384,32.57408153036869,30.699253916574868,9.145803051069379e-05,1,1,190,0,0,0
tune-prose-2048,tune,prose,2048,9,separate_seed,fixed_3,256,187,186,178,520,69,4796.282087307428,1487.021993324194,2073.4838209065683,120.82929186038461,8477.61719339857,33.11569216171316,30.19716438710449,7.524999091401696e-05,1,1,0,185,0,0
tune-prose-2048,tune,prose,2048,9,separate_seed,fixed_4,256,184,183,179,684,72,4716.265148092193,1679.4162043227861,2229.1043199857713,129.83843992946422,8754.624112330219,34.19775043878992,29.241689502059096,8.029199671000242e-05,1,1,0,1,181,0
tune-prose-2048,tune,prose,2048,9,separate_seed,fixed_5,256,185,184,183,858,71,4742.97255900425,1906.4125089456124,2434.3946927547995,139.7375735190778,9223.51733422374,36.02936458681148,27.755138384151497,7.295800605788827e-05,1,1,0,1,1,181
tune-prose-2048,tune,prose,2048,9,separate_seed,candidate,256,252,12,11,28,4,6480.208444822519,90.04193618242398,167.80332235519916,9.09263320367737,6747.14633656382,26.356040377202422,37.94196645961223,0.00026041700039058924,240,3,3,2,2,2
tune-prose-2048,tune,prose,2048,10,separate_seed,ordinary,256,256,0,0,0,0,6541.530117701601,0.0,0.0,0.0,6541.530117701601,25.55285202227188,39.134574846220666,0.00013079197378829122,256,0,0,0,0,0
tune-prose-2048,tune,prose,2048,10,separate_seed,default,256,184,105,104,480,72,4689.942954402471,1088.7324607673088,2074.6429136494885,117.87028913770699,7971.188617956973,31.137455538894425,32.11566207620529,0.0002488339669071138,79,0,0,0,0,105
tune-prose-2048,tune,prose,2048,10,separate_seed,existing_cost_gate,256,214,100,100,455,42,5459.122370824798,1041.0105249125352,1426.3881150965271,83.64557242235934,8010.166583256213,31.289713215844582,31.959385281090302,0.0003185829846188426,114,0,0,0,0,100
tune-prose-2048,tune,prose,2048,10,separate_seed,fixed_1,256,195,194,133,180,61,4977.335836431562,1081.4430008281706,2203.6017639827965,0.0,8262.380601242527,32.27492422360362,30.98380628477727,0.00010533398017287254,1,194,0,0,0,0
tune-prose-2048,tune,prose,2048,10,separate_seed,fixed_2,256,174,173,147,325,82,4431.043451828391,1167.1381653086264,2282.879804965958,96.43517661490193,7977.496598717883,31.16209608874173,32.09026752090919,7.662497228011489e-05,1,1,172,0,0,0
tune-prose-2048,tune,prose,2048,10,separate_seed,fixed_3,256,165,164,154,462,91,4191.309565734385,1299.691494766007,2492.983707225785,143.1250045833327,8127.109772309513,31.746522548084034,31.499513009192626,7.241696584969759e-05,1,0,0,164,0,0
tune-prose-2048,tune,prose,2048,10,separate_seed,fixed_4,256,161,160,156,600,95,4082.790390204549,1455.7548369964122,2747.741166358346,162.39083514111059,8448.67722870042,33.00264542461102,30.300601274050333,6.587494863197207e-05,1,0,0,0,160,0
tune-prose-2048,tune,prose,2048,10,separate_seed,fixed_5,256,160,159,158,744,96,4054.7509651321207,1633.0898627148183,2997.6059953292433,172.44972489340208,8857.896548069582,34.601158390896806,28.900766520669126,6.891699740663171e-05,1,0,0,0,1,158
tune-prose-2048,tune,prose,2048,10,separate_seed,candidate,256,251,12,10,31,5,6422.89853427309,90.72074879942923,171.49845352679955,6.167636916396377,6691.285373515716,26.137833490295765,38.25871797566052,0.00025858404114842415,239,3,3,2,2,2
tune-prose-2048,tune,prose,2048,11,separate_seed,ordinary,256,256,0,0,0,0,6548.515407800209,0.0,0.0,0.0,6548.515407800209,25.580138311719566,39.09283006268379,0.00014354201266542077,256,0,0,0,0,0
tune-prose-2048,tune,prose,2048,11,separate_seed,default,256,210,119,118,545,46,5353.6079299449775,1225.6509495451512,1459.415296778879,82.75773014489776,8121.431906413902,31.724343384429304,31.52153498914692,0.0002677090233191848,91,0,0,0,0,119
tune-prose-2048,tune,prose,2048,11,separate_seed,existing_cost_gate,256,213,97,97,440,43,5454.979360712111,1004.0840859299242,1476.4529815591084,86.5374712898088,8022.053899490955,31.336148044886542,31.91202692071723,0.00029754103161394596,116,0,0,0,0,97
tune-prose-2048,tune,prose,2048,11,separate_seed,fixed_1,256,206,206,156,189,50,5275.883964093695,1153.391194140769,1810.0813680484687,0.0,8239.356526282929,32.18498643079269,31.070387497297784,9.81249613687396e-05,0,206,0,0,0,0
tune-prose-2048,tune,prose,2048,11,separate_seed,fixed_2,256,194,194,176,355,62,4980.626617586662,1320.8049920374028,1834.794678188347,86.43732764334563,8222.663615455755,32.11977974787404,31.133463798617374,8.579203858971596e-05,0,1,193,0,0,0
tune-prose-2048,tune,prose,2048,11,separate_seed,fixed_3,256,191,191,184,522,65,4906.353775130734,1528.496415134232,1942.8876959198396,115.80204357925032,8493.539929764056,33.177890350640844,30.140554129014554,8.50000069476664e-05,0,1,1,189,0,0
tune-prose-2048,tune,prose,2048,11,separate_seed,fixed_4,256,189,189,185,687,67,4851.533635716148,1736.098802315688,2089.7359348023747,121.94853956470688,8799.316912398916,34.372331689058264,29.09316740703773,9.995803702622652e-05,0,1,1,0,187,0
tune-prose-2048,tune,prose,2048,11,separate_seed,fixed_5,256,187,187,184,847,69,4796.358861677088,1937.5416351826984,2271.992428194935,124.76541248403905,9130.658337538758,35.666634131010774,28.03740875370514,7.745804032310843e-05,0,1,1,0,1,184
tune-prose-2048,tune,prose,2048,11,separate_seed,candidate,256,252,13,11,24,4,6444.2106309851115,99.96599876413417,114.41103437643199,3.0374282755595527,6661.625092401237,26.021973017192334,38.42906144508392,0.00026245799381285906,239,3,4,2,2,2
tune-prose-2048,tune,prose,2048,12,separate_seed,ordinary,256,256,0,0,0,0,6668.638982040082,0.0,0.0,0.0,6668.638982040082,26.04937102359407,38.38864282343922,0.00010687502799555659,256,0,0,0,0,0
tune-prose-2048,tune,prose,2048,12,separate_seed,default,256,209,106,104,465,47,5436.764510651531,1117.7756813034048,1548.8189592668737,84.52523174385972,8187.884382965671,31.98392337095965,31.2657077245241,0.00026770896511152387,103,0,0,0,0,106
tune-prose-2048,tune,prose,2048,12,separate_seed,existing_cost_gate,256,214,99,98,445,42,5578.096335778659,1040.9068736909599,1502.185173780837,84.90760477264756,8206.095988023102,32.05506245321524,31.19632043954094,0.00027245801175013185,115,0,0,0,0,99
tune-prose-2048,tune,prose,2048,12,separate_seed,fixed_1,256,199,198,141,178,57,5165.02773821463,1122.2744785461555,2094.6222161883707,0.0,8381.924432949152,32.741892316207625,30.541912188288155,9.716599015519023e-05,1,198,0,0,0,0
tune-prose-2048,tune,prose,2048,12,separate_seed,fixed_2,256,182,181,160,327,74,4724.07366340947,1244.2665330695052,2195.126208628,104.28977932170997,8267.75618442869,32.29592259542457,30.963661033225044,7.991702295839787e-05,1,1,180,0,0,0
tune-prose-2048,tune,prose,2048,12,separate_seed,fixed_3,256,176,176,166,477,80,4566.517320375704,1425.963229401871,2311.3583588790398,130.43710042534494,8434.276009081961,32.94639066047641,30.352338449007508,7.599999662488699e-05,0,0,0,176,0,0
tune-prose-2048,tune,prose,2048,12,separate_seed,fixed_4,256,176,176,171,635,80,4561.023610474448,1636.6898971814048,2439.2820127380483,140.07302219261845,8777.068542586523,34.285423994478606,29.166913617899024,7.562496466562152e-05,0,0,0,1,175,0
tune-prose-2048,tune,prose,2048,12,separate_seed,fixed_5,256,174,174,171,783,82,4507.6635601394,1827.5459600633196,2661.297016245686,146.99080790220748,9143.497344350615,35.71678650136959,27.998039520203033,7.100001676008105e-05,0,0,0,1,0,173
tune-prose-2048,tune,prose,2048,12,separate_seed,candidate,256,244,22,19,57,12,6356.526110728995,172.77221628437172,237.3339814382716,6.733318172225747,6773.365626623864,26.45845947899947,37.79509539448875,0.00026079098461195827,222,3,3,12,2,2
tune-prose-2048,tune,prose,2048,13,separate_seed,ordinary,256,256,0,0,0,0,6535.64755635742,0.0,0.0,0.0,6535.64755635742,25.529873267021173,39.16979882903586,0.0001646659802645445,256,0,0,0,0,0
tune-prose-2048,tune,prose,2048,13,separate_seed,default,256,212,108,108,475,44,5419.637855336532,1123.992413052971,1580.6199717277734,92.61778098665805,8216.868021103932,32.097140707437234,31.15542312989549,0.0004567920113913715,104,0,0,0,0,108
tune-prose-2048,tune,prose,2048,13,separate_seed,existing_cost_gate,256,211,100,99,440,45,5397.08064777608,1034.4231922747358,1342.1337176524012,75.80305989579385,7849.440617599003,30.661877412496107,32.61378899103075,0.0003060419694520533,111,0,0,0,0,100
tune-prose-2048,tune,prose,2048,13,separate_seed,fixed_1,256,203,202,149,178,53,5201.042071485564,1131.2810132542274,1911.0525968828294,0.0,8243.375681622614,32.20068625633834,31.055238762284496,0.00010449998080730438,1,202,0,0,0,0
tune-prose-2048,tune,prose,2048,13,separate_seed,fixed_2,256,189,189,168,325,67,4816.608166771889,1277.338302224764,1896.1179688562152,81.39760565442995,8071.462043507299,31.529148607450388,31.71668263074184,9.329098975285888e-05,0,1,188,0,0,0
tune-prose-2048,tune,prose,2048,13,separate_seed,fixed_3,256,185,184,177,477,71,4728.057121996916,1468.6793081300887,1980.530824315444,116.46515040501149,8293.73240484746,32.39739220643539,30.86668191155709,8.691701805219054e-05,1,0,0,184,0,0
tune-prose-2048,tune,prose,2048,13,separate_seed,fixed_4,256,183,182,179,628,73,4672.274611306236,1668.9188419274208,2134.0679858692565,127.10012945502537,8602.361568557933,33.60297487717943,29.759269935327172,8.133304072543979e-05,1,0,0,0,182,0
tune-prose-2048,tune,prose,2048,13,separate_seed,fixed_5,256,182,181,180,779,74,4647.69929674803,1875.2711730047756,2326.7578150336876,133.5542061991902,8983.282490985675,35.090947230412795,28.497378353278396,7.708399789407849e-05,1,0,0,0,1,180
tune-prose-2048,tune,prose,2048,13,separate_seed,candidate,256,251,12,11,33,5,6409.479623056689,91.37744122567422,219.0202109048227,12.974671246016639,6732.851946433202,26.300202915754696,38.02252032819742,0.00025987502885982394,239,3,3,2,2,2
tune-prose-2048,tune,prose,2048,14,separate_seed,ordinary,256,256,0,0,0,0,6565.274761292679,0.0,0.0,0.0,6565.274761292679,25.645604536299526,38.993036743765245,0.0001086670090444386,256,0,0,0,0,0
tune-prose-2048,tune,prose,2048,14,separate_seed,default,256,206,112,111,490,50,5285.341296819153,1166.1072019375101,1597.539416643605,90.60474758653558,8139.592662986803,31.795283839792198,31.4512053120434,0.00026583397993817925,94,0,0,0,0,112
tune-prose-2048,tune,prose,2048,14,separate_seed,existing_cost_gate,256,211,98,97,440,45,5417.744917284803,1019.1803004308006,1385.1379913567746,78.14704726238216,7900.210256334764,30.860196313807673,32.40420086221465,0.0002955840318463743,113,0,0,0,0,98
tune-prose-2048,tune,prose,2048,14,separate_seed,fixed_1,256,205,204,153,181,51,5248.474405336842,1140.9650597035748,1838.7451871584087,0.0,8228.184652198828,32.14134629765167,31.112573528790314,0.00012179103214293718,1,204,0,0,0,0
tune-prose-2048,tune,prose,2048,14,separate_seed,fixed_2,256,189,188,167,330,67,4834.139121813098,1275.534047384895,1867.4398848944186,79.91485492571086,8057.027909018126,31.472765269602053,31.77350294560387,8.750002598389983e-05,1,0,188,0,0,0
tune-prose-2048,tune,prose,2048,14,separate_seed,fixed_3,256,179,178,167,469,77,4572.8956214775935,1417.2260953803689,1995.2748599038862,105.78882749132026,8091.185404253167,31.606192985363933,31.639368919346786,8.395797340199351e-05,1,1,0,177,0,0
tune-prose-2048,tune,prose,2048,14,separate_seed,fixed_4,256,176,175,171,609,80,4495.668969001659,1601.579264395096,2149.2572785256425,124.85922356918896,8371.364735491587,32.70064349801401,30.580437967856273,8.775002788752317e-05,1,1,0,0,174,0
tune-prose-2048,tune,prose,2048,14,separate_seed,fixed_5,256,174,173,171,756,82,4449.080165827107,1791.0918417365815,2348.526165276364,131.69659515779608,8720.394767997848,34.064042062491595,29.35646915200103,7.812498370185494e-05,1,1,0,0,0,172
tune-prose-2048,tune,prose,2048,14,separate_seed,candidate,256,252,12,11,28,4,6454.344153676787,95.65206910278721,133.6434284837982,6.845825292395348,6690.485476555767,26.134708892795963,38.26329208800371,0.0002715410082601011,240,3,3,2,2,2
tune-prose-2048,tune,prose,2048,15,separate_seed,ordinary,256,256,0,0,0,0,6562.316924781079,0.0,0.0,0.0,6562.316924781079,25.63405048742609,39.01061209544375,0.00013037503231316805,256,0,0,0,0,0
tune-prose-2048,tune,prose,2048,15,separate_seed,default,256,216,124,124,570,40,5530.374269761735,1286.8416122818685,1179.091384899628,69.18889866842241,8065.496165611648,31.5058443969205,31.74014279387934,0.00030233297729864717,92,0,0,0,0,124
tune-prose-2048,tune,prose,2048,15,separate_seed,existing_cost_gate,256,218,108,107,495,38,5595.6202607437945,1112.507099432308,1057.4458208361877,59.14546454310194,7824.718645555387,30.565307209200732,32.71683131321452,0.00029200001154094934,110,0,0,0,0,108
tune-prose-2048,tune,prose,2048,15,separate_seed,fixed_1,256,208,207,159,186,48,5312.730800510114,1155.7727156023109,1704.2238098140776,0.0,8172.727325926504,31.924716116900406,31.32369278831635,0.0001325419871136546,1,207,0,0,0,0
tune-prose-2048,tune,prose,2048,15,separate_seed,fixed_2,256,191,190,168,341,65,4886.451076153427,1289.6364887851037,1728.419119342577,65.533894090665,7970.040578371768,31.13297100926472,32.12028815696435,0.00010770896915346384,1,1,189,0,0,0
tune-prose-2048,tune,prose,2048,15,separate_seed,fixed_3,256,189,188,179,498,67,4839.367117060142,1500.188620871085,1725.1210382665452,93.21203626228358,8157.888812460048,31.866753173672063,31.380667950388755,9.887496707960963e-05,1,1,1,186,0,0
tune-prose-2048,tune,prose,2048,15,separate_seed,fixed_4,256,188,187,183,667,68,4797.032818843848,1707.5409408257776,1845.4121559390155,105.54975454938793,8455.53567015803,33.0294362115548,30.27602389562334,9.074999252334237e-05,1,1,1,1,184,0
tune-prose-2048,tune,prose,2048,15,separate_seed,fixed_5,256,187,186,184,827,69,4775.493630018939,1917.4990154102416,2025.485979218853,112.7592003696996,8831.237825017724,34.497022753975486,28.98800882417479,7.895799353718758e-05,1,1,1,1,1,182
tune-prose-2048,tune,prose,2048,15,separate_seed,candidate,256,248,17,14,57,8,6351.889275744261,145.53232867728352,126.20399473393275,0.0,6623.625599155477,25.873537496701083,38.64952753860973,0.0002952080103568733,231,3,3,2,2,7
tune-prose-2048,tune,prose,2048,16,separate_seed,ordinary,256,256,0,0,0,0,6540.2255834910375,0.0,0.0,0.0,6540.2255834910375,25.547756185511865,39.14238075307373,0.00011354195885360241,256,0,0,0,0,0
tune-prose-2048,tune,prose,2048,16,separate_seed,default,256,216,122,121,565,40,5532.411873363229,1255.248296438178,1272.264003578095,71.39329975348758,8131.317473132986,31.762958879425728,31.48321300279566,0.00028212496545165777,94,0,0,0,0,122
tune-prose-2048,tune,prose,2048,16,separate_seed,existing_cost_gate,256,213,104,102,480,43,5442.476956755512,1073.1817792498416,1294.2837175287939,68.85122482663837,7878.79367836078,30.776537806096798,32.49228377474938,0.0002765829558484256,109,0,0,0,0,104
tune-prose-2048,tune,prose,2048,16,separate_seed,fixed_1,256,208,207,159,190,48,5302.059863776861,1152.7207142250363,1722.5863520158061,0.0,8177.3669300177,31.94283957038164,31.305920621009225,9.483302710577846e-05,1,207,0,0,0,0
tune-prose-2048,tune,prose,2048,16,separate_seed,fixed_2,256,194,193,176,354,62,4936.7975326201,1301.3836974075923,1821.511519891105,88.14628566191408,8147.839035580706,31.827496232737133,31.41937376058566,0.00010908400872722268,1,1,192,0,0,0
tune-prose-2048,tune,prose,2048,16,separate_seed,fixed_3,256,189,188,180,512,67,4818.916953337706,1491.9443860107901,1938.8393850003927,110.65886093121813,8360.359585280103,32.6576546300004,30.620692493984762,9.0167042799294e-05,1,1,1,186,0,0
tune-prose-2048,tune,prose,2048,16,separate_seed,fixed_4,256,184,183,178,678,72,4695.956969018164,1668.4791710158313,2144.150176761998,120.55886258343256,8629.145179379428,33.70759835695089,29.666901492368964,9.566597873345017e-05,1,1,1,1,180,0
tune-prose-2048,tune,prose,2048,16,separate_seed,fixed_5,256,187,186,183,851,69,4769.76998418358,1912.1787524701226,2176.0491840497198,117.16563422224681,8975.163554925672,35.059232636428405,28.52315709160579,8.408399298787117e-05,1,1,1,1,1,182
tune-prose-2048,tune,prose,2048,16,separate_seed,candidate,256,250,13,11,34,6,6383.406239472048,99.77355598062991,202.38075275251543,9.19026885327876,6694.750817058472,26.151370379134658,38.23891388872944,0.00028620800003409386,237,3,3,3,2,2
tune-prose-2048,tune,prose,2048,17,separate_seed,ordinary,256,256,0,0,0,0,6594.821920435103,0.0,0.0,0.0,6594.821920435103,25.76102312669962,38.81833400334031,0.00010287499753758311,256,0,0,0,0,0
tune-prose-2048,tune,prose,2048,17,separate_seed,default,256,199,124,123,585,57,5146.814478257336,1299.744233629203,1974.6339711732792,112.31855124859008,8533.511234308404,33.3340282590172,29.99937457992313,0.0003201670479029417,75,0,0,0,0,124
tune-prose-2048,tune,prose,2048,17,separate_seed,existing_cost_gate,256,204,102,101,485,52,5283.4362758498,1081.4624841491313,1606.3359883062876,90.74071411039158,8061.975462415613,31.49209165006099,31.754003865858284,0.00027024996234104037,102,0,0,0,0,102
tune-prose-2048,tune,prose,2048,17,separate_seed,fixed_1,256,200,200,144,188,56,5179.530623043639,1132.3382365080067,2055.8442806497587,0.0,8367.713140201406,32.68637945391174,30.593782997900217,0.00010025000665336847,0,200,0,0,0,0
tune-prose-2048,tune,prose,2048,17,separate_seed,fixed_2,256,184,184,164,347,72,4758.243382823937,1261.7268409467406,2193.839903869054,107.71658016923266,8321.526707808962,32.50596370237876,30.76358569633242,8.34159436635673e-05,0,1,183,0,0,0
tune-prose-2048,tune,prose,2048,17,separate_seed,fixed_3,256,181,181,175,510,75,4684.8106041431,1459.2138275137004,2393.558323921623,149.25081585228463,8686.833571430707,33.9329436384012,29.46988656970865,7.154198829084635e-05,0,1,1,179,0,0
tune-prose-2048,tune,prose,2048,17,separate_seed,fixed_4,256,180,180,178,674,76,4662.4635814121675,1666.8941598184342,2634.3426263642973,162.49109692756141,9126.191464522459,35.649185408290855,28.051131843462322,8.416699711233377e-05,0,1,1,1,177,0
tune-prose-2048,tune,prose,2048,17,separate_seed,fixed_5,256,179,179,177,836,77,4637.891590210545,1871.5586060754868,2875.1269288069716,162.49109692756141,9547.068222020565,37.29323524226783,26.814514576268476,6.745802238583565e-05,0,1,1,1,0,176
tune-prose-2048,tune,prose,2048,17,separate_seed,candidate,256,253,12,10,32,3,6513.958329001742,88.98938771026087,102.58201855339476,2.734922640134588,6708.26465790553,26.204158819943476,38.16188135903525,0.00025275000371038914,241,3,3,2,2,2
tune-prose-2048,tune,prose,2048,18,separate_seed,ordinary,256,256,0,0,0,0,6567.298678039064,0.0,0.0,0.0,6567.298678039064,25.653510461090093,38.981019830278115,0.00010325002949684858,256,0,0,0,0,0
tune-prose-2048,tune,prose,2048,18,separate_seed,default,256,208,117,116,530,48,5324.028218444188,1219.3456975843887,1826.2014449644446,104.26679550675878,8473.842156499773,33.10094592382724,30.210617010801627,0.00026637502014636993,91,0,0,0,0,117
tune-prose-2048,tune,prose,2048,18,separate_seed,existing_cost_gate,256,215,97,97,430,41,5520.585661572841,1013.1802762604083,1439.4645413025469,84.40946835350489,8057.6399474893005,31.47515604488008,31.771089508630585,0.0002732090069912374,118,0,0,0,0,97
tune-prose-2048,tune,prose,2048,18,separate_seed,fixed_1,256,200,199,143,177,56,5125.635673459461,1114.406236393659,2045.250546333126,0.0,8285.292456186242,32.36442365697751,30.898124761891385,8.779199561104178e-05,1,199,0,0,0,0
tune-prose-2048,tune,prose,2048,18,separate_seed,fixed_2,256,183,183,163,328,73,4698.843187807495,1246.727716578528,2178.235041774375,107.14051170075066,8230.946457861146,32.1521346010201,31.102134038972103,7.387500954791903e-05,0,0,183,0,0,0
tune-prose-2048,tune,prose,2048,18,separate_seed,fixed_3,256,173,173,162,467,83,4454.417695158447,1389.2273076351908,2415.204413058458,135.96112005499018,8394.810535907087,32.79222865588706,30.49503010282511,6.937503349035978e-05,0,0,1,172,0,0
tune-prose-2048,tune,prose,2048,18,separate_seed,fixed_4,256,172,172,166,613,84,4426.64152452796,1585.4855054257291,2565.8312276304678,145.72819790031465,8723.686455484476,34.076900216736234,29.345392146579947,6.775005022063851e-05,0,0,1,1,170,0
tune-prose-2048,tune,prose,2048,18,separate_seed,fixed_5,256,170,170,167,755,86,4375.065680176739,1768.2646520580684,2799.9781445088747,155.65905260863158,9098.967529352316,35.542841911532484,28.135060288342697,6.600003689527512e-05,0,0,1,1,1,167
tune-prose-2048,tune,prose,2048,18,separate_seed,candidate,256,254,12,11,33,2,6515.480493989803,89.48621252636812,42.284007521553654,0.0,6647.2507140377265,25.96582310170987,38.51216254855211,0.0002923749852925539,242,3,3,2,2,2
tune-prose-2048,tune,prose,2048,19,separate_seed,ordinary,256,256,0,0,0,0,6568.4254503715365,0.0,0.0,0.0,6568.4254503715365,25.657911915513814,38.97433287996282,8.19999841041863e-05,256,0,0,0,0,0
tune-prose-2048,tune,prose,2048,19,separate_seed,default,256,202,110,108,495,54,5192.218136297781,1138.6059489304548,1679.4902893993049,92.27855161171225,8102.592926239253,31.65075361812208,31.59482431493941,0.0002382919774390757,92,0,0,0,0,110
tune-prose-2048,tune,prose,2048,19,separate_seed,existing_cost_gate,256,213,93,91,410,43,5477.754840011607,964.559357220484,1321.1127679739172,71.18556733451366,7834.612532540523,30.603955205236417,32.675515086000956,0.0002727499813772738,120,0,0,0,0,93
tune-prose-2048,tune,prose,2048,19,separate_seed,fixed_1,256,200,199,143,181,56,5138.065000635845,1116.279541935627,2024.6158568679682,0.0,8278.96039943944,32.33968906031031,30.92175679658203,8.749996777623892e-05,1,199,0,0,0,0
tune-prose-2048,tune,prose,2048,19,separate_seed,fixed_2,256,183,182,162,331,73,4692.302403129729,1235.588523681278,2168.43932231808,108.00470226616834,8204.334951395256,32.04818340388772,31.203016638961554,7.916701724752784e-05,1,1,181,0,0,0
tune-prose-2048,tune,prose,2048,19,separate_seed,fixed_3,256,176,175,164,472,80,4517.207452691841,1397.9105970968853,2319.259255359798,129.3453223328855,8363.722627481407,32.67079151359925,30.60837995258698,7.412501145154238e-05,1,1,0,174,0,0
tune-prose-2048,tune,prose,2048,19,separate_seed,fixed_4,256,170,169,163,604,86,4372.231345125083,1553.152725331887,2557.6508024125174,145.5996133918462,8628.634486261335,33.70560346195834,29.668657353328356,7.295905379578471e-05,1,1,0,1,167,0
tune-prose-2048,tune,prose,2048,19,separate_seed,fixed_5,256,167,166,162,743,89,4297.187885036159,1722.0432771528979,2745.86771948663,149.29641490707618,8914.395296582765,34.821856627276425,28.717595695821878,6.683298852294683e-05,1,1,0,1,1,163
tune-prose-2048,tune,prose,2048,19,separate_seed,candidate,256,246,13,10,36,10,6318.823746965541,102.55130412161049,262.8251450227855,9.774623097903202,6693.974819207839,26.14833913753062,38.2433467280797,0.0002531249774619937,233,3,3,3,2,2
tune-structured-256,tune,structured,256,0,separate_seed,ordinary,256,256,0,0,0,0,5212.187152900857,0.0,0.0,0.0,5212.187152900857,20.36010606601897,49.115657686528486,0.00022629101295024157,256,0,0,0,0,0
tune-structured-256,tune,structured,256,0,separate_seed,default,256,106,75,53,370,150,2143.1652275720394,611.1800903102594,1155.1864665119733,50.412853434268186,3959.944637828541,15.468533741517739,64.64736843906462,0.00019537500338628888,31,0,0,0,0,75
tune-structured-256,tune,structured,256,0,separate_seed,existing_cost_gate,256,122,75,56,370,134,2469.408843011241,613.5560014618674,1147.9740460062862,56.44391344351264,4287.382803922912,16.747589077823875,59.71008694762749,0.00022362498566508293,47,0,0,0,0,75
tune-structured-256,tune,structured,256,0,separate_seed,fixed_1,256,157,156,57,155,99,3178.3063162425956,652.3177165764998,1967.6171985765043,0.0,5798.2412313956,22.649379810139063,44.15131930245379,0.00014641700545325875,1,156,0,0,0,0
tune-structured-256,tune,structured,256,0,separate_seed,fixed_2,256,128,128,76,254,128,2593.646797845744,663.7829028805264,1658.8267091238065,57.38076067037859,4973.63717052046,19.428270197345547,51.47138627589338,0.0001169589813798666,0,0,128,0,0,0
tune-structured-256,tune,structured,256,0,separate_seed,fixed_3,256,115,115,81,340,141,2339.09679027801,712.0701056447859,1572.217114850507,78.48793144811154,4701.8719422214135,18.366687274302397,54.44639989047682,0.00010499998461455107,0,1,0,114,0,0
tune-structured-256,tune,structured,256,0,separate_seed,fixed_4,256,108,107,83,424,148,2181.003899531456,766.9468324745231,1501.5526983123045,84.39899802116473,4533.902428339448,17.71055636070097,56.46350005237333,9.941699681803584e-05,1,0,0,0,107,0
tune-structured-256,tune,structured,256,0,separate_seed,fixed_5,256,99,99,78,490,157,1994.497305334571,806.4954413090012,1436.2903980410995,77.29165103953484,4314.5747957242065,16.85380779579768,59.33377264746898,8.945801528170705e-05,0,0,0,0,0,99
tune-structured-256,tune,structured,256,0,separate_seed,candidate,256,157,39,15,137,99,3188.8076412692017,263.0041731392948,838.2070096752624,21.96110409233223,4311.9799281760925,16.84367159443786,59.36947858388674,0.00024233298609033227,118,3,5,2,27,2
tune-structured-256,tune,structured,256,1,separate_seed,ordinary,256,256,0,0,0,0,5185.088993155186,0.0,0.0,0.0,5185.088993155186,20.254253879512444,49.37234449359394,9.012501686811447e-05,256,0,0,0,0,0
tune-structured-256,tune,structured,256,1,separate_seed,default,256,112,78,60,380,144,2253.7733262037577,630.5531818386377,1285.261084069062,70.49964964472105,4240.087241756178,16.56284078811007,60.376116198488596,0.00013833295088261366,34,0,0,0,0,78
tune-structured-256,tune,structured,256,1,separate_seed,existing_cost_gate,256,118,69,52,335,138,2370.297939455535,560.0389630784061,1212.7950919738548,66.14140565977037,4209.273400167565,16.442474219404552,60.81809748680354,0.00014275003923103213,49,0,0,0,0,69
tune-structured-256,tune,structured,256,1,separate_seed,fixed_1,256,157,157,58,153,99,3160.8100922633143,652.5302638033959,1969.8979010560133,0.0,5783.238257122722,22.59077444188563,44.265857399996726,6.095797289162874e-05,0,157,0,0,0,0
tune-structured-256,tune,structured,256,1,separate_seed,fixed_2,256,124,124,69,238,132,2494.771473183601,638.2665840358482,1678.3810975197432,52.93131588940365,4864.350470628598,19.00136902589296,52.62778690510725,5.704199429601431e-05,0,0,124,0,0,0
tune-structured-256,tune,structured,256,1,separate_seed,fixed_3,256,113,113,78,325,143,2245.202456765813,683.4711435320258,1480.554738145467,68.44320798064214,4477.6715464239505,17.490904478218557,57.17257225006866,4.891701973974705e-05,0,1,0,112,0,0
tune-structured-256,tune,structured,256,1,separate_seed,fixed_4,256,106,106,81,404,150,2118.0257820078123,747.3676522880268,1490.7989412769582,82.26821359525557,4438.460589168055,17.337736676437714,57.67765531697211,4.600000102072954e-05,0,1,0,1,104,0
tune-structured-256,tune,structured,256,1,separate_seed,fixed_5,256,98,97,79,465,158,1963.1702777315304,785.0409177806539,1445.780527334881,84.90101663860011,4278.8927394856655,16.71442476361588,59.828562103842756,3.73339862562716e-05,1,0,0,0,0,97
tune-structured-256,tune,structured,256,1,separate_seed,candidate,256,180,29,14,111,76,3621.163644449044,207.42024937734755,560.5256961670945,14.322263485970382,4403.431853479457,17.200905677654127,58.13647366830865,0.00018979201558977365,151,4,2,2,2,19
tune-structured-256,tune,structured,256,2,separate_seed,ordinary,256,256,0,0,0,0,5195.899863512057,0.0,0.0,0.0,5195.899863512057,20.296483841843973,49.26961772257141,0.00010666600428521633,256,0,0,0,0,0
tune-structured-256,tune,structured,256,2,separate_seed,default,256,111,78,60,380,145,2245.599637384067,640.4890817501863,1296.4688936396997,71.38104924560689,4253.938662019557,16.616947898513896,60.17952310540933,0.00014629197539761662,33,0,0,0,0,78
tune-structured-256,tune,structured,256,2,separate_seed,existing_cost_gate,256,108,69,49,340,148,2192.25901008927,564.7861570653783,1236.915451669444,60.73164498833934,4054.692263812433,15.838641655517316,63.1367273627063,0.00014391704462468624,39,0,0,0,0,69
tune-structured-256,tune,structured,256,2,separate_seed,fixed_1,256,157,156,57,153,99,3195.4733652790796,655.4058009198627,1985.4168659900085,0.0,5836.296032188951,22.79803137573809,43.863436430928445,8.212495595216751e-05,1,156,0,0,0,0
tune-structured-256,tune,structured,256,2,separate_seed,fixed_2,256,127,126,73,243,129,2596.762948152251,657.9324685598933,1672.9939474775574,55.401409198201286,4983.090773387904,19.4651983335465,51.373738035671124,5.829194560647011e-05,1,1,125,0,0,0
tune-structured-256,tune,structured,256,2,separate_seed,fixed_3,256,113,112,79,327,143,2306.012927454851,697.5748684712437,1583.6945773038399,80.15445003685433,4667.436823266788,18.232175090885892,54.84809108156774,5.220802268013358e-05,1,0,0,112,0,0
tune-structured-256,tune,structured,256,2,separate_seed,fixed_4,256,102,102,79,391,154,2074.4805724753483,735.1767997020154,1517.2193514539517,88.3678235359061,4415.244547167222,17.24704901237196,57.98093339229582,4.754099063575268e-05,0,0,0,1,101,0
tune-structured-256,tune,structured,256,2,separate_seed,fixed_5,256,97,97,77,467,159,1970.3134160503562,793.9548571733584,1487.5667934689677,83.6122603752379,4335.44732706792,16.935341121359063,59.04811676564268,4.0666956920176744e-05,0,0,1,0,0,96
tune-structured-256,tune,structured,256,2,separate_seed,candidate,256,151,38,17,138,105,3063.5646619137474,272.1330129758122,794.6464736137109,22.80539425841972,4153.149542761688,16.223240401412845,61.639966816549936,0.00016950001008808613,113,3,6,2,10,17
tune-structured-256,tune,structured,256,3,separate_seed,ordinary,256,256,0,0,0,0,5226.050771217195,0.0,0.0,0.0,5226.050771217195,20.414260825067167,48.98536413192466,0.00013916700845584273,256,0,0,0,0,0
tune-structured-256,tune,structured,256,3,separate_seed,default,256,103,77,57,385,153,2081.540780549645,632.2393237579901,1259.0783052419017,61.84907292404699,4034.707482473583,15.760576103412433,63.44945726847403,0.00015454198000952601,26,0,0,0,0,77
tune-structured-256,tune,structured,256,3,separate_seed,existing_cost_gate,256,109,71,51,355,147,2207.11169157441,578.1169638419889,1255.9104221574873,61.592118345274265,4102.731195919159,16.026293734059216,62.397458613577726,0.00014825002290308475,38,0,0,0,0,71
tune-structured-256,tune,structured,256,3,separate_seed,fixed_1,256,157,157,58,155,99,3200.042104877936,660.7695833737776,1979.6427624324788,0.0,5840.454450684192,22.814275197985125,43.83220555208856,9.524996858090162e-05,0,157,0,0,0,0
tune-structured-256,tune,structured,256,3,separate_seed,fixed_2,256,124,124,66,245,132,2527.1138446954474,645.7764664563554,1632.0928206731073,39.68824120442138,4844.67137302933,18.924497550895822,52.84156143699907,6.524997297674417e-05,0,1,123,0,0,0
tune-structured-256,tune,structured,256,3,separate_seed,fixed_3,256,109,108,70,324,147,2205.9182759041178,667.7471297904001,1433.0820338654687,54.02238966477691,4360.769829224764,17.034257145409235,58.70523096274274,5.5791984777897596e-05,1,0,0,108,0,0
tune-structured-256,tune,structured,256,3,separate_seed,fixed_4,256,99,98,70,392,157,2011.9669857424985,706.8906059437743,1403.4260627765993,64.54699569296564,4186.83065015584,16.35480722717125,61.14410192121606,4.795799031853676e-05,1,0,0,0,98,0
tune-structured-256,tune,structured,256,3,separate_seed,fixed_5,256,93,93,72,463,163,1882.509484203415,758.7961617103435,1385.1977885018655,70.94780002740488,4097.451234443028,16.005668884543077,62.47786376273943,3.57080134563148e-05,0,0,0,1,0,92
tune-structured-256,tune,structured,256,3,separate_seed,candidate,256,156,32,12,129,100,3165.3923883136217,236.17267339366163,772.86391831059,22.34678071743381,4196.775760735306,16.39365531537229,60.99920858176776,0.00016833300469443202,124,3,2,2,9,16
tune-structured-256,tune,structured,256,4,separate_seed,ordinary,256,256,0,0,0,0,5206.096444204219,0.0,0.0,0.0,5206.096444204219,20.33631423517273,49.17311900454642,0.00013158301590010524,256,0,0,0,0,0
tune-structured-256,tune,structured,256,4,separate_seed,default,256,102,73,55,365,154,2062.171224410481,600.1404673477091,1252.6875595594834,67.67329377423098,3982.6725450919066,15.55731462926526,64.2784454663451,0.00013808294897899032,29,0,0,0,0,73
tune-structured-256,tune,structured,256,4,separate_seed,existing_cost_gate,256,121,72,55,355,135,2435.661503235668,584.0376072316947,1092.1282519022366,55.987741662850084,4167.815104032448,16.28052775012675,61.423070268235904,0.0001479579950682819,49,0,0,0,0,72
tune-structured-256,tune,structured,256,4,separate_seed,fixed_1,256,155,155,54,153,101,3144.825344687202,649.4057150925114,2028.2251667296637,0.0,5822.456226509378,22.74396963480226,43.96769851775676,6.379198748618364e-05,0,155,0,0,0,0
tune-structured-256,tune,structured,256,4,separate_seed,fixed_2,256,118,118,55,232,138,2391.4129263435507,612.0508316465894,1628.8057080819788,28.611167391335687,4660.880633463453,18.206564974466612,54.92524270242232,4.779204027727246e-05,0,0,118,0,0,0
tune-structured-256,tune,structured,256,4,separate_seed,fixed_3,256,105,105,68,307,151,2142.342037945061,652.2201822019982,1524.3944291342762,65.15704445542657,4384.113693736759,17.125444116159215,58.392646241297804,4.125002305954695e-05,0,1,0,104,0,0
tune-structured-256,tune,structured,256,4,separate_seed,fixed_4,256,96,96,69,376,160,1941.5718555852347,689.3187530182349,1393.745464950586,66.81050136431881,4091.4465749183764,15.982213183274908,62.56955707776953,4.0417013224214315e-05,0,0,0,0,96,0
tune-structured-256,tune,structured,256,4,separate_seed,fixed_5,256,90,90,71,439,166,1814.7854932049654,733.4025134587147,1378.4425262470336,76.60526711319262,4003.235800023906,15.637639843843383,63.948269047371944,3.5334029234945774e-05,0,0,0,0,1,89
tune-structured-256,tune,structured,256,4,separate_seed,candidate,256,151,45,23,155,105,3045.321063191147,299.2683855728171,767.8786269715748,19.841968873040273,4132.310044608579,16.141836111752262,61.950821026607855,0.00016537500778213143,106,3,9,7,14,12
tune-structured-256,tune,structured,256,5,separate_seed,ordinary,256,256,0,0,0,0,5194.123669406799,0.0,0.0,0.0,5194.123669406799,20.28954558362031,49.28646607084671,0.00010533403838053346,256,0,0,0,0,0
tune-structured-256,tune,structured,256,5,separate_seed,default,256,114,83,65,415,142,2277.4002882451096,671.0557706162401,1278.1894999199953,70.22650647621523,4296.87206525756,16.784656504912345,59.578222509786315,0.00015199999324977398,31,0,0,0,0,83
tune-structured-256,tune,structured,256,5,separate_seed,existing_cost_gate,256,116,77,58,385,140,2315.063273269172,621.4403339173502,1204.5024436261715,60.54207928216854,4201.548130094863,16.41229738318306,60.9299220366708,0.0001705000177025795,39,0,0,0,0,77
tune-structured-256,tune,structured,256,5,separate_seed,fixed_1,256,157,156,57,156,99,3152.7459932860647,646.9719734375836,1957.173530931428,0.0,5756.891497655079,22.48785741271515,44.46844275322455,8.26249597594142e-05,1,156,0,0,0,0
tune-structured-256,tune,structured,256,5,separate_seed,fixed_2,256,126,126,70,251,130,2545.7710815868495,650.5690919141794,1636.7146085412041,44.98618186045205,4878.040963902685,19.054847515244862,52.480084094084106,6.870797369629145e-05,0,1,125,0,0,0
tune-structured-256,tune,structured,256,5,separate_seed,fixed_3,256,108,107,69,321,148,2171.4121991595107,657.162351297165,1477.5209942657464,59.0002973272327,4365.095842049657,17.051155633006474,58.64705135083441,5.800003418698907e-05,1,0,0,107,0,0
tune-structured-256,tune,structured,256,5,separate_seed,fixed_4,256,104,104,77,416,152,2082.8765132884473,738.9864694442241,1459.69006491374,73.31891156061482,4354.8719592070265,17.011218590652447,58.784736359186724,4.5082997530698776e-05,0,0,0,0,104,0
tune-structured-256,tune,structured,256,5,separate_seed,fixed_5,256,96,96,75,479,160,1918.6632536536658,774.8030958807454,1419.8375241615247,75.33735493608643,4188.641228632022,16.361879799343836,61.11767182399807,3.7958030588924885e-05,0,0,0,0,1,95
tune-structured-256,tune,structured,256,5,separate_seed,candidate,256,179,28,15,114,77,3610.319105304785,204.96115915128604,590.3558261815868,21.74627447114166,4427.3823651088,17.29446236370625,57.82197670964184,0.0001888750120997429,151,3,2,3,2,18
tune-structured-256,tune,structured,256,6,separate_seed,ordinary,256,256,0,0,0,0,5238.135077847445,0.0,0.0,0.0,5238.135077847445,20.461465147841583,48.87235556078871,0.00010095798643305898,256,0,0,0,0,0
tune-structured-256,tune,structured,256,6,separate_seed,default,256,121,85,69,420,135,2469.8323349907655,700.108487759163,1303.9541162943958,75.78541364883634,4549.68035269316,17.772188877707656,56.26768919017841,0.00017312500858679414,36,0,0,0,0,85
tune-structured-256,tune,structured,256,6,separate_seed,existing_cost_gate,256,128,75,56,365,128,2609.966545256888,621.8297887633174,1029.6572624557728,44.45623040632371,4305.909826882302,16.81996026125899,59.45317256802775,0.00019441702170297503,53,0,0,0,0,75
tune-structured-256,tune,structured,256,6,separate_seed,fixed_1,256,158,157,59,156,98,3211.932808746635,659.3334074464672,1951.9789981559113,0.0,5823.245214349013,22.74705161855083,43.961741361877124,9.275000775232911e-05,1,157,0,0,0,0
tune-structured-256,tune,structured,256,6,separate_seed,fixed_2,256,123,123,64,243,133,2503.7252618458137,639.6252271773842,1635.9230621387796,38.58188922969092,4817.85544039167,18.81974781402996,53.135674817837284,7.224996807053685e-05,0,1,122,0,0,0
tune-structured-256,tune,structured,256,6,separate_seed,fixed_3,256,109,109,73,324,147,2232.1035308515015,681.5215442646828,1484.3099164930823,63.31142761060237,4461.24641921987,17.42674382507762,57.383066511884415,6.0165999457240105e-05,0,0,0,109,0,0
tune-structured-256,tune,structured,256,6,separate_seed,fixed_4,256,98,98,69,388,158,1985.2759028928706,704.356976365142,1419.8095524166529,65.60565960870457,4175.04809128337,16.308781606575664,61.31665897082111,5.6166958529502153e-05,0,0,0,0,98,0
tune-structured-256,tune,structured,256,6,separate_seed,fixed_5,256,93,93,69,456,163,1894.56690867349,762.3710736713912,1392.009811308311,65.47035566324449,4114.418149316438,16.071945895767335,62.220219411226196,3.925000783056021e-05,0,1,0,0,0,92
tune-structured-256,tune,structured,256,6,separate_seed,candidate,256,158,41,19,150,98,3205.24040953966,281.21537023371764,805.1605518292466,23.68909022156213,4315.305421824188,16.856661804000733,59.3237268225113,0.0001765830093063414,117,3,2,3,28,5
tune-structured-256,tune,structured,256,7,separate_seed,ordinary,256,256,0,0,0,0,5216.20977569496,0.0,0.0,0.0,5216.20977569496,20.375819436308436,49.077780804145846,0.00010699999984353781,256,0,0,0,0,0
tune-structured-256,tune,structured,256,7,separate_seed,default,256,110,79,59,395,146,2242.1483656132677,651.0516608788835,1255.6795901057965,61.90808843350963,4210.787705031457,16.44838947277913,60.79622577364952,0.0001479170168749988,31,0,0,0,0,79
tune-structured-256,tune,structured,256,7,separate_seed,existing_cost_gate,256,117,71,50,345,139,2380.978167899276,583.9017639548988,1116.7856157018512,47.10814777301059,4128.773695329037,16.12802224737905,62.003882724213696,0.00015362497651949525,46,0,0,0,0,71
tune-structured-256,tune,structured,256,7,separate_seed,fixed_1,256,152,152,48,150,104,3081.7098890837738,636.1163392703736,2051.2755304519965,0.0,5769.10175880614,22.535553745336486,44.37432562343582,6.558303721249104e-05,0,152,0,0,0,0
tune-structured-256,tune,structured,256,7,separate_seed,fixed_2,256,123,123,66,236,133,2503.9964603220906,640.5098415075994,1644.364943004398,45.51403667455264,4834.385281508643,18.884317505893137,52.953992098890254,5.245895590633154e-05,0,0,123,0,0,0
tune-structured-256,tune,structured,256,7,separate_seed,fixed_3,256,104,104,65,309,152,2117.356941009772,646.7622470892074,1532.0904692395266,62.448561260571616,4358.658218599082,17.026008666402664,58.73367150184147,4.4584041461348534e-05,0,0,0,104,0,0
tune-structured-256,tune,structured,256,7,separate_seed,fixed_4,256,101,100,73,392,155,2058.624294954136,723.2190788472093,1441.9380029515635,71.32008550902383,4295.101462261934,16.77774008696068,59.60278290263775,4.295795224606991e-05,1,0,0,0,100,0
tune-structured-256,tune,structured,256,7,separate_seed,fixed_5,256,96,95,75,470,160,1961.1869840638278,784.7586596813303,1443.7566403695491,78.68380335761977,4268.386087472328,16.67338315418878,59.97583038501544,3.837497206404805e-05,1,0,0,0,0,95
tune-structured-256,tune,structured,256,7,separate_seed,candidate,256,163,39,18,134,93,3306.0577875824592,269.6063976040495,688.0484831123927,14.356850118309492,4278.069518417215,16.711209056317244,59.84007480428088,0.00016674998914822936,124,3,2,3,28,3
tune-structured-256,tune,structured,256,8,separate_seed,ordinary,256,256,0,0,0,0,5208.120425089487,0.0,0.0,0.0,5208.120425089487,20.34422041050581,49.15400933641072,8.391699520871043e-05,256,0,0,0,0,0
tune-structured-256,tune,structured,256,8,separate_seed,default,256,119,84,67,415,137,2421.5173177400543,692.962274071238,1253.060765114806,69.92901736999295,4437.469374296093,17.33386474334411,57.69053900019508,0.00014462496619671583,35,0,0,0,0,84
tune-structured-256,tune,structured,256,8,separate_seed,existing_cost_gate,256,115,71,53,345,141,2339.584038935988,584.125763402727,1251.2094755962355,67.20386026390219,4242.123138198853,16.57079350858927,60.34714025503137,0.00013820797903463244,44,0,0,0,0,71
tune-structured-256,tune,structured,256,8,separate_seed,fixed_1,256,155,154,53,150,101,3166.936243681553,649.6185717797938,2009.1738720194091,0.0,5825.728687480755,22.7567526854717,43.943000735707656,6.0207967180758715e-05,1,154,0,0,0,0
tune-structured-256,tune,structured,256,8,separate_seed,fixed_2,256,121,120,61,236,135,2456.4715950216796,623.3187637882803,1642.5319565005216,40.015548183610306,4762.337863494094,18.602882279273803,53.75511090096716,4.620797699317336e-05,1,0,120,0,0,0
tune-structured-256,tune,structured,256,8,separate_seed,fixed_3,256,107,106,70,309,149,2183.808061797735,660.3117140025298,1511.3620745840924,65.3421881907913,4420.824038575146,17.268843900684164,57.90775605773943,4.066701512783766e-05,1,0,0,106,0,0
tune-structured-256,tune,structured,256,8,separate_seed,fixed_4,256,99,99,71,375,157,2000.2198870006916,708.7702620858463,1419.347555047318,68.72711130620561,4197.064815440065,16.394784435312754,60.9950075248381,3.7624966353178024e-05,0,0,0,1,98,0
tune-structured-256,tune,structured,256,8,separate_seed,fixed_5,256,97,97,79,469,159,1976.492125297286,797.5774981325698,1520.3674567210012,90.55118960912188,4384.9882697599805,17.128860428749924,58.38099995966753,3.56250093318522e-05,0,0,0,0,1,96
tune-structured-256,tune,structured,256,8,separate_seed,candidate,256,155,49,24,151,101,3144.0461997775246,319.023902128976,804.7223563228731,16.479108648425182,4284.271566877802,16.735435808116414,59.753448399295124,0.00014754204312339425,106,3,11,4,29,2
tune-structured-256,tune,structured,256,9,separate_seed,ordinary,256,256,0,0,0,0,5236.031867174461,0.0,0.0,0.0,5236.031867174461,20.453249481150237,48.891986621568485,9.833398507907987e-05,256,0,0,0,0,0
tune-structured-256,tune,structured,256,9,separate_seed,default,256,137,85,68,395,119,2789.715915331694,703.2436796913802,992.9782325626148,45.96657916890278,4531.904406754591,17.70275158888512,56.48839362508265,0.00017383403610438108,52,0,0,0,0,85
tune-structured-256,tune,structured,256,9,separate_seed,existing_cost_gate,256,128,73,55,340,128,2613.2249900932334,598.6034350258763,976.489576264497,42.25304551581845,4230.571046899425,16.525668151950878,60.51192549706068,0.00016024999786168337,55,0,0,0,0,73
tune-structured-256,tune,structured,256,9,separate_seed,fixed_1,256,158,158,60,156,98,3211.078874549558,662.9665550515793,1939.7558596377514,0.0,5813.80128923889,22.710161286089413,44.03315271092007,7.79160181991756e-05,0,158,0,0,0,0
tune-structured-256,tune,structured,256,9,separate_seed,fixed_2,256,128,127,72,252,128,2601.697455268464,660.6152372462873,1573.325816293516,41.90209073370839,4877.540599541976,19.052892966960844,52.4854677835054,5.3916999604552984e-05,1,0,127,0,0,0
tune-structured-256,tune,structured,256,9,separate_seed,fixed_3,256,114,114,79,338,142,2333.5598584792197,711.4643657663888,1491.2986961363063,67.09827461147256,4603.421194993386,17.982114042942914,55.61081403509674,4.412501584738493e-05,0,0,1,113,0,0
tune-structured-256,tune,structured,256,9,separate_seed,fixed_4,256,111,111,89,434,145,2247.4513531410353,794.9682988954503,1396.3832491521584,79.33436549059394,4518.137266679238,17.648973697965772,56.66051845922692,4.445802187547088e-05,0,0,1,0,110,0
tune-structured-256,tune,structured,256,9,separate_seed,fixed_5,256,104,104,85,502,152,2112.0073190155813,850.2729675350117,1395.6800625013266,77.5040232635941,4435.464372315511,17.326032704357466,57.71661736206361,3.837497206404805e-05,0,0,1,0,0,103
tune-structured-256,tune,structured,256,9,separate_seed,candidate,256,160,44,24,150,96,3251.28359778383,296.97869159577476,797.2306691498302,28.706391916422767,4374.199350445857,17.08671621267913,58.52499611703939,0.0001752499956637621,116,4,4,3,30,3
tune-structured-256,tune,structured,256,10,separate_seed,ordinary,256,256,0,0,0,0,5217.1971143032,0.0,0.0,0.0,5217.1971143032,20.379676227746874,49.06849298412811,0.0001188750029541552,256,0,0,0,0,0
tune-structured-256,tune,structured,256,10,separate_seed,default,256,98,75,56,375,158,1995.5132355892638,616.3995237850605,1342.3576998874364,72.42413633168441,4026.6945955934466,15.7292757640369,63.575717979741945,0.0001502500381320715,23,0,0,0,0,75
tune-structured-256,tune,structured,256,10,separate_seed,existing_cost_gate,256,114,73,54,360,142,2311.636787253288,600.893548578889,1238.451738025012,62.80364315947099,4213.785717016661,16.46010045709633,60.752970652064086,0.00015224999515339732,41,0,0,0,0,73
tune-structured-256,tune,structured,256,10,separate_seed,fixed_1,256,156,156,56,154,100,3164.394608815176,653.2540890346451,1992.8078602415503,0.0,5810.456558091371,22.69709593004442,44.05849995444959,8.712499402463436e-05,0,156,0,0,0,0
tune-structured-256,tune,structured,256,10,separate_seed,fixed_2,256,122,122,64,240,134,2486.6971627636276,636.2672077766913,1669.217219164948,43.8061785798189,4835.987768285085,18.890577219863612,52.93644489319739,5.7416968047618866e-05,0,0,122,0,0,0
tune-structured-256,tune,structured,256,10,separate_seed,fixed_3,256,103,103,61,306,153,2093.590513770486,638.9879140770008,1497.914806849585,50.38260870496181,4280.875843402036,16.7221712632892,59.80084668761507,4.529202124103904e-05,0,0,0,103,0,0
tune-structured-256,tune,structured,256,10,separate_seed,fixed_4,256,94,94,66,371,162,1919.3762003352058,679.5055301519792,1494.4870254229204,71.6521320328697,4165.020887942977,16.269612843527256,61.46427758407555,3.80830024369061e-05,0,0,0,1,93,0
tune-structured-256,tune,structured,256,10,separate_seed,fixed_5,256,87,87,65,427,169,1763.343778212133,709.6685758451293,1447.5486571723122,74.39929566776898,3994.960306897345,15.605313698817755,64.0807368118309,4.554202314466238e-05,0,0,1,0,0,86
tune-structured-256,tune,structured,256,10,separate_seed,candidate,256,157,38,12,131,99,3179.77694822907,255.2078678683525,787.1023614289805,12.424775134767357,4234.511952661172,16.5410623150827,60.455609256012906,0.00016487500397488475,119,3,6,2,25,2
tune-structured-256,tune,structured,256,11,separate_seed,ordinary,256,256,0,0,0,0,5186.42614388057,0.0,0.0,0.0,5186.42614388057,20.259477124533475,49.359615445802255,0.00011195801198482513,256,0,0,0,0,0
tune-structured-256,tune,structured,256,11,separate_seed,default,256,116,76,55,365,140,2331.005935699741,618.3683726858305,1098.5552584033217,46.50487968785811,4094.4344464767496,15.993884556549803,62.52389758499793,0.00015720800729468465,40,0,0,0,0,76
tune-structured-256,tune,structured,256,11,separate_seed,existing_cost_gate,256,115,72,51,350,141,2304.8531215595,581.7814517954795,1071.7591727080794,44.30370761024043,4002.6974536732982,15.635536928411321,63.95686982663837,0.0002010409953072667,43,0,0,0,0,72
tune-structured-256,tune,structured,256,11,separate_seed,fixed_1,256,160,160,64,153,96,3218.7316940451697,664.7420499559244,1887.5162903152973,0.0,5770.990034316389,22.542929821548395,44.35980628587671,0.00010150001617148519,0,160,0,0,0,0
tune-structured-256,tune,structured,256,11,separate_seed,fixed_2,256,124,124,64,239,132,2491.362230298562,636.8908377553225,1563.437049419522,30.26527081409171,4721.9553882875,18.445138235498046,54.2148281694891,6.65830448269844e-05,0,1,123,0,0,0
tune-structured-256,tune,structured,256,11,separate_seed,fixed_3,256,114,114,76,326,142,2297.8353887727617,701.1357527349434,1402.4364409056636,51.79844603992252,4453.206028453293,17.395336048645675,57.48667327860307,6.683397805318236e-05,0,0,1,113,0,0
tune-structured-256,tune,structured,256,11,separate_seed,fixed_4,256,105,105,78,400,151,2114.8009522976763,751.2224039680698,1313.6448691255348,58.546898685533364,4238.215124076814,16.555527828425056,60.4027857259282,6.379198748618364e-05,0,0,0,0,105,0
tune-structured-256,tune,structured,256,11,separate_seed,fixed_5,256,100,100,78,479,156,2001.1799967199681,809.0818698642264,1282.4082595038215,60.49345424093854,4153.163580328954,16.223295235659975,61.639758475326744,4.374998388811946e-05,0,0,0,0,1,99
tune-structured-256,tune,structured,256,11,separate_seed,candidate,256,156,36,11,121,100,3155.532079619113,247.57731970590734,741.2871755411297,10.025973074506153,4154.422547940654,16.22821307789318,61.621078993733825,0.00018266704864799976,120,3,4,2,22,5
tune-structured-256,tune,structured,256,12,separate_seed,ordinary,256,256,0,0,0,0,5199.133677742944,0.0,0.0,0.0,5199.133677742944,20.309115928683376,49.23897246495403,9.858299745246768e-05,256,0,0,0,0,0
tune-structured-256,tune,structured,256,12,separate_seed,default,256,96,73,54,355,160,1963.9862808814362,601.0375692627127,1295.371699914229,68.20762660907246,3928.6031766674496,15.346106158857225,65.16310975881238,0.00013320898870006204,23,0,0,0,0,73
tune-structured-256,tune,structured,256,12,separate_seed,existing_cost_gate,256,108,74,55,365,148,2210.3820280617715,609.194245252843,1214.3114473777684,60.900565621308985,4094.788286313691,15.995266743412856,62.518494754819784,0.00014529097825288773,34,0,0,0,0,74
tune-structured-256,tune,structured,256,12,separate_seed,fixed_1,256,153,152,49,149,103,3139.3022247963495,644.2960605841314,2081.3427271354285,0.0,5864.941012515911,22.909925830140278,43.64920285706036,6.566598312929273e-05,1,152,0,0,0,0
tune-structured-256,tune,structured,256,12,separate_seed,fixed_2,256,117,116,53,228,139,2375.0292638894966,602.991121613663,1657.5291512050262,31.384286746316867,4666.933823454502,18.23021024786915,54.854002581615084,5.004199920222163e-05,1,0,116,0,0,0
tune-structured-256,tune,structured,256,12,separate_seed,fixed_3,256,101,100,58,291,155,2065.8215557215076,625.3692088521577,1483.4644482971978,49.787582670194496,4224.442795541057,16.501729670082256,60.59970803018344,4.283303860574961e-05,1,0,0,100,0,0
tune-structured-256,tune,structured,256,12,separate_seed,fixed_4,256,96,95,67,372,160,1949.482671280457,685.5848791717124,1408.29885060119,66.51445744630287,4109.880858499662,16.054222103514306,62.28891026623443,4.1000021155923605e-05,1,0,0,0,95,0
tune-structured-256,tune,structured,256,12,separate_seed,fixed_5,256,91,91,70,443,165,1860.3804462113737,750.6921655207121,1384.11303170576,71.48089243910054,4066.666535876946,15.88541615576932,62.95082169671813,3.645801916718483e-05,0,0,0,1,0,90
tune-structured-256,tune,structured,256,12,separate_seed,candidate,256,161,33,10,119,95,3270.239104108865,217.8856433663782,677.0941519626562,9.077803382729908,4174.2967028206285,16.30584649539308,61.327696190598374,0.00017633300740271807,128,3,2,2,24,2
tune-structured-256,tune,structured,256,13,separate_seed,ordinary,256,256,0,0,0,0,5234.241432964552,0.0,0.0,0.0,5234.241432964552,20.44625559751778,48.90871070404706,8.504098514094949e-05,256,0,0,0,0,0
tune-structured-256,tune,structured,256,13,separate_seed,default,256,108,80,61,390,148,2180.1087312818563,655.3127412623925,1254.1960089247602,64.18976555212987,4153.80724702114,16.22580955867633,61.630206886366175,0.00013441697228699923,28,0,0,0,0,80
tune-structured-256,tune,structured,256,13,separate_seed,existing_cost_gate,256,115,73,54,350,141,2328.9665160144637,595.5947766776673,1151.327273564912,55.01010121593398,4130.898667472978,16.13632291981632,61.971987358529084,0.00014404195826500654,42,0,0,0,0,73
tune-structured-256,tune,structured,256,13,separate_seed,fixed_1,256,155,154,53,150,101,3166.784646858711,650.3309888281557,2029.8268568074066,0.0,5846.942492494273,22.839619111305755,43.78356727958715,6.270798621699214e-05,1,154,0,0,0,0
tune-structured-256,tune,structured,256,13,separate_seed,fixed_2,256,118,117,58,230,138,2405.4299955688152,611.0919566847826,1743.0008625273979,48.73554567118612,4808.258360452181,18.78225922051633,53.24173137317129,4.4832995627075434e-05,1,0,117,0,0,0
tune-structured-256,tune,structured,256,13,separate_seed,fixed_3,256,101,101,59,293,155,2054.7553843470655,626.4152141674501,1569.1172208866583,59.06254749031843,4309.350366891492,16.83339987066989,59.40570578035017,3.829196793958545e-05,0,0,1,100,0,0
tune-structured-256,tune,structured,256,13,separate_seed,fixed_4,256,97,97,65,381,159,1962.190211104245,693.6603453591237,1445.998424949041,61.15904293975309,4163.0080243521625,16.261750095125635,61.49399628885849,3.912497777491808e-05,0,1,0,0,96,0
tune-structured-256,tune,structured,256,13,separate_seed,fixed_5,256,93,93,71,448,163,1893.1920942182076,763.6577410738884,1460.8637397374314,74.65306369508436,4192.366638724613,16.37643218251802,61.06336159517752,3.712502075359225e-05,0,0,0,1,0,92
tune-structured-256,tune,structured,256,13,separate_seed,candidate,256,156,32,13,129,100,3174.715610912535,237.93879613457298,710.7278065297044,17.308676646286216,4140.6908902231,16.174573789933984,61.825431259421244,0.0001563329715281725,124,3,2,2,9,16
tune-structured-256,tune,structured,256,14,separate_seed,ordinary,256,256,0,0,0,0,5185.714919658478,0.0,0.0,0.0,5185.714919658478,20.25669890491593,49.366385149621706,0.00012641696957871318,256,0,0,0,0,0
tune-structured-256,tune,structured,256,14,separate_seed,default,256,105,76,56,375,151,2122.2340898970892,619.4776664217881,1163.545635910029,54.71434190388819,3959.971734132793,15.468639586456222,64.64692608621922,0.00014274998102337122,29,0,0,0,0,76
tune-structured-256,tune,structured,256,14,separate_seed,existing_cost_gate,256,108,72,51,360,148,2187.0083249774493,586.4259692433712,1076.7362037810365,44.46588303498531,3894.636381036841,15.21342336342516,65.73142520993115,0.00013524998212233186,36,0,0,0,0,72
tune-structured-256,tune,structured,256,14,separate_seed,fixed_1,256,154,153,51,152,102,3099.315890763972,635.9180487614265,2003.756751859063,0.0,5738.9906913844625,22.417932388220557,44.607146755668126,6.975000724196434e-05,1,153,0,0,0,0
tune-structured-256,tune,structured,256,14,separate_seed,fixed_2,256,116,116,52,231,140,2338.57742823063,597.2938196406552,1651.9375808461918,31.501905762129525,4619.310734479607,18.044182556560965,55.41952354258323,5.045899888500571e-05,0,1,115,0,0,0
tune-structured-256,tune,structured,256,14,separate_seed,fixed_3,256,105,104,62,309,151,2122.912692128621,642.2815310914848,1411.9693243459967,43.16854065217043,4220.3320882182725,16.485672219602627,60.65873363725681,5.258299643173814e-05,1,0,0,104,0,0
tune-structured-256,tune,structured,256,14,separate_seed,fixed_4,256,95,95,66,378,161,1932.797028934082,683.4446564108254,1404.3383867061755,63.30836967046672,4083.8884417215495,15.952689225474803,62.68535579588067,3.8416008464992046e-05,0,0,1,0,94,0
tune-structured-256,tune,structured,256,14,separate_seed,fixed_5,256,91,91,68,451,165,1838.3432128886095,739.0322708514597,1375.8109866219438,66.7840816701319,4019.9705520321436,15.70300996887556,63.68205853413252,3.4624943509697914e-05,0,1,0,0,0,90
tune-structured-256,tune,structured,256,14,separate_seed,candidate,256,155,40,17,157,101,3131.440252170943,284.5961595321117,721.652813358218,11.726963318750682,4149.416188380023,16.208656985859466,61.69542614618881,0.00015887501649558544,115,3,2,2,21,12
tune-structured-256,tune,structured,256,15,separate_seed,ordinary,256,256,0,0,0,0,5223.34801795546,0.0,0.0,0.0,5223.34801795546,20.403703195138515,49.01071096928448,9.74999857135117e-05,256,0,0,0,0,0
tune-structured-256,tune,structured,256,15,separate_seed,default,256,109,76,57,365,147,2222.702923747413,630.6473041309639,1286.9549814111288,66.707516930465,4207.012726219971,16.433643461796763,60.850778606989785,0.0001551660243421793,33,0,0,0,0,76
tune-structured-256,tune,structured,256,15,separate_seed,existing_cost_gate,256,113,76,58,375,143,2305.3512298082574,627.3421211782504,1260.2771635619129,66.69007260555722,4259.660587153979,16.63929916857023,60.09868503890404,0.0001385000068694353,37,0,0,0,0,76
tune-structured-256,tune,structured,256,15,separate_seed,fixed_1,256,159,158,61,154,97,3240.312746920407,665.0141563275746,1956.0196274189798,0.0,5861.34653066696,22.89588488541781,43.675970813291926,6.833404768258333e-05,1,158,0,0,0,0
tune-structured-256,tune,structured,256,15,separate_seed,fixed_2,256,124,123,66,238,132,2525.4053715983846,641.0431814051716,1650.7585217828967,44.29566053178174,4861.502735318233,18.990245059836848,52.65861482298277,5.804200191050768e-05,1,0,123,0,0,0
tune-structured-256,tune,structured,256,15,separate_seed,fixed_3,256,108,108,71,311,148,2201.2897676649254,670.886254534374,1586.3366241739961,70.824172399623,4529.336818772917,17.692721948331705,56.52041573480403,5.05829812027514e-05,0,0,1,107,0,0
tune-structured-256,tune,structured,256,15,separate_seed,fixed_4,256,96,96,68,372,160,1953.94477338517,692.9228960605137,1505.2355221051391,74.595541636261,4226.698733187082,16.51054192651204,60.567363836448976,4.070898285135627e-05,0,0,0,0,96,0
tune-structured-256,tune,structured,256,15,separate_seed,fixed_5,256,92,91,69,440,164,1874.136922944516,749.6292617049446,1427.2349691769841,71.74890895213359,4122.750062778578,16.10449243272882,62.09447482913036,3.6750047001987696e-05,1,0,0,0,0,91
tune-structured-256,tune,structured,256,15,separate_seed,candidate,256,157,49,25,157,99,3195.1511885633963,320.03345863831663,829.6825653675241,21.116555542149257,4365.983768111386,17.0546240941851,58.63512408584586,0.00016762502491474152,108,7,2,11,25,4
tune-structured-256,tune,structured,256,16,separate_seed,ordinary,256,256,0,0,0,0,5195.535780674541,0.0,0.0,0.0,5195.535780674541,20.295061643259924,49.273070344780365,0.00012229196727275848,256,0,0,0,0,0
tune-structured-256,tune,structured,256,16,separate_seed,default,256,106,77,57,385,150,2125.853183911086,624.2586680714437,1296.0801676464273,67.09130427982129,4113.283323908777,16.06751298401866,62.23738552410923,0.0001485000248067081,29,0,0,0,0,77
tune-structured-256,tune,structured,256,16,separate_seed,existing_cost_gate,256,117,68,48,330,139,2357.5219477175447,552.519301096591,1142.707134371392,53.28572642561661,4106.034109611142,16.039195740668525,62.3472657961539,0.00014995801029726863,49,0,0,0,0,68
tune-structured-256,tune,structured,256,16,separate_seed,fixed_1,256,152,152,48,146,104,3082.632022400467,636.205844637614,2071.8825026846494,0.0,5790.720369722729,22.62000144422941,44.208662075709555,6.354099605232477e-05,0,152,0,0,0,0
tune-structured-256,tune,structured,256,16,separate_seed,fixed_2,256,121,121,62,235,135,2474.9565034629463,632.1943133662618,1697.2421117630688,43.94362787978534,4848.336556472061,18.938814673718987,52.80161494941285,5.016603972762823e-05,0,1,120,0,0,0
tune-structured-256,tune,structured,256,16,separate_seed,fixed_3,256,107,107,68,309,149,2168.576492500745,661.8868431647498,1493.895540424978,57.90778849217028,4382.266664582644,17.118229158525953,58.41725745924702,4.5249995309859514e-05,0,0,0,107,0,0
tune-structured-256,tune,structured,256,16,separate_seed,fixed_4,256,96,96,69,375,160,1947.745480027032,690.0307543585383,1459.4971868005164,72.24165222221625,4169.515073408301,16.287168255501175,61.398027226877744,4.1624996811151505e-05,0,0,0,1,95,0
tune-structured-256,tune,structured,256,16,separate_seed,fixed_5,256,91,91,70,448,165,1829.8208121181842,737.7020817864544,1432.1216318177621,76.90193862849738,4076.5464643508963,15.924009626370689,62.79825392368306,3.541703335940838e-05,0,0,0,1,0,90
tune-structured-256,tune,structured,256,16,separate_seed,candidate,256,160,34,12,125,96,3233.831085797431,236.18575460891876,726.1185665622908,14.604851763428995,4210.740258732069,16.448204135672146,60.79691082087459,0.00016620795940980315,126,3,2,2,23,4
tune-structured-256,tune,structured,256,17,separate_seed,ordinary,256,256,0,0,0,0,5201.976523538848,0.0,0.0,0.0,5201.976523538848,20.320220795073624,49.2120636918688,9.74999857135117e-05,256,0,0,0,0,0
tune-structured-256,tune,structured,256,17,separate_seed,default,256,123,84,69,400,133,2508.1681868516293,687.8029822963922,1146.1829089232506,64.47708808283328,4406.631166154105,17.213402992789472,58.09426528960545,0.00016604101983830333,39,0,0,0,0,84
tune-structured-256,tune,structured,256,17,separate_seed,existing_cost_gate,256,125,79,63,380,131,2547.5639624751393,648.1935219831288,1017.9693981551098,49.90826679984339,4263.6351494132205,16.654824802395392,60.0426610225389,0.00016387499636039138,46,0,0,0,0,79
tune-structured-256,tune,structured,256,17,separate_seed,fixed_1,256,160,159,63,154,96,3227.8232517718566,661.9366191770885,1898.1428351177342,0.0,5787.9027060666795,22.608994945572967,44.23018371260278,6.7666987888515e-05,1,159,0,0,0,0
tune-structured-256,tune,structured,256,17,separate_seed,fixed_2,256,132,132,77,253,124,2674.6087138652347,683.7613961332399,1526.1229781511104,35.706036722692076,4920.199124872277,19.219527831532332,52.030414522429616,5.512504139915109e-05,0,1,131,0,0,0
tune-structured-256,tune,structured,256,17,separate_seed,fixed_3,256,118,118,81,338,138,2375.804818806951,724.8272484723216,1358.6980595397656,50.077647093866815,4509.407773912905,17.614874116847286,56.77020416760039,4.9291003961116076e-05,0,0,1,117,0,0
tune-structured-256,tune,structured,256,17,separate_seed,fixed_4,256,108,107,79,408,148,2177.832714850771,765.1088308217585,1262.4185780618727,52.67535796883902,4258.035481703239,16.63295110040328,60.12162207196979,4.433299181982875e-05,1,0,0,0,107,0
tune-structured-256,tune,structured,256,17,separate_seed,fixed_5,256,105,105,89,500,151,2127.066540869507,860.4567967905328,1342.8613140046352,79.30987404386563,4409.69452570854,17.225369241048984,58.05390793115459,4.137499490752816e-05,0,0,0,0,0,105
tune-structured-256,tune,structured,256,17,separate_seed,candidate,256,150,45,22,157,106,3041.1364799827024,302.7902850429904,832.4536347261632,23.65070717610123,4200.031106927958,16.406371511437335,60.95192951731419,0.00015225005336105824,105,4,2,11,16,12
tune-structured-256,tune,structured,256,18,separate_seed,ordinary,256,256,0,0,0,0,5229.8880089509175,0.0,0.0,0.0,5229.8880089509175,20.42925003496452,48.949422924899686,8.520804112777114e-05,256,0,0,0,0,0
tune-structured-256,tune,structured,256,18,separate_seed,default,256,108,75,57,365,148,2194.7937133582786,615.9566758033379,1238.5550250908027,64.88646246143588,4114.191876713857,16.071062018413503,62.22364140305381,0.0001342500327154994,33,0,0,0,0,75
tune-structured-256,tune,structured,256,18,separate_seed,existing_cost_gate,256,124,74,58,365,132,2502.7634855250417,610.3294689318215,1116.3824064261028,58.06981030392376,4287.54517118689,16.74822332494879,59.70782575548548,0.00015762500697746873,50,0,0,0,0,74
tune-structured-256,tune,structured,256,18,separate_seed,fixed_1,256,158,158,60,155,98,3219.7338908114953,664.9551692279483,1955.9318699939188,0.0,5840.620930033361,22.814925507942817,43.83095617173323,6.391602801159024e-05,0,158,0,0,0,0
tune-structured-256,tune,structured,256,18,separate_seed,fixed_2,256,121,120,60,238,135,2467.6368440842066,625.8125819561131,1629.629212029492,36.299569320880146,4759.378207390691,18.59132112261989,53.78853893192718,4.975002957507968e-05,1,0,120,0,0,0
tune-structured-256,tune,structured,256,18,separate_seed,fixed_3,256,105,104,66,309,151,2145.6107297489602,648.5114662189252,1479.5525959565607,57.85751479687463,4331.53230672132,16.920048073130157,59.10148692709967,4.3791020289063454e-05,1,0,0,104,0,0
tune-structured-256,tune,structured,256,18,separate_seed,fixed_4,256,95,95,70,380,161,1908.876941384654,677.0441480064165,1460.8759738136916,79.04289294692589,4125.839956151688,16.11656232871753,62.047971496882774,3.850000211969018e-05,0,0,0,0,95,0
tune-structured-256,tune,structured,256,18,separate_seed,fixed_5,256,89,88,69,435,167,1806.757706663632,721.7747614917819,1398.3606157850247,76.67385398577707,4003.5669379262167,15.638933351274284,63.94297984002333,3.545801155269146e-05,1,0,0,0,0,88
tune-structured-256,tune,structured,256,18,separate_seed,candidate,256,198,35,25,116,58,4035.880572875476,229.96284556943667,547.2885425394771,26.13509459599388,4839.2670555803825,18.90338693586087,52.900572971023486,0.00020162499276921153,163,2,13,5,2,13
tune-structured-256,tune,structured,256,19,separate_seed,ordinary,256,256,0,0,0,0,5219.023403443684,0.0,0.0,0.0,5219.023403443684,20.386810169701892,49.05132248134444,0.00010241603013128042,256,0,0,0,0,0
tune-structured-256,tune,structured,256,19,separate_seed,default,256,110,80,62,395,146,2225.538054333478,653.3761230424277,1271.463365202971,68.435429495539,4218.812972074417,16.479738172165693,60.68057571988624,0.00014858401846140623,30,0,0,0,0,80
tune-structured-256,tune,structured,256,19,separate_seed,existing_cost_gate,256,108,70,50,345,148,2203.2927303312513,575.3602073418137,1281.6337064097625,64.34061150106969,4124.627255583898,16.1118252171246,62.066214505426785,0.00013966701226308942,38,0,0,0,0,70
tune-structured-256,tune,structured,256,19,separate_seed,fixed_1,256,155,154,53,153,101,3147.058122139123,644.7931174373683,2009.2150230545756,0.0,5801.066262631065,22.660415088402598,44.12981827997455,6.399996345862746e-05,1,154,0,0,0,0
tune-structured-256,tune,structured,256,19,separate_seed,fixed_2,256,121,120,62,238,135,2461.9513068542565,623.6968350939587,1670.2332720006157,43.93144462724481,4799.812858576077,18.7492689788128,53.335412763560434,5.250005051493645e-05,1,0,120,0,0,0
tune-structured-256,tune,structured,256,19,separate_seed,fixed_3,256,105,105,67,312,151,2115.9661655140653,645.9775606716464,1541.8493485424171,65.52408942937082,4369.317164157498,17.067645172490227,58.59039075945921,4.8332964070141315e-05,0,0,0,105,0,0
tune-structured-256,tune,structured,256,19,separate_seed,fixed_4,256,97,97,68,384,159,1967.5696116648649,697.9660677169526,1476.0788608007017,67.99113051322581,4209.605670695747,16.44377215115526,60.813297022590085,4.054099554196e-05,0,0,0,0,97,0
tune-structured-256,tune,structured,256,19,separate_seed,fixed_5,256,95,95,74,468,161,1923.812340927928,775.431891008712,1458.207542581708,77.98767768410671,4235.439452202457,16.544685360165847,60.44237035825841,3.766699228435755e-05,0,0,0,1,0,94
tune-structured-256,tune,structured,256,19,separate_seed,candidate,256,148,51,25,173,108,3023.310356881622,337.1628504331354,903.9101276298735,23.047031322379667,4287.430366267011,16.74777486823051,59.709424557463926,0.00015875004464760423,97,3,11,3,29,5
tune-structured-2048,tune,structured,2048,0,separate_seed,ordinary,256,256,0,0,0,0,6575.777210272869,0.0,0.0,0.0,6575.777210272869,25.686629727628393,38.93075933291496,0.00023204099852591753,256,0,0,0,0,0
tune-structured-2048,tune,structured,2048,0,separate_seed,default,256,96,74,55,365,160,2455.148082678101,602.362600096743,2075.79690307305,70.33938425337091,5203.646970101267,20.326745976958073,49.19626590176198,0.0001789579982869327,22,0,0,0,0,74
tune-structured-2048,tune,structured,2048,0,separate_seed,existing_cost_gate,256,107,73,54,360,149,2738.1392084773693,595.6816268811891,1976.0429022789326,64.72542211602982,5374.589159753521,20.99448890528719,47.63154771289349,0.00020249997032806277,34,0,0,0,0,73
tune-structured-2048,tune,structured,2048,0,separate_seed,fixed_1,256,153,152,49,149,103,3923.035205216281,639.5818956197683,3257.111534418481,0.0,7819.728635254527,30.545814981462996,32.7377089335105,0.00015304097905755043,1,152,0,0,0,0
tune-structured-2048,tune,structured,2048,0,separate_seed,fixed_2,256,117,117,53,227,139,3013.064804908261,611.5947255797678,2637.5765981374425,29.006178121197106,6291.242306746672,24.575165260729186,40.69148627854754,0.00011154200183227658,0,1,116,0,0,0
tune-structured-2048,tune,structured,2048,0,separate_seed,fixed_3,256,92,92,44,275,164,2354.3006946064106,570.0432262966685,2393.8414455532097,38.24045540029975,5356.425821856587,20.923538366627294,47.79306360510151,8.483300916850567e-05,0,0,1,91,0,0
tune-structured-2048,tune,structured,2048,0,separate_seed,fixed_4,256,88,88,59,352,168,2277.4704184661105,641.6794316967793,2252.2210633757445,63.878286109888485,5235.249199648522,20.45019218612704,48.89929595274796,8.25420138426125e-05,0,0,0,0,88,0
tune-structured-2048,tune,structured,2048,0,separate_seed,fixed_5,256,83,83,62,409,173,2124.107281897654,680.9286731264627,2245.153164385832,74.971134324709,5125.16025373466,20.020157241151015,49.94965763528175,7.354200351983309e-05,0,0,0,0,1,82
tune-structured-2048,tune,structured,2048,0,separate_seed,candidate,256,143,48,14,144,113,3654.346022530393,299.5725522043015,1560.554157917298,17.31224547926611,5531.784978131259,21.60853507082523,46.278009903140095,0.0002191669773310423,95,3,2,37,4,2
tune-structured-2048,tune,structured,2048,1,separate_seed,ordinary,256,256,0,0,0,0,6563.277193670777,0.0,0.0,0.0,6563.277193670777,25.637801537776472,39.004904477731145,0.0001182499690912664,256,0,0,0,0,0
tune-structured-2048,tune,structured,2048,1,separate_seed,default,256,114,84,66,405,142,2912.6615980728843,688.9159555034219,2150.708005460745,75.33839413572429,5827.623953172774,22.76415606708115,43.92870954904771,0.00015591603005304933,30,0,0,0,0,84
tune-structured-2048,tune,structured,2048,1,separate_seed,existing_cost_gate,256,123,71,54,340,133,3159.3914018540468,586.780733111244,1909.9005869140278,64.07790039740017,5720.15062227672,22.34433836826844,44.7540662658473,0.00015716702910140157,52,0,0,0,0,71
tune-structured-2048,tune,structured,2048,1,separate_seed,fixed_1,256,157,156,57,153,99,4002.126154317657,651.7590144568603,3104.567706386164,0.0,7758.452875160678,30.306456543596397,32.99626924584474,6.683298852294683e-05,1,156,0,0,0,0
tune-structured-2048,tune,structured,2048,1,separate_seed,fixed_2,256,127,127,73,248,129,3234.9322855204905,657.8606439363272,2583.804304007557,50.136606730054915,6526.733840194429,25.495054063259488,39.22329395806553,5.166599294170737e-05,0,0,127,0,0,0
tune-structured-2048,tune,structured,2048,1,separate_seed,fixed_3,256,112,112,74,320,144,2833.556288699883,686.4958407100044,2352.7910208247717,61.50412401218562,5934.347274246844,23.181044040026734,43.138695490733674,4.600000102072954e-05,0,0,1,111,0,0
tune-structured-2048,tune,structured,2048,1,separate_seed,fixed_4,256,106,106,82,406,150,2681.152382702036,752.7848647129417,2332.92051517398,81.84107410942686,5848.698836698387,22.846479830853074,43.77041922447711,4.345801426097751e-05,0,0,1,1,104,0
tune-structured-2048,tune,structured,2048,1,separate_seed,fixed_5,256,99,98,80,475,157,2546.6962652359352,808.1386541417286,2401.334072234362,88.38613378215189,5844.555125394179,22.830293458571013,43.80145186546331,3.9000005926936865e-05,1,0,0,0,0,98
tune-structured-2048,tune,structured,2048,1,separate_seed,candidate,256,180,30,15,112,76,4624.285443526964,216.7132469159051,893.2265737704538,14.640602387882755,5748.865866601204,22.456507291410954,44.53052235698624,0.0001905839890241623,150,3,4,2,3,18
tune-structured-2048,tune,structured,2048,2,separate_seed,ordinary,256,256,0,0,0,0,6559.90258057098,0.0,0.0,0.0,6559.90258057098,25.62461945535539,39.02496978510274,0.00010329094948247075,256,0,0,0,0,0
tune-structured-2048,tune,structured,2048,2,separate_seed,default,256,102,71,48,345,154,2615.249409901879,583.3894105930991,2000.1334255342451,54.978767291088076,5253.75101332031,20.522464895782463,48.72709029242917,0.00016012496780604124,31,0,0,0,0,71
tune-structured-2048,tune,structured,2048,2,separate_seed,existing_cost_gate,256,107,66,43,320,149,2736.1249540240465,544.0572952383426,1827.2852710732993,45.23220296028268,5152.699723295969,20.12773329412488,49.68269329621393,0.00014345796080306172,41,0,0,0,0,66
tune-structured-2048,tune,structured,2048,2,separate_seed,fixed_1,256,153,152,49,149,103,3924.6562834340452,639.4651148372456,3258.328066306593,0.0,7822.449464577889,30.556443221007378,32.726321999168604,6.612500874325633e-05,1,152,0,0,0,0
tune-structured-2048,tune,structured,2048,2,separate_seed,fixed_2,256,118,118,59,231,138,3025.955905765847,614.2588413955912,2768.188005723349,50.853663523936575,6459.2564164087225,25.231470376596572,39.63304496623982,5.724997026845813e-05,0,1,117,0,0,0
tune-structured-2048,tune,structured,2048,2,separate_seed,fixed_3,256,101,101,63,293,155,2567.0608092996313,621.6712990219713,2515.8648819586865,72.29951990223113,5776.896510182523,22.566001992900482,44.3144514617437,4.370801616460085e-05,0,0,1,100,0,0
tune-structured-2048,tune,structured,2048,2,separate_seed,fixed_4,256,93,92,63,360,163,2375.844443324737,661.916641206977,2289.823005765836,66.25222579420513,5393.836316091758,21.06967310973343,47.46158114517857,4.2750034481287e-05,1,0,0,0,92,0
tune-structured-2048,tune,structured,2048,2,separate_seed,fixed_5,256,85,84,60,414,171,2187.958803447381,692.8848087142404,2346.3431460760444,72.16000907446185,5299.346767312125,20.700573309812988,48.30784080390448,3.170798299834132e-05,1,0,0,0,1,83
tune-structured-2048,tune,structured,2048,2,separate_seed,candidate,256,162,36,14,126,94,4152.982144031479,250.44442246882076,1125.9834110877302,12.05656111729196,5541.466538705322,21.646353666817664,46.197157054350896,0.00016620801761746407,126,3,2,2,27,2
tune-structured-2048,tune,structured,2048,3,separate_seed,ordinary,256,256,0,0,0,0,6584.168772274576,0.0,0.0,0.0,6584.168772274576,25.719409266697564,38.881141850129374,9.641697397455573e-05,256,0,0,0,0,0
tune-structured-2048,tune,structured,2048,3,separate_seed,default,256,112,80,62,400,144,2862.2712887930343,654.9483751592628,1907.0365883941017,62.29167359014293,5486.547925936541,21.431827835689614,46.65957601314517,0.00014775001909583807,32,0,0,0,0,80
tune-structured-2048,tune,structured,2048,3,separate_seed,existing_cost_gate,256,120,76,58,380,136,3058.3191246388847,620.2286317856845,1705.8173970791443,51.03220671074397,5435.397360214458,21.232020938337726,47.098672467600295,0.00015583302592858672,44,0,0,0,0,76
tune-structured-2048,tune,structured,2048,3,separate_seed,fixed_1,256,155,155,54,155,101,3981.4162422606687,653.3838871250848,3208.985139379016,0.0,7843.785268764768,30.639786206112376,32.63730344830241,7.245800225064158e-05,0,155,0,0,0,0
tune-structured-2048,tune,structured,2048,3,separate_seed,fixed_2,256,127,127,74,252,129,3238.9812036475687,658.5835011658007,2628.948467249491,56.11334996344786,6582.626522026308,25.713384851665264,38.890251352312234,5.729100666940212e-05,0,0,127,0,0,0
tune-structured-2048,tune,structured,2048,3,separate_seed,fixed_3,256,107,107,69,318,149,2735.93227542364,663.9163206379114,2413.2965389805354,62.36316440432993,5875.5082994464165,22.951204294712564,43.57069838946871,4.8833026085048914e-05,0,0,0,107,0,0
tune-structured-2048,tune,structured,2048,3,separate_seed,fixed_4,256,97,97,72,384,159,2459.2266587265917,693.3914207602561,2333.880739119503,79.33216074890335,5565.830979355254,21.741527263106462,45.994928870379574,4.93330298922956e-05,0,0,0,0,97,0
tune-structured-2048,tune,structured,2048,3,separate_seed,fixed_5,256,97,97,77,482,159,2473.012346531633,791.2936604954272,2251.589287424211,77.22575610284343,5593.121050554115,21.84812910372701,45.77050946798977,3.99160198867321e-05,0,0,1,0,0,96
tune-structured-2048,tune,structured,2048,3,separate_seed,candidate,256,247,13,9,38,9,6353.255027717078,80.5542790341591,220.23017454206305,4.927861192338981,6658.967342485637,26.01159118158452,38.44439938407044,0.000272165983915329,234,3,3,2,2,3
tune-structured-2048,tune,structured,2048,4,separate_seed,ordinary,256,256,0,0,0,0,6545.581736285486,0.0,0.0,0.0,6545.581736285486,25.56867865736518,39.11035112140788,9.895797120407224e-05,256,0,0,0,0,0
tune-structured-2048,tune,structured,2048,4,separate_seed,default,256,106,76,56,375,150,2719.0018596690134,626.5369497420149,2043.9998763503663,64.75834697779169,5454.297032739188,21.305847784137452,46.935470962320316,0.00013275002129375935,30,0,0,0,0,76
tune-structured-2048,tune,structured,2048,4,separate_seed,existing_cost_gate,256,115,71,52,355,141,2904.079895910387,569.1783899414784,1921.5406701302047,62.43092743792936,5457.229883419999,21.31730423210937,46.9102466762069,0.0001527080312371254,44,0,0,0,0,71
tune-structured-2048,tune,structured,2048,4,separate_seed,fixed_1,256,156,155,55,152,100,3966.7065462002756,646.5988388245602,3129.1069197475267,0.0,7742.412304772364,30.243798065517048,33.06463023703911,6.333302007988095e-05,1,155,0,0,0,0
tune-structured-2048,tune,structured,2048,4,separate_seed,fixed_2,256,119,118,57,234,137,3041.8304291626473,613.3516857651191,2602.6774939182737,34.97381648546995,6292.833425331512,24.58138056770122,40.68119759367596,4.7166948206722736e-05,1,0,118,0,0,0
tune-structured-2048,tune,structured,2048,4,separate_seed,fixed_3,256,105,105,66,310,151,2677.9389888425626,647.9037273118588,2367.7265535713077,58.105193422292764,5751.674463148022,22.467478371671962,44.50877768556556,4.258297849446535e-05,0,1,0,104,0,0
tune-structured-2048,tune,structured,2048,4,separate_seed,fixed_4,256,96,96,68,376,160,2458.0642748434198,692.870090364647,2268.0235346609848,66.69748524693799,5485.65538511599,21.428341348109335,46.667167736164146,3.8833997678011656e-05,0,0,0,0,96,0
tune-structured-2048,tune,structured,2048,4,separate_seed,fixed_5,256,93,92,71,450,163,2401.0780855670146,762.7197000283868,2277.6617477653576,74.86573319661235,5516.325266557372,21.548145572489734,46.4077057877634,3.574998117983341e-05,1,0,0,0,0,92
tune-structured-2048,tune,structured,2048,4,separate_seed,candidate,256,152,37,15,142,104,3887.098548382438,262.955348583364,1227.539514388587,19.247000885540476,5396.84041223993,21.081407860312225,47.43516214031398,0.0001527080312371254,115,3,2,2,17,13
tune-structured-2048,tune,structured,2048,5,separate_seed,ordinary,256,256,0,0,0,0,6540.76808505038,0.0,0.0,0.0,6540.76808505038,25.549875332228048,39.13913422264813,8.425000123679638e-05,256,0,0,0,0,0
tune-structured-2048,tune,structured,2048,5,separate_seed,default,256,106,78,58,390,150,2689.7757181312363,633.6713025836015,2014.5656381970089,63.06674222219328,5401.079401134042,21.097966410679852,47.39793307727503,0.00012849998893216252,28,0,0,0,0,78
tune-structured-2048,tune,structured,2048,5,separate_seed,existing_cost_gate,256,108,68,47,330,148,2749.8506426198114,559.0110127702172,1871.0183036582266,51.76926190968761,5231.649220957945,20.43612976936697,48.9329443140924,0.00012966699432581663,40,0,0,0,0,68
tune-structured-2048,tune,structured,2048,5,separate_seed,fixed_1,256,156,155,55,149,100,3969.2324385388074,647.3832159172825,3145.3145099395274,0.0,7761.930164395613,30.320039704670364,32.98148715306479,5.974998930469155e-05,1,155,0,0,0,0
tune-structured-2048,tune,structured,2048,5,separate_seed,fixed_2,256,121,121,63,238,135,3060.773896126351,622.4552705970684,2646.2894246234423,44.331571360210575,6373.850162707071,24.897852198074496,40.16410700989446,4.5874970965087414e-05,0,0,121,0,0,0
tune-structured-2048,tune,structured,2048,5,separate_seed,fixed_3,256,103,103,62,303,153,2601.406665626457,631.2088077542138,2319.8503423696247,51.37976558147395,5603.845581331769,21.89002180207722,45.682914756398574,3.9792037568986416e-05,0,0,0,103,0,0
tune-structured-2048,tune,structured,2048,5,separate_seed,fixed_4,256,99,98,71,376,157,2470.4062412139424,686.302580572009,2236.0921217735463,69.5840783548794,5462.385021914378,21.33744149185304,46.8659750224419,3.904203185811639e-05,1,1,0,0,97,0
tune-structured-2048,tune,structured,2048,5,separate_seed,fixed_5,256,92,92,69,445,164,2311.251503779715,742.4715779849793,2257.2187243324165,68.83656908983271,5379.778375186945,21.014759278074003,47.58560337368993,3.587501123547554e-05,0,0,0,0,0,92
tune-structured-2048,tune,structured,2048,5,separate_seed,candidate,256,174,32,16,120,82,4433.9797998827735,230.03781865020457,962.745416946239,17.018978590253028,5643.782014069471,22.046023492458872,45.35965410460816,0.00016908301040530205,142,3,2,4,5,18
tune-structured-2048,tune,structured,2048,6,separate_seed,ordinary,256,256,0,0,0,0,6577.300930024007,0.0,0.0,0.0,6577.300930024007,25.69258175790628,38.92174050170236,0.00010004203068092465,256,0,0,0,0,0
tune-structured-2048,tune,structured,2048,6,separate_seed,default,256,113,82,66,405,143,2908.60240866376,676.4190559236142,2020.7053183418188,73.59099279199216,5679.317775721183,22.184835061410872,45.07583658980802,0.00014345801901072264,31,0,0,0,0,82
tune-structured-2048,tune,structured,2048,6,separate_seed,existing_cost_gate,256,128,79,63,385,128,3275.840269278622,647.4375671365219,1810.3053169602094,62.93919783455642,5796.522351209909,22.642665434413708,44.164411778135396,0.00016904098447412252,49,0,0,0,0,79
tune-structured-2048,tune,structured,2048,6,separate_seed,fixed_1,256,161,160,65,155,95,4138.317109916882,675.0579363200324,3036.7930561692465,0.0,7850.168102406158,30.664719150024055,32.61076663078506,6.329099414870143e-05,1,160,0,0,0,0
tune-structured-2048,tune,structured,2048,6,separate_seed,fixed_2,256,129,128,76,250,127,3298.867002060977,665.8886172285474,2590.6665585069636,56.34272538049181,6611.764903176979,25.827206653035073,38.71886005459616,5.054101347923279e-05,1,0,128,0,0,0
tune-structured-2048,tune,structured,2048,6,separate_seed,fixed_3,256,115,114,79,337,141,2976.8168354299746,714.3864565173589,2383.411001073543,66.83942517891552,6141.453718199793,23.99005358671794,41.68394190472541,4.691700451076031e-05,1,1,0,113,0,0
tune-structured-2048,tune,structured,2048,6,separate_seed,fixed_4,256,110,109,87,425,146,2826.4493509239123,786.7191321444299,2287.4249434965704,83.90173604032732,5984.495162605241,23.37693422892672,42.777208944815165,4.57499991171062e-05,1,1,0,0,108,0
tune-structured-2048,tune,structured,2048,6,separate_seed,fixed_5,256,101,100,82,485,155,2617.429549415103,832.8736220532401,2323.416238357899,83.89928462738784,5857.6186944536275,22.881323025209483,43.70376655660386,3.887497587129474e-05,1,0,0,0,0,100
tune-structured-2048,tune,structured,2048,6,separate_seed,candidate,256,157,43,21,155,99,4020.773373135037,296.0788748890248,1233.3775443895836,18.93716152462619,5569.16695393827,21.754558413821368,45.96737754808519,0.0001663330476731062,114,3,8,2,15,15
tune-structured-2048,tune,structured,2048,7,separate_seed,ordinary,256,256,0,0,0,0,6589.193317077605,0.0,0.0,0.0,6589.193317077605,25.739036394834393,38.85149329835407,9.712501196190715e-05,256,0,0,0,0,0
tune-structured-2048,tune,structured,2048,7,separate_seed,default,256,120,76,57,360,136,3080.6224030035564,629.8982028694419,1678.8862921242294,48.0831142312,5437.490012228427,21.240195360267293,47.08054624914786,0.00017541699344292283,44,0,0,0,0,76
tune-structured-2048,tune,structured,2048,7,separate_seed,existing_cost_gate,256,133,76,59,360,123,3427.5464764686667,630.4898417782449,1645.01432092522,50.06343850514423,5753.1140776772745,22.473101865926854,44.49764015514808,0.000200167007278651,57,0,0,0,0,76
tune-structured-2048,tune,structured,2048,7,separate_seed,fixed_1,256,164,164,72,160,92,4211.932062320092,691.4376943704013,2935.654976057138,0.0,7839.024732747632,30.621190362295437,32.657123650925165,7.133296458050609e-05,0,164,0,0,0,0
tune-structured-2048,tune,structured,2048,7,separate_seed,fixed_2,256,134,134,82,264,122,3448.919399457208,701.6646460359684,2453.4275128135405,44.31067450730623,6648.322232814025,25.970008721929783,38.505955493021176,6.337498780339956e-05,0,0,134,0,0,0
tune-structured-2048,tune,structured,2048,7,separate_seed,fixed_3,256,117,117,81,343,139,3013.4911219900005,729.0973123822743,2274.0330121689535,59.336040847126,6075.957487388355,23.73420893511076,42.13327702364112,4.99580055475235e-05,0,1,0,116,0,0
tune-structured-2048,tune,structured,2048,7,separate_seed,fixed_4,256,111,110,85,424,145,2857.0389939716556,797.8604477521677,2185.3890111832484,70.22293322708408,5910.511386134155,23.087935102086544,43.312665059840114,5.5708049330860376e-05,1,0,0,0,110,0
tune-structured-2048,tune,structured,2048,7,separate_seed,fixed_5,256,104,104,83,502,152,2680.0752145120646,858.2349440992184,2158.8961964099467,69.85947237211238,5767.06582739334,22.527600888255236,44.38999096975968,4.133302718400955e-05,0,0,1,0,0,103
tune-structured-2048,tune,structured,2048,7,separate_seed,candidate,256,164,39,19,131,92,4208.817568245751,267.18764666914313,1132.1294022778723,19.306549265107552,5627.441166457875,21.982192056476073,45.49136853280265,0.00016900000628083944,125,3,2,2,30,2
tune-structured-2048,tune,structured,2048,8,separate_seed,ordinary,256,256,0,0,0,0,6611.067949072405,0.0,0.0,0.0,6611.067949072405,25.824484176064082,38.72294188655544,9.97919705696404e-05,256,0,0,0,0,0
tune-structured-2048,tune,structured,2048,8,separate_seed,default,256,110,75,57,360,146,2863.6054291911328,622.674823729441,2157.0044024547506,75.57563376779004,5718.860289143117,22.339298004465302,44.76416402163195,0.00014291697880253196,35,0,0,0,0,75
tune-structured-2048,tune,structured,2048,8,separate_seed,existing_cost_gate,256,127,73,54,350,129,3253.1198952985806,600.6081454311457,1764.6279060739785,53.171638378014976,5671.527585181722,22.154404629616103,45.13775101241925,0.00016529200365766883,54,0,0,0,0,73
tune-structured-2048,tune,structured,2048,8,separate_seed,fixed_1,256,151,151,46,149,105,3884.329795282129,637.2598445740641,3327.190956962391,0.0,7848.7805968185885,30.65929920632261,32.61653155443874,7.570796879008412e-05,0,151,0,0,0,0
tune-structured-2048,tune,structured,2048,8,separate_seed,fixed_2,256,116,116,55,227,140,3015.5841120430537,611.778654177161,2801.5295332770543,44.65932482280605,6473.551624320074,25.287311032500288,39.54552537099572,5.620799493044615e-05,0,1,115,0,0,0
tune-structured-2048,tune,structured,2048,8,separate_seed,fixed_3,256,102,101,65,294,154,2636.0448455669502,632.3589999195674,2527.3846546411664,74.68136861590702,5870.46986874359,22.93152292477965,43.60809368310235,5.137501284480095e-05,1,0,0,101,0,0
tune-structured-2048,tune,structured,2048,8,separate_seed,fixed_4,256,94,93,68,368,162,2407.888435194928,670.388685971722,2450.344739551543,86.77711466842295,5615.398975386616,21.93515224760397,45.588924513128575,4.479195922613144e-05,1,0,0,0,93,0
tune-structured-2048,tune,structured,2048,8,separate_seed,fixed_5,256,90,89,69,427,166,2336.4329112613605,737.4403008891841,2458.1416983834974,88.10242257196242,5620.117333106005,21.953583332445334,45.550650427171675,3.8207974284887314e-05,1,0,1,0,0,88
tune-structured-2048,tune,structured,2048,8,separate_seed,candidate,256,163,36,16,132,93,4192.036317750612,254.11613321671695,1158.4712060922247,19.96335170390502,5624.587008763459,21.971043002982263,45.514452812470665,0.00016762502491474152,127,3,2,2,22,7
tune-structured-2048,tune,structured,2048,9,separate_seed,ordinary,256,256,0,0,0,0,6548.534758510599,0.0,0.0,0.0,6548.534758510599,25.580213900432028,39.092714544623526,9.616697207093239e-05,256,0,0,0,0,0
tune-structured-2048,tune,structured,2048,9,separate_seed,default,256,109,80,60,400,147,2767.457019646625,649.4327612010643,1975.3705842311595,60.80674335836002,5453.067108437206,21.301043392332836,46.946057128823234,0.00013925001258030534,29,0,0,0,0,80
tune-structured-2048,tune,structured,2048,9,separate_seed,existing_cost_gate,256,109,72,52,360,147,2771.5671878330622,586.181710813473,1884.2090242181325,55.70892998734694,5297.666852852012,20.694011143953173,48.32315944181763,0.00013920903438702226,37,0,0,0,0,72
tune-structured-2048,tune,structured,2048,9,separate_seed,fixed_1,256,154,154,52,152,102,3932.934997765581,645.3540211906275,3211.343609875254,0.0,7789.6326288314685,30.428252456372924,32.86419426924923,6.429199129343033e-05,0,154,0,0,0,0
tune-structured-2048,tune,structured,2048,9,separate_seed,fixed_2,256,120,120,62,240,136,3061.717688271684,622.5696466364527,2679.810376882539,47.50312648284091,6411.600838273517,25.045315774505926,39.927625948238905,5.2499992307275534e-05,0,0,120,0,0,0
tune-structured-2048,tune,structured,2048,9,separate_seed,fixed_3,256,106,106,67,317,150,2715.1753473463004,657.6809011650798,2450.8581369715735,62.05976670132235,5885.774152184275,22.991305281969826,43.494703225232584,4.3042004108428955e-05,0,0,1,105,0,0
tune-structured-2048,tune,structured,2048,9,separate_seed,fixed_4,256,100,99,73,396,156,2542.537504875423,709.3232121136456,2371.967712654735,78.30192213918819,5702.130351782995,22.273946686652323,44.89550119105074,4.099996294826269e-05,1,0,0,0,99,0
tune-structured-2048,tune,structured,2048,9,separate_seed,fixed_5,256,96,96,75,477,160,2445.9402034294994,782.1514591634351,2323.094567598844,78.21046866803013,5629.396698859809,21.989830854921127,45.47556580118982,3.7959020119160414e-05,0,0,1,0,0,95
tune-structured-2048,tune,structured,2048,9,separate_seed,candidate,256,156,38,16,138,100,3988.3461741450014,259.4599460912482,1286.7707375772668,24.064421652337387,5558.641279465853,21.713442497913487,46.05441997951698,0.0001581249525770545,118,3,2,4,26,3
tune-structured-2048,tune,structured,2048,10,separate_seed,ordinary,256,256,0,0,0,0,6607.1209549745145,0.0,0.0,0.0,6607.1209549745145,25.809066230369197,38.746074386190415,9.654101449996233e-05,256,0,0,0,0,0
tune-structured-2048,tune,structured,2048,10,separate_seed,default,256,113,81,61,395,143,2892.2621841216874,659.2725128566327,2069.7525606720237,65.88541334122164,5687.1726709915665,22.215518246060807,45.01357964842064,0.00015404197620227933,32,0,0,0,0,81
tune-structured-2048,tune,structured,2048,10,separate_seed,existing_cost_gate,256,110,68,49,330,146,2825.7123377179346,558.21860597154,2142.137432110304,72.31017618795023,5598.378551987729,21.868666218702067,45.72752585819801,0.00014645903138443828,42,0,0,0,0,68
tune-structured-2048,tune,structured,2048,10,separate_seed,fixed_1,256,156,156,56,149,100,4029.152938841231,661.0792136347909,3195.4305336790308,0.0,7885.662686155053,30.803369867793176,32.463980541478406,6.637501064687967e-05,0,156,0,0,0,0
tune-structured-2048,tune,structured,2048,10,separate_seed,fixed_2,256,122,122,64,233,134,3155.609784530796,640.3776136872884,2695.934652332407,46.00787670634088,6537.92992725683,25.53878877834699,39.1561247747132,5.108397454023361e-05,0,1,121,0,0,0
tune-structured-2048,tune,structured,2048,10,separate_seed,fixed_3,256,107,106,72,306,149,2742.4596303086446,658.8180112388061,2559.801956461907,82.65554005427605,6043.735138063635,23.608340383061073,42.3579118131276,4.5042019337415695e-05,1,0,0,106,0,0
tune-structured-2048,tune,structured,2048,10,separate_seed,fixed_4,256,97,97,70,375,159,2513.494295366066,707.5444263051833,2479.6882520746503,81.20756451440079,5781.934538260301,22.585681790079303,44.27583852878186,4.029198316857219e-05,0,0,0,1,96,0
tune-structured-2048,tune,structured,2048,10,separate_seed,fixed_5,256,93,93,72,446,163,2390.556201924444,763.4174344649344,2535.2192991077636,90.06474691659166,5779.257682413735,22.575225321928652,44.29634635932696,3.712502075359225e-05,0,1,0,0,0,92
tune-structured-2048,tune,structured,2048,10,separate_seed,candidate,256,158,31,11,125,98,4048.6048534251236,225.94394735567107,1085.1829118721123,14.53976083401033,5374.271473486915,20.993247943308262,47.63436332960364,0.00016120797954499722,127,3,2,2,8,16
tune-structured-2048,tune,structured,2048,11,separate_seed,ordinary,256,256,0,0,0,0,6559.328717783487,0.0,0.0,0.0,6559.328717783487,25.622377803841747,39.028384003067146,9.495799895375967e-05,256,0,0,0,0,0
tune-structured-2048,tune,structured,2048,11,separate_seed,default,256,107,79,59,390,149,2750.3086492636894,654.0549494124901,2039.5757359157353,64.6001337556534,5508.539468347567,21.517732298232684,46.47329867943998,0.00013216701336205006,28,0,0,0,0,79
tune-structured-2048,tune,structured,2048,11,separate_seed,existing_cost_gate,256,116,72,52,355,140,2979.6616205268047,588.9754036179028,1811.867231646556,51.790586557496674,5432.2948423487605,21.219901727924846,47.125571683681535,0.00014141702558845282,44,0,0,0,0,72
tune-structured-2048,tune,structured,2048,11,separate_seed,fixed_1,256,161,161,66,156,95,4118.553491765991,676.1043381015716,2986.219683809978,0.0,7780.877513677543,30.394052787802902,32.90117336380026,6.245897384360433e-05,0,161,0,0,0,0
tune-structured-2048,tune,structured,2048,11,separate_seed,fixed_2,256,128,127,72,252,128,3262.5779797373357,658.6563060614457,2492.005152840303,42.26866248055228,6455.508101119638,25.216828519998586,39.656057430336055,4.9458001740276814e-05,1,0,127,0,0,0
tune-structured-2048,tune,structured,2048,11,separate_seed,fixed_3,256,116,115,81,339,140,2982.9868715873863,718.0066939609457,2278.7845492980587,64.38782804833572,6044.165942894726,23.610023214432523,42.35489270458286,5.512498319149017e-05,1,0,0,115,0,0
tune-structured-2048,tune,structured,2048,11,separate_seed,fixed_4,256,109,109,84,421,147,2783.03479730455,782.2279889642307,2227.528990996156,73.41800686066817,5866.209784125607,22.914881969240653,43.639762200928224,4.82079922221601e-05,0,1,0,0,108,0
tune-structured-2048,tune,structured,2048,11,separate_seed,fixed_5,256,101,101,80,498,155,2590.397386895062,830.821923957785,2243.756333219047,73.83321034757743,5738.80885441947,22.417222087576054,44.60856015492724,3.7167046684771776e-05,0,0,0,1,0,100
tune-structured-2048,tune,structured,2048,11,separate_seed,candidate,256,152,36,15,138,104,3883.9942605766446,255.13778018104034,1172.3269089212374,19.34813673989826,5330.80708641882,20.823465181323517,48.022746996830094,0.00016308401245623827,116,3,2,3,14,14
tune-structured-2048,tune,structured,2048,12,separate_seed,ordinary,256,256,0,0,0,0,6588.482620061621,0.0,0.0,0.0,6588.482620061621,25.736260234615706,38.855684193579265,0.00010349997319281101,256,0,0,0,0,0
tune-structured-2048,tune,structured,2048,12,separate_seed,default,256,103,76,54,375,153,2681.031012953271,635.6382577206266,2036.091126391293,59.38140397398883,5412.141801039178,21.14117891030929,47.30105185914489,0.0001525420229882002,27,0,0,0,0,76
tune-structured-2048,tune,structured,2048,12,separate_seed,existing_cost_gate,256,115,73,51,365,141,2963.676846757837,606.0419756768051,1769.1430545955573,44.22727002601921,5383.089147056218,21.027691980688353,47.556336706776534,0.00014933297643437982,42,0,0,0,0,73
tune-structured-2048,tune,structured,2048,12,separate_seed,fixed_1,256,158,158,60,155,98,4083.708150553384,670.0273867342535,3129.228668403825,0.0,7882.964205691459,30.792828928482262,32.47509354605078,8.008303120732307e-05,0,158,0,0,0,0
tune-structured-2048,tune,structured,2048,12,separate_seed,fixed_2,256,127,127,73,252,129,3285.0837242679963,668.1027523805848,2616.0567201219114,50.99217851680029,6620.2353752872905,25.86029443471598,38.66931996944152,5.3333002142608166e-05,0,0,127,0,0,0
tune-structured-2048,tune,structured,2048,12,separate_seed,fixed_3,256,105,105,61,310,151,2737.3205718452054,661.8156822121132,2400.057207186624,45.70870692964833,5844.902168173589,22.831649094428084,43.798851141420336,4.8499961849302053e-05,0,1,0,104,0,0
tune-structured-2048,tune,structured,2048,12,separate_seed,fixed_4,256,96,96,69,382,160,2478.0431228600537,696.6478064978373,2350.947419242413,76.07664115123626,5601.714989751543,21.881699178716964,45.700290084082724,3.820803249254823e-05,0,0,1,0,95,0
tune-structured-2048,tune,structured,2048,12,separate_seed,fixed_5,256,91,91,68,455,165,2360.7626526968165,757.9259897401505,2248.6695050614508,68.59465696064572,5435.952804459062,21.23419064241821,47.09385993748982,3.50000336766243e-05,0,0,0,0,0,91
tune-structured-2048,tune,structured,2048,12,separate_seed,candidate,256,170,33,17,135,86,4369.783689864222,238.73912497679348,1173.9130087713556,29.307068513508696,5811.742892125879,22.702120672366714,44.04874832760499,0.0001812499831430614,137,3,3,2,5,20
tune-structured-2048,tune,structured,2048,13,separate_seed,ordinary,256,256,0,0,0,0,6514.146295659338,0.0,0.0,0.0,6514.146295659338,25.445883967419288,39.29908669238578,9.824999142438173e-05,256,0,0,0,0,0
tune-structured-2048,tune,structured,2048,13,separate_seed,default,256,106,78,57,385,150,2706.079695144794,635.9291756732105,1932.7187438051863,57.205200701175485,5331.932815324366,20.827862559860804,48.01260797289816,0.00014337495667859912,28,0,0,0,0,78
tune-structured-2048,tune,structured,2048,13,separate_seed,existing_cost_gate,256,116,70,49,350,140,2954.2380898189167,565.5257171263796,1758.1966212612263,47.32504456020288,5325.285472766725,20.80189637799502,48.07254020637441,0.00015308300498872995,46,0,0,0,0,70
tune-structured-2048,tune,structured,2048,13,separate_seed,fixed_1,256,152,152,48,150,104,3875.027775980539,635.9342712979948,3263.3216672020003,0.0,7774.283714480535,30.36829575968959,32.92907866523694,0.0001039999770000577,0,152,0,0,0,0
tune-structured-2048,tune,structured,2048,13,separate_seed,fixed_2,256,120,120,61,238,136,3058.2751229295172,621.9292635887268,2641.6526780508357,43.25505525932023,6365.112119828399,24.863719218079684,40.21924440301951,6.312498589977622e-05,0,0,120,0,0,0
tune-structured-2048,tune,structured,2048,13,separate_seed,fixed_3,256,103,103,65,306,153,2618.0446309849635,635.3677718578447,2451.2843720764463,67.30852993322439,5772.00530485248,22.54689572208,44.352003589598716,5.862500984221697e-05,0,0,0,103,0,0
tune-structured-2048,tune,structured,2048,13,separate_seed,fixed_4,256,101,101,77,398,155,2578.199841934653,724.9570411743721,2401.2335240421144,86.46544698288564,5790.855854134026,22.62053068021104,44.20762775803589,4.8124988097697496e-05,0,0,1,0,100,0
tune-structured-2048,tune,structured,2048,13,separate_seed,fixed_5,256,90,89,68,440,166,2319.6349594105936,736.055775842411,2264.976402989713,75.75072523534399,5396.417863478061,21.079757279211176,47.43887639475804,5.062500713393092e-05,1,0,0,0,0,89
tune-structured-2048,tune,structured,2048,13,separate_seed,candidate,256,234,20,9,45,22,5963.119747077062,113.25568595553278,460.1486223296883,4.519743266218047,6541.043798628498,25.55095233839257,39.13748445678917,0.0002560829743742943,214,3,11,2,2,2
tune-structured-2048,tune,structured,2048,14,separate_seed,ordinary,256,256,0,0,0,0,6588.724530727217,0.0,0.0,0.0,6588.724530727217,25.73720519815319,38.85425757384708,9.787501767277718e-05,256,0,0,0,0,0
tune-structured-2048,tune,structured,2048,14,separate_seed,default,256,110,77,58,380,146,2807.2068348716357,634.554095093717,1985.6031057953223,63.47443115664299,5490.8384669173165,21.448587761395768,46.62311622212487,0.00014370802091434598,33,0,0,0,0,77
tune-structured-2048,tune,structured,2048,14,separate_seed,existing_cost_gate,256,114,69,49,340,142,2915.882396603165,572.4121984850594,1736.771635702607,46.97904830291847,5272.045279093749,20.593926871459956,48.55800480605996,0.00015129201347008348,45,0,0,0,0,69
tune-structured-2048,tune,structured,2048,14,separate_seed,fixed_1,256,152,152,48,150,104,3915.304054598671,642.4180572234292,3285.82556316142,0.0,7843.547674983523,30.63885810540439,32.6382920851613,6.587500683963299e-05,0,152,0,0,0,0
tune-structured-2048,tune,structured,2048,14,separate_seed,fixed_2,256,115,114,54,226,141,2936.3659105282422,591.4514721750041,2776.531990608354,49.96105932407596,6354.310432635679,24.82152512748312,40.28761306422588,4.887505201622844e-05,1,0,114,0,0,0
tune-structured-2048,tune,structured,2048,14,separate_seed,fixed_3,256,102,102,62,301,154,2591.84721761197,626.7729353526224,2512.187609929702,65.57976571921867,5796.387528613515,22.642138783646544,44.16543903185761,4.458398325368762e-05,0,1,0,101,0,0
tune-structured-2048,tune,structured,2048,14,separate_seed,fixed_4,256,96,95,68,372,160,2431.8395863802675,677.9012505840824,2334.7130972623536,74.78699399464041,5519.240928221343,21.55953487586462,46.38318988595046,4.0624989196658134e-05,1,0,0,0,95,0
tune-structured-2048,tune,structured,2048,14,separate_seed,fixed_5,256,90,89,68,440,166,2281.7146778043366,724.0561891789523,2386.2806873577606,81.46629046118785,5473.517844802239,21.380929081258746,46.77065230418545,3.654201282188296e-05,1,0,0,0,0,89
tune-structured-2048,tune,structured,2048,14,separate_seed,candidate,256,163,35,15,119,93,4176.817648088644,241.13381717926666,1028.0289741526012,11.939721859756492,5457.920161280269,21.32000063000105,46.90431381098654,0.00016704096924513578,128,3,2,2,26,2
tune-structured-2048,tune,structured,2048,15,separate_seed,ordinary,256,256,0,0,0,0,6544.397045064997,0.0,0.0,0.0,6544.397045064997,25.564050957285144,39.117431023388875,0.0001005829544737935,256,0,0,0,0,0
tune-structured-2048,tune,structured,2048,15,separate_seed,default,256,123,84,66,415,133,3122.373099450882,678.7044448070727,1742.4013306950571,53.475819263356286,5596.954694216369,21.86310427428269,45.739158879477515,0.00016366702038794756,39,0,0,0,0,84
tune-structured-2048,tune,structured,2048,15,separate_seed,existing_cost_gate,256,134,77,62,380,122,3397.787212302268,626.763532105721,1710.1855522136323,58.71342161638002,5793.449718238005,22.630662961867205,44.18783496024865,0.00018212501890957355,57,0,0,0,0,77
tune-structured-2048,tune,structured,2048,15,separate_seed,fixed_1,256,157,157,58,156,99,3990.8097807838753,655.0240199418779,3097.9671962794964,0.0,7743.800997005249,30.249222644551754,33.05870077226966,6.437499541789293e-05,0,157,0,0,0,0
tune-structured-2048,tune,structured,2048,15,separate_seed,fixed_2,256,130,130,77,254,126,3310.8069942487623,673.4307245267343,2488.422943650609,47.08515720788607,6519.745819633989,25.46775710794527,39.265334428999495,5.05829812027514e-05,0,0,130,0,0,0
tune-structured-2048,tune,structured,2048,15,separate_seed,fixed_3,256,117,117,80,346,139,2999.511945002303,726.2615530966478,2320.7541358137405,59.498672507876044,6106.026306420567,23.85166525945534,41.9257938228685,4.5041029807180166e-05,0,1,0,116,0,0
tune-structured-2048,tune,structured,2048,15,separate_seed,fixed_4,256,113,113,89,446,143,2893.461082946294,813.4729882269322,2298.2978186014575,78.78785371837056,6084.019743493056,23.76570212301975,42.07744399149848,4.650000482797623e-05,0,0,1,0,112,0
tune-structured-2048,tune,structured,2048,15,separate_seed,fixed_5,256,107,107,88,530,149,2719.8380828100735,873.8911094593601,2218.295579829746,77.89555353500288,5889.920325634183,23.00750127200853,43.464085394471915,4.1834020521491766e-05,0,0,0,0,0,107
tune-structured-2048,tune,structured,2048,15,separate_seed,candidate,256,161,37,17,137,95,4092.124082806075,253.86495307753924,1243.9924242198024,26.171653222801112,5616.1531133262215,21.938098098930553,45.582802825042904,0.00016024999786168337,124,3,2,2,25,5
tune-structured-2048,tune,structured,2048,16,separate_seed,ordinary,256,256,0,0,0,0,6591.551862704493,0.0,0.0,0.0,6591.551862704493,25.748249463689426,38.83759171318482,9.258300997316837e-05,256,0,0,0,0,0
tune-structured-2048,tune,structured,2048,16,separate_seed,default,256,113,80,62,390,143,2920.9725338454186,662.6990583209927,1999.5972310544971,66.80935276980529,5650.078175990715,22.07061787496373,45.309107595685894,0.00015124998753890395,33,0,0,0,0,80
tune-structured-2048,tune,structured,2048,16,separate_seed,existing_cost_gate,256,116,65,47,310,140,2994.2142927245673,538.4890883068787,1805.2410347795112,56.17812755207132,5394.122543363031,21.07079118501184,47.45906270056552,0.00014158303383737803,51,0,0,0,0,65
tune-structured-2048,tune,structured,2048,16,separate_seed,fixed_1,256,155,154,53,153,101,3994.9299581702526,651.4837794019575,3221.212531197003,0.0,7867.6262687692115,30.732915112379732,32.53840373890153,6.829202175140381e-05,1,154,0,0,0,0
tune-structured-2048,tune,structured,2048,16,separate_seed,fixed_2,256,119,119,60,231,137,3077.4723758198875,624.7295887377528,2774.865595456958,48.55617639878292,6525.62373641338,25.490717720364767,39.22996641248319,4.712503869086504e-05,0,1,118,0,0,0
tune-structured-2048,tune,structured,2048,16,separate_seed,fixed_3,256,111,110,74,318,145,2871.512886920055,690.4306237898645,2425.1249511412007,67.59920273216193,6054.667664583285,23.651045564778457,42.28142883836041,4.333403194323182e-05,1,0,0,110,0,0
tune-structured-2048,tune,structured,2048,16,separate_seed,fixed_4,256,99,99,71,384,157,2559.1683447830396,721.3628530727428,2349.87766388393,72.1309432711891,5702.5398050109,22.275546113323827,44.89227760848759,3.929098602384329e-05,0,0,0,0,99,0
tune-structured-2048,tune,structured,2048,16,separate_seed,fixed_5,256,96,96,76,456,160,2477.349820133065,791.4039420325751,2383.1514850166745,84.49956927391965,5736.404816456233,22.40783131428216,44.627254908092176,3.533298149704933e-05,0,1,0,0,0,95
tune-structured-2048,tune,structured,2048,16,separate_seed,candidate,256,161,34,13,125,95,4138.785494631059,238.9540928176431,1092.0926250323128,12.449065839114278,5482.281278320128,21.415161243438,46.69588935765863,0.00017374998424202204,127,3,2,2,22,5
tune-structured-2048,tune,structured,2048,17,separate_seed,ordinary,256,256,0,0,0,0,6624.075774608156,0.0,0.0,0.0,6624.075774608156,25.87529599456311,38.64690089767935,9.874999523162842e-05,256,0,0,0,0,0
tune-structured-2048,tune,structured,2048,17,separate_seed,default,256,121,78,60,375,135,3114.4801710483116,647.1297893065716,1883.9502541510544,59.910199304830975,5705.470413810771,22.286993803948324,44.86921873791888,0.00016245798906311393,43,0,0,0,0,78
tune-structured-2048,tune,structured,2048,17,separate_seed,existing_cost_gate,256,128,73,56,350,128,3300.750094080483,608.0732007978155,1731.4065812268536,53.165846431011616,5693.395722536166,22.2398270411569,44.964378461640266,0.00015412503853440285,55,0,0,0,0,73
tune-structured-2048,tune,structured,2048,17,separate_seed,fixed_1,256,157,157,58,154,99,4073.4998548357885,668.627824214615,3151.3688295886736,0.0,7893.496508639076,30.83397073687139,32.43176198530266,6.170797860249877e-05,0,157,0,0,0,0
tune-structured-2048,tune,structured,2048,17,separate_seed,fixed_2,256,127,127,71,247,129,3275.881132807802,665.3423536001274,2571.736467638621,42.53054590404902,6555.4904999506,25.60738476543203,39.05123499178729,5.0084025133401155e-05,0,1,126,0,0,0
tune-structured-2048,tune,structured,2048,17,separate_seed,fixed_3,256,112,112,75,331,144,2896.608207739852,701.0089281391107,2386.9581926046485,63.20141612664502,6047.776744610256,23.624127908633813,42.32960487970158,4.295795224606991e-05,0,1,0,111,0,0
tune-structured-2048,tune,structured,2048,17,separate_seed,fixed_4,256,104,103,77,408,152,2678.8026689313137,748.073636871441,2283.1631751241625,72.55531317912008,5782.5947941060385,22.588260914476713,44.27078311987731,4.0417013224214315e-05,1,0,0,0,103,0
tune-structured-2048,tune,structured,2048,17,separate_seed,fixed_5,256,102,102,83,489,154,2625.530040208946,837.4307561422518,2342.181480361925,83.85235833504369,5888.994635048169,23.00388529315691,43.470917510507476,3.679195651784539e-05,0,1,0,1,0,100
tune-structured-2048,tune,structured,2048,17,separate_seed,candidate,256,166,35,19,145,90,4293.915435737559,258.02273314110784,1098.765362160328,24.053663170586166,5674.757194209585,22.16702028988119,45.11206228545207,0.00015824998263269663,131,3,3,3,3,23
tune-structured-2048,tune,structured,2048,18,separate_seed,ordinary,256,256,0,0,0,0,6577.5570976279105,0.0,0.0,0.0,6577.5570976279105,25.693582412609025,38.9202246670458,0.00010254199150949717,256,0,0,0,0,0
tune-structured-2048,tune,structured,2048,18,separate_seed,default,256,105,76,56,380,151,2701.4081497767042,624.1557810959818,1998.4711582459024,63.35102360364606,5387.386112722237,21.04447700282124,47.51840589176624,0.0001403329661116004,29,0,0,0,0,76
tune-structured-2048,tune,structured,2048,18,separate_seed,existing_cost_gate,256,107,66,46,330,149,2756.1437591879344,539.3291289831719,1982.7589675710808,62.462154711764576,5340.694010453952,20.86208597833575,47.93384520792652,0.00014175003161653876,41,0,0,0,0,66
tune-structured-2048,tune,structured,2048,18,separate_seed,fixed_1,256,150,150,44,150,106,3832.4905381849535,629.1119648564726,3334.751250744445,0.0,7796.35375378587,30.454506850726055,32.83586251787096,8.062500273808837e-05,0,150,0,0,0,0
tune-structured-2048,tune,structured,2048,18,separate_seed,fixed_2,256,118,118,57,235,138,3046.300391402891,618.7847049948521,2707.6771274750577,41.537077399319124,6414.299301272121,25.055856645594222,39.91082859966148,5.395803600549698e-05,0,1,117,0,0,0
tune-structured-2048,tune,structured,2048,18,separate_seed,fixed_3,256,104,104,67,311,152,2660.447647538025,644.7738403912385,2500.887256916476,72.65770422734064,5878.7664490730795,22.963931441691717,43.54655049110927,4.412501584738493e-05,0,0,1,103,0,0
tune-structured-2048,tune,structured,2048,18,separate_seed,fixed_4,256,95,95,67,379,161,2448.314424460231,689.3069496848422,2436.488319489941,77.78030980563969,5651.890003440656,22.077695325940063,45.29458284647382,4.0457991417497396e-05,0,0,0,1,94,0
tune-structured-2048,tune,structured,2048,18,separate_seed,fixed_5,256,89,88,67,440,167,2281.0854539588386,726.2779956831276,2346.129033426137,80.49265849332973,5433.985141561436,21.22650445922436,47.110912770445914,3.316602669656277e-05,1,0,0,0,0,88
tune-structured-2048,tune,structured,2048,18,separate_seed,candidate,256,157,36,16,143,99,4033.371793891054,256.79201813360874,1113.3977242641533,16.502087960279226,5420.063624249096,21.172123532223033,47.23191787909438,0.00015066697960719466,121,3,2,5,9,17
tune-structured-2048,tune,structured,2048,19,separate_seed,ordinary,256,256,0,0,0,0,6571.98471997022,0.0,0.0,0.0,6571.98471997022,25.67181531238367,38.95322507706013,9.32500115595758e-05,256,0,0,0,0,0
tune-structured-2048,tune,structured,2048,19,separate_seed,default,256,101,75,53,370,155,2587.079776761702,614.1789122207864,1961.0753334169442,56.4643435733383,5218.7983659727715,20.38593111708114,49.053437601489364,0.0001343749463558197,26,0,0,0,0,75
tune-structured-2048,tune,structured,2048,19,separate_seed,existing_cost_gate,256,105,67,45,330,151,2685.5060662706983,547.7843112240531,1876.4924947724596,51.728101277324,5161.510973544538,20.16215224040835,49.59787963488499,0.0001360420137643814,38,0,0,0,0,67
tune-structured-2048,tune,structured,2048,19,separate_seed,fixed_1,256,152,152,48,151,104,3890.565411467471,638.4362485311952,3256.9318711843152,0.0,7785.933531182976,30.4138028561835,32.879808050596594,6.187497638165951e-05,0,152,0,0,0,0
tune-structured-2048,tune,structured,2048,19,separate_seed,fixed_2,256,117,117,56,232,139,2991.5717576108987,608.4863186886274,2662.0776603434947,40.99228673449502,6303.128023377514,24.621593841318415,40.61475493604572,4.6250002924352884e-05,0,0,117,0,0,0
tune-structured-2048,tune,structured,2048,19,separate_seed,fixed_3,256,100,100,59,300,156,2556.3815042539427,620.3724354702417,2369.891682281631,54.31752230916359,5600.963144314978,21.878762282480384,45.70642466373699,5.004199920222163e-05,0,0,0,100,0,0
tune-structured-2048,tune,structured,2048,19,separate_seed,fixed_4,256,96,96,68,383,160,2458.567655167849,691.9497483010841,2305.30947994091,71.28262411796425,5527.109507527807,21.590271513780497,46.317157214152054,3.8707978092134e-05,0,0,0,1,95,0
tune-structured-2048,tune,structured,2048,19,separate_seed,fixed_5,256,87,87,64,428,169,2231.382518535205,714.6091371423947,2271.3369132119205,71.28844229426093,5288.617011183781,20.658660199936644,48.4058496689474,4.0375045500695705e-05,0,0,0,1,0,86
tune-structured-2048,tune,structured,2048,19,separate_seed,candidate,256,158,40,19,141,98,4056.720552625515,266.06836260154125,1225.0640129173075,23.346435372970063,5571.199363517334,21.762497513739586,45.950608351300566,0.00015666696708649397,118,3,5,2,28,2
